dist_fx,dist_fy,dist_fz,dist_mx,dist_my,dist_mz
0.0,0.0,0.0,0.0,0.0,0.0
-3.3529685144652164,-0.24006909967614148,6.669933154230721,0.24690084691572597,-0.12222354369319237,0.3532851318942591
0.607781647815249,0.27696599391964694,-0.38541995859201983,-0.06002686537464637,0.10316017678144712,-0.1112588829162149
-3.703706401816161,-0.5256834103228101,-10.131206269955161,0.22519100156592708,-0.49700882521355644,0.9777802115840797
0.6103370278182708,0.9275561408763121,-21.49881580664393,-0.05846717222437342,0.42012929484124223,2.155868369615714
-0.26989775407744165,-1.3406650834456337,-33.8538970650571,0.23108665770409384,0.982371464753011,3.360311177087266
3.553092362395964,2.227425614273962,-46.924710568428765,-0.08512535402416355,1.6082125678099812,4.512448263854236
0.282127637870379,-1.5616922243654778,-60.32698659120522,0.19492292041268852,2.2150656075652035,5.683941586176416
4.33879218299136,2.3300034673101297,-73.7860569875869,-0.10952046790683422,2.734520595876263,6.653028633723495
1.117805453253084,-1.4656875737443735,-87.39231018651975,0.17442778766773612,3.284984219196709,7.555631978976209
5.267748280658305,2.4519557999785446,-101.05725866127676,-0.13109697262369632,2.7303910935809887,8.367909102503758
2.58584169040185,-1.3341388886271464,-114.78032826137772,0.15691024862327818,2.1016540052338697,7.643768373119616
6.784039099135827,2.604452994334553,-128.62284135230504,-0.14382917322719158,2.6198851806605545,8.397011932197634
5.760261708495869,-1.1429827084531683,-142.65206253423747,0.1471549201039248,3.136659374629328,9.225153872172088
9.585745869757533,2.8042567462719084,-156.7880975334086,-0.1521534499539711,2.336786357508092,8.391884077346594
6.119884577260953,-0.9903566148207167,-170.81278205928078,0.1403619995476268,1.462506113163437,7.365190182835767
10.533294259804002,2.9669242578745045,-184.9405766554003,-0.15787200452094036,0.7590301467081353,6.7530982345054715
8.582377142783177,-0.8095253781766257,-199.01811218177852,0.1356306816519758,0.32411523483278276,7.727573668341497
12.858770310659906,3.1623122778326094,-213.2562098173487,-0.16184010189928832,-0.12461017076201587,8.551538122909923
10.873497940990084,-0.6113629712391894,-227.45210468931808,0.13238732599874972,-0.617029095092522,9.464873489066342
15.073395309712708,3.3408256097711906,-241.71196480527104,-0.16448812356429499,-1.1554208987967107,10.24483756344424
14.940071743825266,-0.40553719715276115,-256.06311892815734,0.1302983911980143,-1.632027290495826,9.525055123522277
18.611945964882032,3.533566254379938,-270.44692419687397,-0.16610184208427078,-2.1877572043668856,8.886753834238544
16.76737952592966,-0.24393776977864717,-284.82947933437225,0.1291171920593037,-2.772327637187046,8.364610630155818
20.308026179669636,3.633540902569435,-298.9824095171527,-0.1669170319324341,-2.238211485483143,9.252725805124088
17.238672398051722,-0.18485476243209953,-312.9944072961584,0.12862140184469717,-1.5962477369269636,10.079686799858468
21.643867680724654,3.7294319312927597,-326.9902233572168,-0.16714503355689,-1.9287376508091452,9.464050290666172
19.450139952016894,-0.10632008320902764,-340.8090027982267,0.12861967161641277,-2.7451234582743935,8.487543919720787
23.716666738918118,3.7878915055983566,-354.57494887013445,-0.16696094256964839,-3.541375842805493,7.555514403318336
20.342824518142823,-0.07913063619260477,-368.0510342145453,0.1289539783449797,-4.3700255119174285,6.413118339916783
24.77729187174164,3.786120912530766,-381.3831918947456,-0.16650651574952713,-5.066665739917795,5.381515036957695
20.767155188035407,-0.1384792217836031,-394.03127731311156,0.12950151861629203,-5.729139989198957,6.264386892455722
25.18195615763189,3.6964612127912417,-406.39134259227376,-0.16587043231439325,-6.549754168946684,7.054703959267148
25.499383572889048,-0.18194711215890053,-418.54233083609995,0.13018920014314175,-7.2859529586003005,6.128022837294381
29.26512164201497,3.6502423471967247,-430.547817420059,-0.16516282157413548,-6.7818438375728745,5.276749192802329
26.314130863767765,-0.2581178132016455,-442.17292754933106,0.13094623868475963,-7.306834907877957,5.707431304748199
30.16935428061377,3.523171696522225,-453.141241394437,-0.16439138382152324,-8.15000542642166,6.564054951059039
30.423341093096518,-0.38829811086626886,-463.9571585247412,0.13169976213461332,-8.860142975457169,5.795891052919849
34.0129528238705,3.3951094326652598,-474.5157207171042,-0.1636342746613495,-9.427346052390252,5.0999528819772575
31.213598753628997,-0.5448071795177879,-484.6221851333673,0.13245718722128114,-10.037206568030985,5.576299749055626
35.23335626970143,3.2085363807428555,-494.08409394087374,-0.16288032695045443,-10.760458190406899,6.196693932600861
33.420555568335764,-0.7469527269101771,-503.0899658170797,0.13320476290169436,-11.438662971997392,5.372279854419555
37.185732140358155,2.9865318867372928,-511.2172180502487,-0.16214139602338176,-11.997094798348574,5.74088232448172
34.220756401718354,-0.9856066677373124,-518.4462570015974,0.13393357196392086,-12.617009487672512,6.212543028622407
37.88822919172693,2.7316233752144683,-514.3591625395644,-0.16142396642342546,-13.374934485344252,7.037826385829354
37.31546977001408,-1.2579048166110574,-520.2822580419374,0.13463899888473332,-14.003142154018144,6.548348767491166
40.0913726144427,2.439610344894115,-516.0780399786194,-0.16073119109400583,-14.729682054870867,7.2448648638081545
37.61536224229595,-1.5574185112051961,-514.8181910503256,0.1353189833909711,-15.483606168350896,7.848021611261665
40.835159484399625,2.137628224320699,-508.4114333792107,-0.16006430135820657,-16.37935953475962,8.681152157180296
41.36997272277483,-1.883921758325763,-504.47408740958247,0.13749598021939805,-17.247498384863206,9.314064804491727
37.88182410683439,1.808466504639803,-497.9984511070203,-0.1580199395291269,-18.221759063802512,10.159768485935558
42.43352109599662,-2.2282523576714794,-502.437660233061,0.1393646666083056,-19.131017526084932,9.721960708674317
38.181983799907925,1.46276296284466,-495.70994621081115,-0.1561843448726617,-20.123885299878157,10.570654928994937
42.54922396653142,-2.582359144924119,-499.55122043645275,0.14154083898939282,-21.046889739281397,10.126683939027894
37.97047591086153,1.115316179592819,-492.7795842348092,-0.1539300123816778,-22.045741660678665,10.974329657477105
41.68657136839553,-2.9394978506544205,-498.5461278731991,0.14261261110288784,-22.905302431740438,10.209925088715087
36.89144129300934,0.7604564178692197,-492.3507669640282,-0.15294362511802426,-23.83893207402558,10.958370783976486
37.75589514855764,-3.285731702677578,-497.7775135199886,0.1441198589391096,-24.652247978609303,10.240481389754521
33.18004658242024,0.4295061108736271,-491.3614862108246,-0.15138135580042436,-25.554265898074732,11.03035576960574
30.416525847007666,-3.6022648629047898,-496.32950793070364,0.14444783660207824,-26.319201777878078,10.345429316158613
26.67371122066946,0.11336853627699389,-490.2242176898351,-0.15123387266000074,-27.155682118726528,11.093279868259943
27.1020843660646,-3.8915007613120345,-484.7378603964442,0.1467019733846766,-28.00371387475829,11.824657339174049
22.51693183455156,-0.14506290259321103,-478.3694856871154,-0.14863789042654926,-28.923724150424196,12.647178427330816
19.53081177025954,-4.156203596239098,-474.22654466210565,0.14949234146955193,-29.803465743083503,13.263200222053397
15.396190115049269,-0.3777883568076758,-467.92837405451405,-0.14559085131670554,-30.759497673042922,13.920834767250733
11.886998185165043,-4.365867418294856,-463.7231563163666,0.15266603313751292,-31.646360847033502,13.710980726407545
7.678254344410637,-0.5725827853443366,-458.19972191198787,-0.1422424392999565,-32.5773354248159,14.444984774829738
3.682539594740835,-4.544725022349248,-463.1470349572576,0.1560782831431703,-33.44871465746813,13.925367261905071
-0.70519369253249,-0.7151827784993795,-457.28050106111795,-0.13872312410164625,-34.35927121928514,14.66167808665156
-5.111085028785417,-4.653352049219911,-461.93284232561615,0.15961081054925103,-35.19746961132823,14.122798308306896
-9.738714564738878,-0.7811189141579169,-456.01930991785105,-0.1351419577599008,-36.07351895499238,14.849751741192131
-14.617509422096488,-4.6255410560797685,-451.68313544488234,0.16086621201076265,-36.84359544760671,15.30909952823808
-19.98326187475479,-0.7892368933848976,-458.68996684826504,-0.13498778762525443,-36.232333602003045,14.291258930782933
-25.568337919513198,-4.646203006228467,-466.20716499875135,0.1602954546883377,-35.40180037605719,13.231147238435279
-31.21248558806685,-0.7604321308100362,-473.7698112447153,-0.1360223867556767,-34.491850242470925,12.051633765324285
-36.87944992789218,-4.571195546194913,-481.2774495293723,0.1589917245746275,-33.52788025680265,10.856132770856869
-41.86563510897479,-0.6057976689443313,-478.38131380219176,-0.13744261316975645,-32.716948291209036,9.662251574018379
-46.924149300300655,-4.369326075471461,-483.00551586530486,0.15756007027480923,-31.923861638792282,8.583907771647509
-50.759948629382045,-0.3843785192417173,-475.75177168825167,-0.13880885963045672,-32.58262251013829,7.640981071078293
-56.21822991699692,-4.167345653067237,-481.9450074446246,0.15631393538787194,-31.78086782263296,6.671140990699812
-61.222695668087795,-0.20428714929806374,-485.7508247456758,-0.13990176478052901,-31.042942019013182,5.5392132719461324
-66.72519079121145,-3.9690199056076714,-492.6263647749492,0.15540012606659154,-30.129196981830432,4.448405433357924
-70.71722901575058,0.014070237504679268,-486.8311623626275,-0.14062684615020496,-29.441393767672345,3.4802121737203247
-75.94727048496797,-3.7380043216897025,-493.6732927197317,0.15487099308047483,-28.556583119109664,2.570379176986495
-76.3959831232344,0.24500713521879794,-487.5436829849075,-0.14096649670632805,-28.01893080108508,1.8000465784072692
-81.88941546660371,-3.497806351006572,-494.22369371317643,0.15471011624335784,-27.184276822556377,1.1208965619812035
-87.21241402834008,0.4653389527499477,-501.0993068171406,-0.1409656666883226,-26.27511755798751,0.40981739698699554
-83.3650445248473,-3.2455914331297904,-494.21205983643114,0.15485270638580576,-26.632865434187963,-0.48310988647764913
-89.17627416389428,0.7186603852364968,-500.1600500585219,-0.14071756556358908,-25.821124959891367,-1.1933884397519114
-94.88006142302451,-3.00794162052935,-506.9902230358611,0.15515936316458928,-24.89672598917304,-0.758784068418494
-99.00967062323,0.9681501344767007,-502.4630531613266,-0.1403896760475835,-24.10238474397726,-1.65625245376341
-103.94037014279219,-2.7495125867267416,-509.1500150913535,0.15547894419481037,-23.19698723961298,-2.3148494023880506
-105.31627052465102,1.2273469496531422,-505.7899576636402,-0.14010236987906327,-22.395318283952424,-3.1820128413320843
-110.06922199261038,-2.4840082820622804,-511.79322306408,0.15571557197345393,-21.538288688676225,-3.8551002650906856
-114.86822014198766,1.4992249905860802,-518.3434028335028,-0.13993019827494185,-20.607074205352184,-3.161174717189132
-110.8942165052714,-2.21654799011334,-512.5815049496465,0.15581447508463295,-19.8518852455556,-2.2342060917071387
-116.37027061928022,1.7715220466180572,-518.6816223540442,-0.13990977957661457,-18.99370552600355,-1.3889785024112138
-121.48339228414184,-1.9279314636102372,-525.0811504904709,0.1557547917110601,-18.0746562617037,-0.6508655401418834
-123.42915578566274,2.051155444525229,-522.0850111991101,-0.14004845457993528,-17.23289666480917,-1.4429013153337675
-128.0364335099691,-1.6468725892727203,-528.2006871120059,0.15554023430488598,-16.334972504714813,-1.8550093040609825
-124.69567370902693,2.329715144130364,-523.5585277239138,-0.14033376287900262,-15.539101355720737,-2.1516663149630766
-125.70917478661016,-1.3947830863324309,-517.2651973860527,0.1551899184913895,-15.942347563505718,-3.054566100640659
-130.5657963599532,2.597866918269413,-522.7940645227401,-0.14074192338746824,-15.229402160109641,-3.629658259519841
-134.44318897860003,-1.1080910576134657,-527.5512494521802,0.15473073212741598,-14.511184475346866,-2.8000557159281425
-136.94715635581576,2.8729573876128973,-531.434221266471,-0.14124442894025757,-13.793049502157993,-2.085051728572668
-133.3995352807925,-0.8522182877597655,-525.8148603571503,0.15419176502714335,-13.324283623333905,-1.1713924834143554
-138.54779979072867,3.1341176015627927,-531.4398657041116,-0.141812574402274,-12.634108746968145,-0.3699123297005088
-142.9886361989392,-0.5739791203738206,-537.1231244855762,0.15360072763254667,-11.867396001082424,0.2698811723334928
-138.13249347713614,3.3691496725480756,-530.44633075482,-0.1424201727306013,-12.472736412722625,0.9432340775763535
-143.06619077426146,-0.34644306442408906,-534.5091404598526,0.15298198456058104,-11.869082903373316,0.5082095462909262
-145.87495713188017,3.6177511156735735,-532.0445542367635,-0.14304489031526002,-11.29159503523794,-0.17224109214530717
-141.28236966969848,-0.14622076800206268,-525.866694305822,0.15235574535878035,-11.996860747785645,-1.053345049866162
-146.25858478744146,3.826785026860822,-531.0204477700356,-0.14366864491184111,-11.557813881128427,-1.7170779703659313
-150.38869382986968,0.09677839922775736,-536.4639607878405,0.15173799526257792,-10.895526439583078,-1.1539196368390565
-145.81151438272013,4.025881807035983,-530.4981664553305,-0.14427743797050788,-11.477771593172065,-2.0116443806719717
-150.65919619118887,0.2855118945287285,-535.6037985095942,0.1511408408422096,-10.876180337619369,-2.5610096751008324
-154.44677669795743,4.240446759256407,-540.8073800728752,-0.14486081670917272,-10.173823932759639,-1.8973599957861715
-149.63045458015654,0.44694286641170095,-534.5029860109723,0.15057347522116793,-10.74943698133881,-2.3664136604957187
-154.2799814697246,4.398150103266424,-538.9126522886207,-0.14541056514377304,-10.157341036170267,-1.7081502104357513
-154.30082365346038,0.6296446545641665,-540.8122057670361,0.15004285371188444,-9.551258182612937,-0.9964586853430455
-158.33579823595912,4.569988576644151,-545.6394496732743,-0.14592121564087296,-8.862681850146547,-0.416901744835472
-153.36272126317357,0.75277111857953,-539.0687532959611,0.14955311478229577,-9.494781751380064,0.4844929795691038
-157.81015127449072,4.689035241481765,-540.9109568940202,-0.146389706310872,-8.988473238990531,1.2114137397200404
-153.58600119353477,0.8820016060770781,-535.5139518362021,0.14910637014681324,-9.554755833805473,0.40999139309867866
-158.2890765464777,4.8101880763462015,-540.72196119772,-0.1468147384877063,-8.980796218387702,-0.2236327317723654
-160.76993931332768,1.0233107343270933,-545.6579460120107,0.14870320913593235,-8.315052536061568,0.14856949219613164
-156.1091841548376,4.902449932310282,-539.4821055999382,-0.14719632545259437,-8.893522245471475,-0.7194658092594146
-160.61154143237567,1.1073972256167288,-543.6341846214418,0.14834309931481043,-8.343804707601445,-1.3821231707197914
-156.76341070481294,4.999547117885424,-538.826424865338,-0.14753543735480973,-8.585392804114031,-0.6327084564556981
-161.37256090817144,1.1955351841122266,-544.0918642589957,0.14802469919418074,-7.969372167728593,-0.04158662432026976
-162.26919479891401,5.098439414621839,-548.8446685758086,-0.1478337257568657,-7.295668278030249,-0.3699835905345753
-159.01040721301516,1.2656967787329978,-544.046888575499,0.14774609955900464,-6.7578167780802,-1.026142573025032
-155.6600204201106,5.121247493197911,-538.1096944828237,-0.1480933118971622,-7.445237289525592,-0.1472022209064261
-151.44817161957968,1.2390056410345283,-531.0715472538358,0.14750500840267552,-6.783386361031654,0.8786610787992957
-155.29963312507428,5.106591146055408,-524.8168464918973,-0.14831662470119586,-6.045326885745814,1.875503231562577
-149.62266754813945,1.1924217087319577,-516.9885915377582,0.1472988925133083,-5.303509907440976,3.0157275433677415
-144.34498417958088,5.000273584844187,-508.63619821994433,-0.14850627688143964,-4.464421271862154,4.2213080194871635
-138.5379390390611,1.0524517353807923,-499.24922797082803,0.14712508483678066,-3.6319113588038947,5.541478368524104
-140.68757665522597,4.920935927940419,-490.6972528231617,-0.14866497178393248,-2.6883869869346864,6.6152308528773665
-134.98527891214542,0.9843849445495245,-481.4425457705451,0.14698086577588718,-1.7776451669697828,7.825987234677595
-139.3374701884571,4.867364043335345,-473.4785936182417,-0.14879543197198097,-0.8193759924334396,8.696963842617071
-133.44569790329965,0.9228523948525502,-464.5558092246833,0.14686352542733197,0.10708667430659917,9.818987103613125
-138.0526478874225,4.839446010750182,-457.5130058666748,-0.14933343439127153,1.0517393906992063,10.249349452466387
-132.18466631387474,0.8865305943995656,-449.1483081672146,0.146281327824531,1.9830250085500394,11.30246079841636
-135.41391475167003,4.793322802328167,-442.1391034935271,-0.15059915743917854,3.0011720783159417,12.230817061253298
-129.4387078564579,0.8102470096242065,-433.80853498802446,0.1448382005560359,4.001209242821156,13.354033940554103
-133.50837859744618,4.682319603182717,-427.9534562735601,-0.152358931378348,5.0285387135262996,14.16217932672034
-127.33936713625539,0.6133297530154731,-420.0670565701679,0.14375991449966227,6.025328024504032,15.239053894376548
-121.3221867259863,4.21784683824144,-411.74709381861953,-0.1518252998586158,6.883263104925024,16.388871832774115
-115.86401874022786,0.27880703894508635,-403.2980627340597,0.14213152820958788,7.381695912417732,17.57223538183678
-110.69230480423997,3.9443341290041896,-394.726753198388,-0.15459790296969989,7.785141466974787,18.790437817283433
-105.5346325877279,-0.024002982125953913,-385.7734886438047,0.138141497590572,7.161755098265389,20.054126611791926
-106.87177301618483,3.5103561278234054,-378.08390014314926,-0.15933196666005126,8.037902291822006,21.196034991036754
-102.58828296135398,-0.5233673333618065,-371.18055485905097,0.13394493384648815,8.765877139459596,22.27480187540564
-101.54789841303986,2.8656723392053993,-367.07187169520626,-0.16320142079733352,9.699935514159632,23.181651850095616
-97.03154083095474,-1.2080324104463984,-362.0355758938204,0.13041407401733607,10.43232353917555,24.065834581144088
-92.06493657965238,2.109956546891701,-355.9983252418119,-0.16618509955472968,11.171414506720138,24.967247618680197
-87.60769725553259,-2.018739541735538,-350.4084455614715,0.12760292166440257,10.524078744323857,25.82777148077066
-82.37904186082012,0.5227832660518483,-343.98621175386154,-0.16762443830607007,9.93330224137303,26.74999977508034
-77.74274009087264,-3.4313854891113613,-338.01064081843236,0.12597475061283253,9.097230073662281,27.62456739720015
-72.84229519216943,-1.084991143675627,-332.64069946699624,-0.16941358816712798,8.411553274127524,28.435522110339896
-68.1294365609943,-5.030232129588629,-327.19705637487255,0.12597653891654856,7.573836312527658,29.183920804570135
-64.6947926878285,-1.6981778628553714,-331.66447418667207,-0.17079363150801383,6.758719664871594,28.72510134271288
-60.045241060838954,-5.974963919676864,-326.33323985852195,0.12593522666127374,6.092064732559081,29.410335820148504
-55.773472015324,-3.081607607197855,-321.2678790031702,-0.16937451865803807,5.279043613946947,30.00646484646505
-52.509175954635005,-7.288179649423265,-326.3996963076141,0.12722596593025565,4.500694943555731,29.423940193159126
-48.19894415034547,-3.787672577650213,-319.78910860972104,-0.16855889585326433,3.7464870249350968,30.243319250888923
-44.790149511099315,-8.204763908083983,-323.5889476361789,0.12907853265052396,3.0046015772802126,29.751589346479072
-44.51601936063696,-4.768539302458413,-317.7415129495499,-0.16699469658612412,2.2215699675669973,30.493681144325464
-40.30306253043073,-9.0164697289077,-312.9504623318048,0.12888659054779303,1.7293163008446089,31.054438676017007
-39.929113242226904,-7.421210166385611,-318.4621212747225,-0.1659763286526823,1.0695482074201579,30.39465124391375
-36.2077542942733,-10.832462191525382,-312.6739829367886,0.1281741230663658,0.4053216110106956,31.13688389097373
-32.774704187830125,-8.366931685893993,-308.89857730090125,-0.16778193435924932,1.0206062930688087,31.5952909908072
-34.87691308451985,-12.356683386729102,-314.0394332852843,0.12711756273722755,0.38554481615889574,30.963676053267456
-30.15635209227863,-8.78737154656127,-308.11419122306506,-0.16911525633041868,-0.031682924215314996,31.679360039320407
-28.44426620894788,-13.152725028735219,-313.252842928705,0.12678289743572857,-0.662746841285254,31.06106919044566
-24.645624361995853,-9.576771265789704,-306.95794484916206,-0.16927205795885486,-1.1956051864796198,31.820595543767656
-28.424533130982333,-14.4110545641827,-314.9539275233062,0.1267974515914154,-2.041391133750878,30.797425511089802
-23.623299784275435,-11.192183831924547,-319.84162512452394,-0.16915377277460697,-2.8073207034869205,30.070155725436877
-25.25706931622318,-15.596349559737316,-326.0268200366697,0.12584969775070248,-3.5634635543949864,29.232638767055494
-20.45662258913777,-13.456398521866731,-321.26880273559664,-0.16909512274343994,-3.9591034379243557,29.747868844112034
-19.908741901990474,-17.818794702147343,-328.147435003039,0.12728146239967217,-4.857568046563768,28.847992564221713
-16.118941745013224,-16.177562489641268,-334.150327441014,-0.16772353772379905,-5.567823868853057,28.097176949147176
-14.8788606574172,-18.69721351778981,-327.6156473276563,0.12803070171703712,-6.082598274022809,28.913398572397913
-11.324069527775707,-19.06727084949627,-329.76915919811245,-0.1662770767697199,-5.531510946600859,28.454785684733324
-14.804473827759034,-19.22028548784736,-324.67768768619237,0.1297184803849224,-5.124240561368345,29.1550227205668
-9.946614636053356,-22.532730721633072,-321.5244524014118,-0.16469917066322726,-4.353414797553368,29.7532004793652
-11.274935406243877,-19.00365730550581,-325.7483477747139,0.13096203262859205,-4.6841056075786085,29.315401813961884
-6.700195695686858,-23.295714923126805,-321.3337201844125,-0.1638787443514181,-3.90850332088463,29.894707699885185
-9.378684188334859,-19.704967685775348,-319.6984938049055,0.13161426071734714,-3.4195703722592534,30.371043897672674
-4.700479784589333,-23.991271026135806,-316.2365682637846,-0.16393659305384897,-2.6594533089188737,30.162894410627718
-5.501111984317844,-20.708301634274626,-320.30875837927965,0.13147371853276696,-2.2161214928152324,30.192103196612912
-1.0179182447681998,-25.00966710536167,-315.3453417552814,-0.16332687135160323,-1.5345615126046386,30.784380401519613
-3.2864641430113695,-23.734809432794222,-321.0444068053921,0.1323335830550866,-2.2724143704483724,30.05212610668876
1.4184090807773724,-27.66402934747504,-321.2782833609169,-0.16265880835266516,-1.6842688457660215,29.642610056885456
-1.1715708279965753,-23.834492377252893,-316.0939205987521,0.1329447246296216,-2.217510072506658,30.353419034699517
3.5379185935963555,-28.235268559745403,-314.9273283236063,-0.16240484750980066,-1.492579142193085,30.863690010475555
6.254595629583625,-27.444513318596954,-319.4968874295199,0.13485172406390739,-1.165826360763505,30.312781482816867
4.283514867500516,-27.766797424791154,-313.0566818715414,-0.15953932023138911,-1.5042189445559337,31.094708797068368
7.933686551493987,-30.597897309070042,-314.9081890444605,0.13642636905902492,-0.9273988760781954,30.62026827121283
9.056504064276814,-31.436015963322657,-320.08204096808333,-0.15932969242880826,-0.08317951538283501,29.93073920654464
8.504149258823524,-31.90358943792959,-323.777374229641,0.13577822289097835,0.5448897604016048,29.431853674496054
12.625420616545133,-32.89452911381844,-317.9802272339701,-0.1597613401952265,1.224497693659265,30.184149797216985
8.96352553140569,-32.4984496613689,-314.2219994945812,0.13560451186045452,0.5833483902975362,30.757594480193486
13.746743312144215,-36.19715000053407,-317.949760953974,-0.1597896296667614,1.2307552406011426,30.348182667117815
13.200025973823493,-32.55735713839865,-313.08758587591217,0.13699579852230248,0.6037258853841022,30.8765708973201
17.17370992954617,-37.064892557563155,-318.59788616716065,-0.1574573202622519,1.0977406235310476,30.229736040095155
13.222526212855815,-33.002939733968326,-312.5206829891152,0.1376784449372508,0.6648735349999724,31.0075986038248
17.887525824639997,-37.52725572811213,-313.75926734005236,-0.15822950788450538,1.3391269745825933,31.439434159360005
14.310651847208419,-33.731506481433506,-308.196923706809,0.13627806972673984,1.702563664994817,32.08545078445002
19.12780791617555,-38.251775152995855,-304.16066804113376,-0.15989700851900485,2.3650410607447276,32.14334233091296
18.274752441401514,-36.56624700497962,-308.66093903791375,0.13529373637685643,1.6953325195007416,31.59093777733109
22.76348878716533,-40.892547804527254,-307.0919043658756,-0.1602627020501577,2.299356678529974,31.182384140698478
20.231338038219057,-38.455771374501666,-310.97233273401616,0.13549105254809024,1.5953653349104426,31.29449534826185
24.968665241699703,-42.91907538330824,-307.41485404517675,-0.1596421525746656,2.156397023513628,30.84360897832824
23.517045380827774,-40.859845104514704,-311.57038723756165,0.1364338726783857,1.436737538970956,31.254831282794886
27.98705144237284,-45.18481409642539,-307.5055746571175,-0.15882433682363403,1.9536815430792513,30.77446466991822
29.95743589737408,-46.60608813685948,-312.78634697703654,0.13864614968881794,1.2765000682257168,30.357500510845192
26.57323741304027,-42.89167977091346,-306.3904893498512,-0.15620314885588688,0.6571963651496938,31.165458191080702
31.14849400415659,-47.70298144417688,-311.78168479113657,0.13960803760749296,0.045347158452515,30.49053564839369
34.9743756423331,-51.47939981318391,-316.58209446652006,-0.1554793306329828,0.7928852902480411,29.86263248492908
31.338655018874736,-47.990852324838,-312.65205626091443,0.14054706901882547,0.26263712681197166,30.366632865419845
36.44514810365214,-53.205232127397544,-319.56324185219324,-0.1560691218090235,1.2113310606730021,29.400442568771133
40.43858229781549,-57.357826948771326,-326.1002740748904,0.14019666222151408,2.0714079066910984,28.51274838885007
36.31579682735176,-52.9100923482019,-319.95790322564807,-0.1558348512801563,2.8566196987946433,29.2088689883682
40.99014756286702,-57.63329381822277,-324.6582434310525,0.1396879668754943,3.4697700256086956,28.602018329437694
41.541344293629834,-55.388546289511325,-318.5369576738386,-0.15533023161806947,4.074830937142693,29.395913289484785
42.78923812810853,-59.37524855640063,-313.6896284739653,0.1406286344568714,3.35195226593973,30.08174810409171
46.400320605588476,-59.29233666197638,-309.86380759656174,-0.15485122788176936,3.7634822782421824,30.627512838924517
47.6963293202797,-63.490163644337365,-314.99180925234384,0.14244512212525096,3.0572014577239677,30.067111987500713
44.01050745822233,-59.1210631076502,-308.44163849663414,-0.15278333194425495,2.383577060116991,30.882189871129086
49.093372104386034,-64.3324802816272,-313.93811299438187,0.14457197560483787,1.751741863535883,30.205326950960895
45.506143363716326,-60.61954198726866,-307.49809915878274,-0.15060012358172592,1.1671071868971734,30.992493230052876
50.45018047539194,-65.64147012078703,-307.35625021252935,0.1474250897528968,1.6685264464820284,30.481990141485824
54.490749073624066,-69.89444607289249,-312.2851575327014,-0.14399181901801217,0.9556824067721793,29.883344520018042
50.22164188977572,-65.81726695491514,-306.994467966593,0.15433568869729183,0.1861370632544957,30.582236357496047
54.64193185125942,-70.35337819400688,-303.87808198714583,-0.13888149378655415,0.5812154821050157,31.071907609590298
53.35298803589713,-71.9228524891593,-308.94536125661125,0.15984295624278302,-0.10498011568738731,30.5035651727568
49.90287220650312,-67.57820358190779,-302.4852048434254,-0.1343693103513694,-0.7123765953702224,31.304305259300243
54.42948199251787,-72.34071138095092,-307.0971653894389,0.16236450791681156,-1.2285145806293762,30.635235370603578
51.33938592607263,-71.31745859520856,-303.2002478858731,-0.131710600614138,-0.8348389621380728,31.165797305406617
51.46016686977682,-67.72317788358406,-297.2860531065796,0.16441525322223252,-1.1296835968627774,31.89765586413582
56.224547869264846,-73.25658305911222,-304.1465025668398,-0.12908981818136694,-1.7283830961401268,31.002981134684248
51.88957878999476,-71.51526208145546,-308.75804779986936,0.16740877959923067,-2.416284054481814,30.362780171799027
55.99635959404666,-75.55494537052064,-304.9104814478523,-0.12703174621099086,-1.7655085958250565,30.763454956931746
51.62532457173915,-71.51068315533435,-308.82919768421567,0.16876270319222486,-2.385935853410388,30.35647105684855
55.21976134201302,-75.49481574274124,-304.18460204185357,-0.12738834791358228,-1.710765458099499,30.88353312794645
51.088693723941766,-71.69880144132668,-306.44828317275227,0.16782581619478973,-2.109247209872055,30.360582103466697
55.9523851256665,-77.17357352479088,-313.9446047955223,-0.12899649749735997,-1.1986566821347924,29.390760431648186
51.79404514705494,-75.63434681037124,-319.9547289225392,0.16455388409604296,-0.28903611033530296,28.600734410136834
56.18580213548297,-80.33986885626031,-326.82575473311704,-0.1343278266172977,0.7268522138057769,27.713879518382573
51.74750721907693,-75.91763442593243,-322.0558561920219,0.15756916826930173,1.7238326590754958,28.27145271134451
56.594677569170344,-81.22588398026387,-328.9252671317203,-0.1396002194526942,2.712191362986488,27.432034046361597
52.097110125559375,-76.80273543601638,-322.9437800390858,0.15343666142356607,3.636333695238996,28.21886948442062
56.601907032175475,-81.70834702743653,-327.93383135934624,-0.14290491126667054,4.502580239263035,27.58746176271979
52.070766735862215,-77.13703919462482,-321.07051318514954,0.15089714874603405,5.273318966681818,28.45629488290852
56.71780760442388,-82.17690940503367,-324.03679129283256,-0.14486322412849867,5.9384874481170735,28.042069745710904
52.30389970036582,-77.77626782484934,-317.1719780358709,0.14945931938841656,6.321151379346591,28.910875053833543
57.177959310316574,-83.07963121716688,-321.83747066806853,-0.1458903057982394,5.7940961780461135,28.453309806461498
52.85328412725328,-79.00669271178835,-315.3550857830784,0.14800002088646066,5.148302260074923,29.299409549134506
57.33651365557861,-83.74598452211316,-309.76813914617924,-0.1481694327631053,5.704069552784597,30.039324941215607
57.16343243886667,-87.27620112784842,-311.63382823667604,0.14834070496796892,4.982241159155335,30.565480624383042
53.501132566224726,-82.58500108988298,-304.97182799173373,-0.1479909517027699,4.270383196352334,31.335273572311657
58.24956280120585,-87.50854228914444,-303.87312849731734,0.1474687705081046,3.5754770351220606,30.640207308216542
62.03999917116245,-92.03685885149302,-309.7995035037242,-0.14828998923358253,2.983992695730754,29.818671938581264
59.084583328238345,-92.34015184653512,-313.7190668055914,0.14873791039633866,2.454448414946246,29.26519620854447
60.321157624345446,-88.40471226990536,-307.14133124454463,-0.1462007279024507,2.0039396354815557,30.09188344582873
63.72805364524093,-93.28675766890731,-303.3427771571611,0.1513333296263357,1.3178189455008589,30.6772323135018
59.119189871021064,-88.74993323709604,-297.1253314923327,-0.14421334588413354,0.6871425908037068,31.448145727065853
63.56889663316712,-93.77175437371378,-302.5267310993894,0.15095853888910432,0.06399099279178354,30.724598511573497
60.32275105022412,-95.40608151154503,-297.66911196873576,-0.14408703315618993,0.6402584035259199,31.246311351722778
64.06450623292807,-94.60071156864707,-301.1196233405014,0.15112578831665766,-0.05752448310298646,30.749444187155696
62.730360394348615,-98.85841569024615,-296.92469498954495,-0.14388575033109807,0.5449364519378918,31.175403933191483
64.59684623140332,-95.35051408997555,-300.4189253059862,0.15147156243405982,-0.13527135408929017,30.693991246411297
65.95350892222102,-100.09288010876664,-296.36817989643004,-0.14335467701269725,0.47774078530609015,31.082099840494674
64.74009072231411,-101.10360651640872,-301.2798488513314,0.15204956339472656,-0.2569050007979689,30.444747427340726
68.46149726459592,-104.79340414337626,-300.92698089338586,-0.14346361345156722,0.2120716648935242,30.34514086375099
64.081732732513,-100.32421016348151,-295.05090434789855,0.15246319172241585,0.5044425478787643,31.099902736604836
67.49335519641595,-103.8574173275428,-289.6379727251572,-0.1427037782175283,0.060438170796597385,31.811211814494452
63.617993427641544,-100.14158317827233,-284.3714643601541,0.15471393926178031,0.5183884683198982,32.48555337668576
68.68164135919936,-105.77018009909891,-291.12538483664775,-0.13990899218008768,-0.38899055370280194,31.565425517843916
71.93369936192713,-110.56519597323907,-297.704102298747,0.15762003693414398,-1.2075261558519854,30.670086328499174
67.44056159137784,-106.15050922459234,-292.7083706619046,-0.1358160259948957,-1.906861602738316,31.066301076385628
68.91297303364652,-109.51420503269398,-295.77059574440415,0.16068741667511893,-2.70229443838991,30.601004306524814
67.2903250163126,-107.68896194022605,-291.71164950188046,-0.13349034668573853,-2.2600347423226106,31.061328693386294
68.50943979015399,-111.01462718892162,-295.30117845733787,0.16397016503245082,-2.908152465965537,30.591603829162768
64.74308744608985,-106.77218177380797,-290.326543163933,-0.12932198636222664,-3.394976870765001,31.27095217505052
61.80463998319198,-102.80851484942356,-284.96921626128665,0.16650335983337627,-3.845548487304716,32.00322942848134
65.81127404682472,-107.23979420188915,-288.7481707451355,-0.1285665811761633,-3.078621144576106,31.567088674565134
62.18073609530454,-105.58077318032574,-287.72834573754494,0.16941239421160778,-2.489454843162017,31.149494210657505
61.51963159364844,-101.71073883119853,-283.42360051674456,-0.12560515913741677,-2.9906352998075225,31.80373085103922
60.055184411581386,-105.03244016299313,-285.9857560688287,0.16909008618594984,-2.2840950784585163,31.400750992474663
64.28337070648456,-108.89820158434853,-291.8550686580262,-0.12571709669396738,-2.8260165768989696,30.542954838533603
59.58068911285955,-103.8340213424354,-287.52883068908704,0.16938386424749258,-3.4205029346661324,30.69375824864236
60.43857880081173,-101.0263124643801,-283.77981591605254,-0.12686333076644735,-2.656626332539892,30.097310597051926
57.866652969123784,-104.63078238058544,-289.1052299867329,0.16844561152650925,-2.150064440606858,30.174324956371386
58.57889036529945,-100.12673386292359,-284.62411776924176,-0.12677845181934913,-1.5759318907297066,30.877934816588958
54.37067220044422,-96.14871106694302,-280.31609116380275,0.16773243114420291,-1.9857928251143784,31.60949552792897
58.079744673738,-100.00990900072547,-284.24076838267945,-0.12827198798784534,-1.2854387616335192,32.180945981797294
53.85614903361955,-95.7256933836646,-284.43360596867154,0.1665233973040543,-1.7907957701933053,31.62049975942831
54.829011945800566,-94.5057042437977,-279.9781967948868,-0.13087323100909182,-1.3860914720850235,32.216854113802064
53.38138186460462,-98.03450629715067,-285.53760148559417,0.1628583726900499,-1.7427299018158238,31.512397883600183
55.92529650276675,-94.47721526858355,-290.4126195228446,-0.13267012949116325,-1.263809807354828,31.005383226552173
51.400641009791485,-90.78289544992664,-285.46535169274256,0.16156790236264085,-1.785872746726395,31.723711994983237
51.41386633747372,-90.52464807755726,-280.34956949480153,-0.13503200004384036,-0.9523345675548939,30.966745111730507
50.00119514302984,-90.84475554637689,-284.9646201009423,0.1593295443860046,-0.3080866383925563,30.384156940780777
52.50624851593539,-92.45454516600992,-289.16763046940406,-0.1358351248292053,0.2693462218809298,30.917175268411512
48.07985248365675,-87.84761377011893,-284.3330964593419,0.1587715392740992,-0.2265429198110162,31.58038292741369
51.5808435562759,-91.43303577300163,-288.1935733324448,-0.13723790022306906,0.5694136657423379,30.86692320760547
47.817673321373064,-88.19604944094915,-293.24701510774923,0.15962868761236096,1.103394464495938,30.28324703051049
46.25606044279005,-84.2221322511395,-287.90666764289114,-0.137014491919806,0.6018952438696865,31.050391765411604
46.29667025790741,-86.76135987718315,-284.4710104345517,0.1564510137415171,1.2901029823394425,31.557136811216708
48.26210197774584,-87.33788010879154,-290.3610227061122,-0.13935681091524996,0.8121378021786896,30.64025780634519
43.91233057972565,-82.75823446909308,-285.75089199625177,0.15438979527950364,0.24487819792396054,30.203566848328972
47.26581630208556,-85.22404563966302,-282.81233234996887,-0.14329248390028365,0.9840019551643663,29.699502906481047
43.734208896823496,-85.32549163287466,-288.5655231566231,0.151736834740979,1.3077686377481976,30.018555533150526
47.121416070012344,-82.35846516008127,-284.18367190713155,-0.14355661894285818,1.655886316311589,30.74075410677388
43.240919915461326,-86.15424758546023,-289.67766353997877,0.15278719265401394,0.9049477802976023,30.290023528369847
46.413108496487254,-81.85406945560868,-284.7577622440455,-0.14156055604472692,0.29311054194831404,31.051374030250646
42.41879149080089,-85.38536735770242,-288.9739096573609,0.15540071373514974,-0.4413071266352714,31.60217797209845
45.61816521295322,-81.01779001746691,-285.5439787850381,-0.1399973693165999,-1.1767876078241781,31.1498281865443
42.21414564329602,-85.3186884042036,-292.31278127731855,0.15489737363471773,-1.8881418865739241,30.360390147706845
44.903208721339674,-80.96411498463443,-296.94118253587243,-0.14061390639284113,-2.2331235656600628,30.893631445065104
40.85632627059695,-81.7352500073235,-298.76826996390685,0.15582309132324246,-2.8022855573610292,31.338308576722497
40.283447683412845,-77.08343188397271,-292.77135602766,-0.14088591647736032,-2.419988621843864,32.047784152032044
43.688496232041544,-81.39743006350506,-298.80170536935316,0.15343755262582345,-1.8489487440175176,31.229979431376275
47.694627330834635,-86.57439476139689,-307.26956112731034,-0.14207830868652385,-2.598057298558567,30.120036641081462
42.991767662900756,-81.7719923327055,-314.5858075242797,0.15259621028739154,-3.3703392454035037,29.15620649725702
45.23442364315136,-83.96112943737072,-321.0753457019625,-0.14350262397476787,-2.6935298935065637,28.292428174148004
41.22050176681912,-79.76525445847972,-326.3299377203992,0.15333983826913483,-3.0777291825345587,27.663811889902224
38.029210109943634,-75.24054986815042,-320.03860259413824,-0.14336444803107937,-3.4192930051256694,28.509649021095225
40.89248879851145,-76.00378101285592,-314.44375554825154,0.15180132173021985,-2.6531627236229087,29.25934301968881
36.43390884907681,-71.38504946384366,-308.3003280845408,-0.14492130046512947,-3.258345242922009,28.63228196881416
40.434098636921846,-75.5678320948595,-313.94700900284636,0.1515610799573987,-3.822122957946131,27.648688708161536
35.79292825092255,-70.46761973034238,-307.9057601019166,-0.14504910668085538,-4.181281577390487,27.93497925711253
38.71521022991421,-69.54058867321415,-304.8808226345757,0.14985930330142422,-3.4902973337766094,28.493143964426004
34.629804566591424,-67.82089850293957,-300.7455864682138,-0.1449754696044867,-2.785640256452651,29.197284297577923
38.040987465012385,-68.26640004342316,-300.7465105427841,0.15329219967978952,-2.186037600472788,29.910149289914376
34.01602735414971,-64.88960781817869,-306.0082447500213,-0.14099402368854963,-3.094957689354352,29.001989747331958
37.78582684532238,-68.5056225402033,-311.86574370413916,0.15711079836952152,-3.8762066983623464,28.197494198302216
33.085042831930075,-63.324966072020615,-305.7883920149078,-0.13810635318686007,-4.5499676286494095,28.98118491628012
32.4127910165896,-59.09770137177279,-300.24936368543376,0.15727777330659556,-3.8350347061181345,28.26067231633928
32.903256825358135,-61.5864941880652,-305.8758803139564,-0.13932400170274903,-3.5097841962682583,27.252031639029486
32.97138794445987,-58.16945011809821,-312.07762935397733,0.15762876773568957,-4.1162635249682,26.34825910639513
29.04311738329501,-54.06423320972289,-306.5846743425848,-0.13793873688845415,-4.734591816649016,26.945973392130107
30.9968917433047,-50.57038668204749,-301.7919837478614,0.15721669830206106,-3.9958734728429444,26.286760547024524
26.717778501554346,-46.52489502121847,-296.1614413416582,-0.13982125756572933,-3.2714955394356973,25.59148007525931
29.343128267884946,-45.33288540493464,-292.18223018636775,0.15407042442415797,-2.533763925126136,26.401872774107893
25.332929690667328,-43.15417064600742,-288.44167880962124,-0.14091461189146562,-3.0052306379480793,25.68316266831564
27.008383044476826,-39.39690388657299,-283.78333544198216,0.15452378227442812,-3.6741795841037685,26.41516681096818
23.35688839253273,-39.44772476161239,-288.7838131279654,-0.14192387167393702,-4.270944022414926,25.918491432009752
26.86643588900548,-35.695625478178464,-292.24967701658113,0.1536942142737464,-3.6619706985029365,26.579279981659347
22.55603162977754,-34.48055016659791,-286.71573045566424,-0.14080033960883617,-4.125139144079789,26.98745706207905
25.18140099857724,-30.988643340791125,-282.24132485105895,0.15724686395713536,-4.63175538418664,27.695683492812904
21.00727598139795,-27.72042194288633,-278.4250161960856,-0.1375944433690516,-5.05504824846257,28.527910397568547
24.762728985464445,-27.62598017501338,-285.1592414433805,0.1600691999588395,-4.420903714311517,29.05053632682156
20.28819574021501,-23.276152769084923,-281.4247655815225,-0.13544772152140475,-3.870565238396211,29.81719091731923
22.02967145557851,-21.5733424511338,-278.11797108320775,0.160953256237926,-3.0079355248903012,29.033917844177378
18.281906851322347,-17.826302648745173,-283.4179734936195,-0.1333128631417044,-2.27643358127066,28.474196279951254
20.822159459640556,-17.333299865715624,-278.0757986232666,0.16472614749804548,-1.721138216294592,29.141925152766667
16.622837330519882,-13.05562516354337,-272.68650441206114,-0.13011291998409064,-2.331973403514687,29.79863525827814
20.21308094705084,-10.894503076271194,-278.43096763216494,0.16767467970542935,-1.6520099447199565,29.084353212754582
15.825339604888173,-6.930554982698996,-273.43081978919287,-0.12759925994871357,-1.310499721334356,29.719404874587873
19.342309017022032,-3.563201504697709,-279.7766594710172,0.16961305797257908,-0.7078684700636576,29.209806316695204
15.01237409063097,-0.3666282825082604,-279.23135744240915,-0.12618671769572634,-0.2584771753432858,30.025114456947737
18.35673742400912,2.1575511907636975,-284.33952148863824,0.17050139306184905,0.4978547401746796,29.271900438311736
14.0072113715721,5.562222211922082,-278.65368118092005,-0.12542504907609364,1.0115240798573393,29.715315900361666
15.004298169955252,6.219689018914236,-272.2878584285041,0.17117018403073195,0.43501731820113565,28.72658716432124
11.392789546114795,10.247841381745557,-266.8143258578841,-0.1253840712725766,-0.07580982838258572,28.275535802184297
14.870144556163178,13.365204140579356,-270.3010547595674,0.17077072966375012,-0.5419288543208055,27.289712266390385
10.680447923758772,14.839168051070455,-264.8896610569717,-0.12614215274952567,-1.0559762686793979,26.875137689767993
14.310731038303267,18.6806421402406,-270.2623656678293,0.17004473720083504,-0.515560820897535,26.043512770873956
10.044458301038466,17.143103797150687,-264.2076236291158,-0.12632728588790476,-1.220748179481898,26.536881148538928
12.78999056724203,21.16242254306116,-257.8817220316919,0.16989906174139144,-1.8333341456298933,25.53568113478407
8.802312647002392,21.992168236149542,-252.1257121210404,-0.12697250760089795,-2.4696552055171344,25.09324052000874
12.266274946245753,25.516107153050633,-246.77093316765553,0.16888160241013617,-3.0208156392164227,24.09476593179235
8.144739614117164,24.9062893947,-241.6089199843139,-0.1282187267640203,-3.672483459062574,23.64175908317697
11.506665658912315,28.25294240910149,-235.6587103365032,0.1673576201197947,-4.314586027947901,22.614859435549857
7.387516495904987,25.105621458286915,-229.53271795144917,-0.13008414790874137,-5.077260183580712,21.93156626215996
10.840904411399762,29.147131883719435,-223.3364523822503,0.16528090268556136,-5.849332985256832,20.88594994006108
6.705003168379907,25.463960021252458,-216.77011852991964,-0.132084546077532,-6.667960720594521,20.08929092352296
10.060465220833054,29.0329457978505,-209.6244975775009,0.16321278802176306,-7.4898635691440845,19.011273628823194
5.978752830575346,24.907583870930328,-202.3532628996556,-0.13293602014224964,-8.333014615774525,18.14711391935999
9.399933348724716,28.587982444695978,-194.84658927687843,0.1632377594634799,-9.178817397368928,17.019999135708368
5.383438575965175,24.73824996339601,-187.67654179131145,-0.13129708016702718,-10.007512305205388,16.133061249917453
8.798943808733144,28.282971317068185,-180.10575089460767,0.16571720024411565,-10.817962249281221,14.995248108319746
4.720484564041017,23.928327421628637,-172.41425088765686,-0.1280783829027536,-11.578409325384028,14.028104686860035
8.228519014146833,28.014858909054755,-164.76862436691218,0.16887517328068838,-12.358260867432877,12.897331911606686
4.174013902427173,23.90984882663987,-157.20598730360672,-0.12504202468015743,-13.094808396359868,11.96768097196678
7.703064555820353,28.080067754867876,-149.63323067976413,0.17074402109065484,-13.839229588491149,10.884254709687603
3.6886215540938565,24.287188874973616,-142.33333026542934,-0.12406286258289252,-14.440334406302668,10.002073734597113
7.39674512297272,28.935995755196945,-135.71468006712362,0.17171258069544,-15.253718224648637,8.890923572993334
3.419131641181345,28.783327036885286,-129.7190561480924,-0.1226185652521889,-15.98540206317937,7.977532310656691
7.177983401381069,33.07417330451212,-124.86230720385859,0.17283499862526414,-16.76958196264848,6.819601321851327
3.2310358662663083,34.57313536629387,-120.8099080172788,-0.12233617293829147,-17.428359080974463,5.799215081674847
7.0807907428627646,38.83921279014191,-125.422360394458,0.17207840870404525,-18.224132275687353,4.575199756822448
3.182960677304799,42.25609431919171,-120.99194757995521,-0.12429704718340183,-18.940267422372177,3.4901631603184198
7.129197463388115,46.656074623035444,-126.40496224560918,0.16832629404115837,-19.690396259747573,2.2199437324294036
3.271507095993047,49.06096114315262,-122.73681908079777,-0.12924151865900962,-20.327846096666438,1.080094519462366
7.243503126946449,53.6228596485581,-127.9198541935623,0.16163946791024747,-21.069209213811366,-0.19945019529594188
3.463104991677115,57.301911043415465,-128.2657767256181,-0.13676405944016443,-21.641429211412927,-1.348939541850063
7.4921434514201595,61.834337393991305,-133.24641456176022,0.15363312974892132,-22.293840197350075,-2.6256880197417036
3.7578750605224625,64.68216588320124,-133.89741727404942,-0.14433525792335036,-21.75535864937273,-3.7738996655282833
7.8170157758923144,69.36331822878957,-138.70016890265987,0.14688352875374644,-22.483354823122284,-4.995545626176907
4.1413088172476495,73.10873741454304,-139.68102956829026,-0.15062990200825171,-21.93016866298521,-6.123721454306954
8.171945321045172,77.21514858839834,-142.68275586667232,0.14124671447379922,-22.667081427372015,-7.273237008629284
4.400801898511024,74.882033467053,-137.4752864354961,-0.15748492082985535,-22.28550139045256,-8.252827596317115
8.561153206428209,80.53418391981326,-142.93100966767287,0.13561645014712914,-23.08007255329434,-8.726951161429652
5.023552234036184,85.61249478132412,-147.58969119243457,-0.1600946868936541,-23.73500056536878,-9.399315126963408
9.077458657125735,90.30840510788325,-146.79940956275829,0.1331793518002051,-24.57246931504283,-10.279210117408057
5.622488388603613,95.22900150824802,-151.97362366689913,-0.16267525489256157,-24.099968181972624,-10.964109177380006
9.731163839490998,100.24091306852861,-156.29120107083804,0.13163683107927446,-24.92448358589597,-9.900172657781013
6.198731892299415,104.80578335198392,-156.14448341633332,-0.16362842675873487,-25.609452798224243,-9.01867563710991
10.221551118071242,108.66145039166493,-152.30865241939048,0.130649906787688,-26.459075801101545,-9.713075219980167
6.659688858535476,112.61365101003713,-156.62742665101936,-0.16431138087981745,-27.135546181870236,-10.098013887382058
10.694572012098762,116.28681315281106,-152.17189271487416,0.12982417731253118,-27.94891502145442,-10.94630271088862
7.101329849921473,119.977352024869,-155.4973192867478,-0.16606520626121354,-28.52063882861173,-10.466003336601743
10.948164049105046,115.4649467455963,-149.60811968806166,0.12866537716202428,-29.03244991955812,-11.09299962242231
7.173294295992909,119.30643348138182,-144.1655623811794,-0.16708251133073904,-28.459238174408718,-10.322453969470258
10.966770150103438,114.49182444278327,-138.3092454371419,0.12828240056069753,-27.799607034357155,-9.98056873811222
7.041539554378718,110.86147978457646,-132.29349026747505,-0.16713857733083234,-27.146139806202676,-9.185740575245879
10.838238245209947,110.94471964565706,-126.32666282188421,0.12836434480912087,-26.392866765596814,-9.9206058982033
6.862590983567904,106.58778046879448,-120.1920459499046,-0.16729782350914563,-25.64515149520025,-9.039355252422373
10.526427360457548,102.47033314069354,-113.88587915155422,0.12941215939649978,-24.844545455917647,-8.087231594633687
6.59092665946491,104.25607670007648,-107.769002312029,-0.16604685877234315,-24.13451569229447,-7.109608010014411
10.53526569529383,108.08216459138887,-102.99575140357203,0.1303557817441856,-23.414648432104563,-7.776239605840383
6.49105468917863,102.83760361378849,-97.39422315049472,-0.1648370286110509,-22.731166859255747,-6.91184291494618
10.111729816078856,98.16548026626184,-91.53453815664794,0.13105707339249073,-21.993150665035856,-6.228572780771321
6.217214309955865,101.50072585924809,-86.31618659993224,-0.1638172218561947,-21.306313840909166,-5.388224291750087
9.998802701541573,97.27225580896024,-81.6056396104215,0.13241442803571865,-20.59798322826867,-6.092385923844578
6.132329110523817,101.55011032168181,-77.7634835282156,-0.16338528392189372,-19.974743886889165,-5.2224240764490775
10.235981979011727,106.70524485905017,-83.06555924638346,0.13158885720916919,-19.312718388239357,-6.201719196306724
6.333033731397133,103.00383885507917,-78.36127334405596,-0.16397867355745654,-18.598577424072094,-5.547857484554399
9.748923471424636,97.74959220617448,-72.43666323165633,0.13116167963434108,-17.819533612181274,-6.126769155239594
5.703883932210017,92.97378163027955,-66.50941146631561,-0.16450248185202634,-17.026594324293196,-5.258873843802112
9.07866541889771,87.66846848514496,-60.20439693303506,0.13156495496750292,-16.170216359613036,-4.507923585863521
4.994920115105996,82.76865738702733,-53.94471985874099,-0.16393664521621884,-15.292610300523261,-3.7702983500887473
8.596469528931536,78.95932201009305,-48.03946605720356,0.13267275919543478,-14.393357286444505,-2.754705220613478
4.75195185171393,83.83288870191448,-43.686554892216755,-0.16162530810746892,-13.521756944814467,-1.8639422537935
8.210443315263543,78.50003289204935,-38.24729693851497,0.13449538760101,-12.671114337154037,-0.9237656082897368
4.3480930986627975,81.43085465103823,-34.62353897843307,-0.15866844326063023,-11.861718864582663,0.08975541093045937
8.052863247619156,77.01107678928985,-30.89044074208223,0.13835283533845405,-11.1212076225661,0.7894992985040709
4.164670758307897,81.39273588107993,-32.58678825647487,-0.1566478444534891,-10.467690480688557,1.671255283360939
8.07882402839735,85.50102814008858,-31.9205081790118,0.13809636413135243,-9.718732573468575,0.7316724343779708
4.123042378053051,81.18508734401968,-27.75342234239366,-0.1575573027264065,-8.935045016203597,1.3065622280043707
7.696715697728368,76.6973425682014,-22.996658338456275,0.13846632159632152,-8.103823132646875,2.0277992230090667
3.8182550562467155,80.83996968975825,-23.429273333849643,-0.15644583510876636,-7.271302350873373,2.6126153329003774
8.075648738627727,87.10655770872154,-29.16245074073726,0.14017381474495175,-6.62898060586821,3.675404452527505
5.310333056458468,93.84385847283613,-35.14121713698534,-0.15299450158951913,-6.092388692235739,4.486780559757596
8.892107287796012,99.25358018208583,-37.76281934594522,0.14273773501915812,-6.944799544235968,3.4557473743091554
5.071448071237159,102.86655539546442,-34.05985273996989,-0.15127841978377563,-7.710153296635851,2.625745833367414
8.76619507449633,98.04276068275193,-29.832063564489793,0.14360408354935505,-8.508951460574586,1.6762275717529358
4.616992260109591,92.60033524933158,-24.74547124245809,-0.15146770589937109,-9.029067536095178,1.7501872316231393
8.59118331835945,97.76266659019186,-29.051473081825417,0.14479935702046426,-9.677825895537133,2.2938557194962774
4.2949360476862815,91.40806411295576,-22.75666202766982,-0.1522111947170828,-9.912256726538878,1.8862856644522288
8.360553607024428,96.45832942827944,-24.967682966928745,0.14380261002244263,-8.92663893836187,2.903472269446935
4.641874498657072,101.1324994259333,-24.929465498384562,-0.15168973093708135,-7.945953264107821,3.7281971866143713
8.583085635947471,105.03072833327411,-25.77194664248079,0.14449746032293478,-6.9983793293450525,4.744251768937727
4.842223187264266,108.76917681512062,-26.056168831064536,-0.15054177810021768,-6.0677038191174315,4.117235618526607
9.285530631164203,115.75126152372913,-32.120038069559854,0.1458720953278462,-5.075606870518011,5.2472482036707335
6.272465363012239,122.671548357324,-37.53792614994231,-0.1490953877854985,-4.079617643953394,6.146699896799818
10.158100362266765,128.9664709159494,-39.796378342112696,0.14667990484470192,-3.051591683968753,7.207296178826428
6.373078294388712,133.97059481443833,-35.80331099941386,-0.1488145390595879,-2.021102281862502,6.827361936635552
10.547909935808656,139.69950652412678,-40.85090670648331,0.14642627356704663,-0.965420605900383,7.870914370812392
6.7995063822425,143.54006163666082,-37.15273061925013,-0.14943868437398325,0.09193841524106945,7.345654648378799
10.822938719380991,147.43656920804636,-41.10039424598177,0.14492971253335185,1.167777570931034,8.336329672466883
6.9242933014898504,142.328921818092,-36.28897583648696,-0.15146881030101209,2.234942545939345,7.545373965904751
11.106481789128264,148.1635996624314,-41.177727193609506,0.14236021284967743,3.269036021021512,8.545561073266406
7.033475632745234,142.4840021450644,-35.777035162689366,-0.15438272233786407,4.261234666199953,7.670912376889216
11.089623868278759,147.1226493048135,-39.37643272744893,0.13894450492805668,5.301503876888312,8.59111892913561
7.258132872408065,142.69743395156513,-35.179371594530465,-0.15780816956342036,6.342807059983692,7.754946708883062
10.810398163889325,137.05426241881864,-30.244259584846123,0.13540446753204147,7.3313496468859825,8.44660395506435
6.850771405577208,131.79933275562394,-26.676808190287783,-0.16126201737360088,8.280644372546934,7.447224424064419
10.205277281673949,125.50227831252136,-21.442096047832486,0.13198653513086478,9.099237096985219,6.680541420774782
6.287929070173169,119.85845280615243,-19.15719333060302,-0.16452475530911342,9.836715153359293,5.647363917596446
9.865359921260572,114.10452486074374,-15.306893751589833,0.13033048139598433,10.348378366339466,4.9225424763000385
5.675021956659732,107.77890151188969,-10.56982876196464,-0.16558820315419176,9.67762576622173,3.934877270834404
9.676873614470875,111.48038904330151,-15.719632557676997,0.1290242429009527,9.36602577792975,3.0087070578988486
5.3652635177661825,104.65242542227554,-10.067698775425347,-0.1656372820313369,10.006347507169336,2.040201560739609
9.292620061432961,100.1628427377051,-14.736160491310732,0.13006285890919989,9.306006928027557,1.178980146998772
4.802783396409672,92.99613167210556,-8.233238969652598,-0.16462121593651421,8.629491466143808,0.3977963344714133
8.695011992948476,88.17262268890678,-12.482037407889914,0.13288708724228568,7.79946123737522,0.02763305725225707
4.393683814616628,81.82667271750873,-6.347297278674513,-0.16377297099578594,6.892401579328863,0.7436616502332484
8.550804832202084,87.61933272755634,-12.102617880281558,0.13354663138005268,6.290884978530419,-0.026576252896723215
6.110189651481531,94.55846502486212,-18.666814012294424,-0.16127530674940582,5.577875165650106,-1.1515053201368386
10.054236113503752,101.76223207941345,-25.45492408720435,0.1364565558085009,6.141774817114718,-2.2604849863134207
6.513192553710062,108.9371791082929,-32.20337925470637,-0.1569601224798393,6.939135972936134,-3.5084028179611044
10.702119328661874,116.35801529589736,-39.1593704852017,0.1407319378691824,7.736361303423785,-4.644718896403329
6.488612841195544,120.17848798347809,-42.52102154594782,-0.15270240589708808,8.606038257659476,-5.768411821629386
10.684486469576173,126.48928797707387,-48.5470130656474,0.14411684727358817,9.361496868998435,-6.7312559676729125
6.475509366986763,120.93300334557154,-43.46601263891897,-0.14960078080151018,10.23283123194665,-7.695189159715067
10.564156091664017,126.86269662124906,-49.53084218428842,0.14788470778234963,10.938834465119784,-8.265163910808337
6.432815698331013,121.66783110234421,-45.49588470931543,-0.14589656000311632,11.656030067796683,-9.070035211744178
10.625508354998919,128.1924399208454,-52.13226973916329,0.15150522622173757,11.274676665072198,-9.775723441545543
6.838963501972919,133.84013201069143,-58.14020259178947,-0.1427785093995079,10.440519453652337,-10.761293380194756
11.122184660962633,140.69032818987571,-65.10053415448847,0.154183463116459,9.656682190654347,-11.553750161397431
7.498624007156854,147.10832707938977,-71.75713025311192,-0.14059175079284963,9.123103155352696,-12.601466622485052
12.06718667576798,155.19697546370784,-79.83197614954481,0.155687720045178,8.549111730846073,-13.664390982639691
8.518792442131588,162.6584000084022,-87.48542983160044,-0.1381023086150619,9.21951972825695,-14.802444423283406
12.634962407741352,170.0306658918586,-94.98721862489082,0.15573459414874607,8.589206838693043,-15.917369556416277
9.087995342952508,177.11604825896984,-102.40740131557696,-0.137640781732357,9.299790645725468,-17.045616089923538
13.312167165304169,184.47451185027074,-110.05605386760614,0.15719805665000375,8.972038645782513,-18.166250010401054
9.529366673511326,190.8772346639016,-117.0036765473936,-0.13899964406537416,8.238204885228438,-19.342598436590094
13.856063137373667,198.08159249932785,-124.5675194742288,0.15654432380208094,7.466516682763732,-20.48222394133481
10.187161698307534,204.52571893143102,-131.58589491946836,-0.13957997405195485,6.689161449310499,-21.6880970671334
14.50746962120339,211.71293271862774,-139.17394155391628,0.15603061931071582,6.0114470139565315,-22.783318045898124
10.738277870464572,217.74965916789517,-145.95250246335098,-0.14006660683365246,5.323274241146643,-23.9365681239972
15.0124964041275,224.4981871510038,-153.21933787710566,0.1555828489464484,4.793992110998381,-24.941184712957412
11.064972445344537,228.2729350558931,-158.9142032125591,-0.14050311735962887,4.123834869631611,-25.979633216633967
15.195668823172735,233.5891459400466,-164.9840528389561,0.15525378021151157,4.676447832944122,-26.803222317132086
11.351793321345793,232.16401839980225,-169.3573384513082,-0.14239248975015886,4.126485917117906,-27.731659172220482
15.263344333993986,231.66840389434572,-172.80149818334925,0.15607608609167664,4.903376485626859,-28.458059461205135
11.637791228506801,237.05073166719367,-177.67832643072623,-0.14169899124227872,4.336435680779397,-29.12805692904939
15.638987493161354,241.08574285248278,-182.4087920218558,0.15666218213669345,5.024418097047218,-29.544099582262653
11.950904507285806,245.29685654321244,-186.7444764694473,-0.1412357436581121,4.350525267907613,-29.93410973774879
15.88752457662769,240.95737066732934,-188.29199359820927,0.15703356058454368,5.016209204004675,-29.321579961007927
12.096138976484372,245.35648432230215,-189.65037373122158,-0.14095067237161993,4.378679577412992,-28.97967449969791
16.047378618623036,241.06160821467452,-193.11815930252357,0.1572790531222533,5.062352455842107,-28.64077742648064
12.334637474076507,246.08214281981532,-196.67316201101178,-0.1407599588966363,4.372825073782543,-29.27031198178268
16.228574536428813,241.44800019898926,-192.5862922061953,0.15734380924432842,5.0452846367392175,-28.692491668611034
12.358026016590392,243.53028608161708,-193.9202017156781,-0.14051278011059984,4.496756698989108,-28.19013277189139
16.32815638280321,239.40658317158122,-196.9332381817354,0.15783258639798012,5.113868606198816,-28.883348052639
12.575218806302615,244.13539609395406,-197.61576715413298,-0.14013832614232577,4.406900735695537,-29.44649846421452
16.44112944347005,239.00176840904837,-193.45586766500654,0.15796379208200928,5.097476940058592,-28.77113754147199
12.708234673055594,243.46892219562335,-198.1846429657306,-0.139706474847988,4.455060238596966,-29.19865594474081
16.72149559082483,239.40902036101605,-201.22354779982325,0.15860833285625509,5.097642774171678,-28.798586672638933
13.02910591222403,244.3228447266667,-204.64012527736523,-0.13889703172865542,4.396880810486081,-29.388002639759442
16.932076929650616,239.29802812635867,-199.9950449089979,0.1593930758450635,5.0554844827519725,-28.78270998489059
13.276524233044835,244.07158739246702,-204.86235539030193,-0.13778400931308551,4.3654603459740215,-29.35154633424646
17.33478793851731,240.19548238717348,-208.2888456698599,0.16077226238639195,4.972772623591565,-28.902671338540372
13.689028372642092,245.0107116486829,-210.67775794035774,-0.13639724068413087,4.252873311621573,-29.49487668613151
17.714749578588837,240.77754315223729,-208.23589496046108,0.16160827714821413,4.903893630857009,-28.85097059107868
14.152586558423431,245.73536923617618,-213.16742912770877,-0.13464171630011598,4.2384930017013005,-29.285988374252387
18.2378357535116,241.6014501832839,-215.17313302211068,0.16419535266241891,4.751107967736051,-29.82381105253142
14.687050581684227,246.19899015257403,-218.94380808920042,-0.13218093682470075,4.016887052037889,-29.425378913972775
19.021679228068788,250.93291712328204,-224.3910271486968,0.16585662270003038,4.731800473585763,-28.704643408325175
15.651103031968487,250.57026791112327,-228.78317843005306,-0.12976747190057242,4.166776336779108,-28.25981339640667
19.76343074026386,245.78381893560268,-224.8903619667687,0.16954246921415816,4.771265457094919,-28.955844240384486
16.264804731955174,246.39880199193772,-229.14559981059145,-0.12720149291372904,4.056579521359862,-29.540547012151922
20.305386694569535,241.18572036116686,-224.37855019109517,0.17016357900823872,3.6121008184720846,-30.159448880673004
17.826554409599254,245.41838365363517,-229.81250456589567,-0.12562709262520824,3.939097254782613,-29.52925507414904
21.69219732037464,239.57851665971734,-225.68341981353535,0.1735048688927347,4.4578357559009545,-30.262594592794446
18.239623714383086,235.04620941857092,-230.2004855634593,-0.12408117939768717,3.7079633643552183,-30.810644595505003
22.543501370777992,231.0751121915774,-233.84666069880777,0.17400157397694158,4.032228696000659,-30.380390830363265
19.310633330651765,231.89640114810425,-231.9834743906705,-0.12437538735552076,3.2676477014590155,-30.856503951214414
24.05272581620316,237.7448871437819,-238.97540369201545,0.17166375513199775,4.108882122705286,-29.90390176231077
24.824978487078674,241.95526006251026,-245.63035361261174,-0.12372550098314099,4.789173550849889,-29.023448053240664
22.19262446117848,235.4410814043896,-240.6668332787901,0.1715548347947251,5.294710795383336,-29.692443467067413
27.041697320345282,241.28951102560984,-248.22176640645068,-0.12581593717921266,6.141329522684701,-28.700694771523878
23.786416893024285,235.51805482882332,-253.71138841605665,0.17090105671008038,6.950014147671126,-28.000125656494557
28.322492978228613,232.13508857854188,-259.42649897988474,-0.12386451973669643,7.56706230690045,-27.380974089195554
24.483640850678558,225.96982636765884,-253.3496466684934,0.17163783098476212,7.12792277722281,-28.254997451280694
29.066132191944597,222.39157846030946,-258.45727150550647,-0.1256150529317137,6.49295217411916,-28.776117035428285
28.277848057056836,217.44653784689098,-254.8968036017156,0.1727798402042407,6.990292259091148,-29.379602322311474
31.754399985062083,213.2002270331131,-258.49229871543463,-0.1253602714168364,6.21305190305898,-29.892510026424812
28.381648949984264,208.41699986867758,-253.8220285353331,0.17068110276715434,5.625393698534493,-30.370338028942395
33.444464588785756,214.47568900859352,-261.19243508143035,-0.124551522387336,6.244166225765633,-29.423169423026142
29.986110382945167,208.61776911044828,-261.79556315001355,0.17072332169557725,5.936982952927354,-29.826014041884314
35.322473907744715,214.88766579511525,-269.61799535460295,-0.1255454936283863,6.756916482613515,-28.791974921565284
33.539252549092964,209.11908502565893,-274.4938838760383,0.169898646362085,7.470271511882727,-28.099861037638362
38.634357091898394,215.1523312166386,-282.0247115327905,-0.12736074243860493,8.334282119812968,-27.096416780752328
38.03776559968633,209.57616522545447,-287.4070403149122,0.17086572117228443,9.170123792972511,-26.40641237941946
40.84487910483439,204.23655952670583,-282.7503138493392,-0.12689519446719763,8.713797367116936,-27.09559343177069
41.73186703239641,200.15474324494588,-287.84051610995436,0.16939939171058271,9.382568376058325,-27.47549601276765
38.20638759850782,194.18058657595796,-281.39439227120283,-0.12563724631908027,9.723080001154326,-28.31213742298925
43.68802980122759,199.9580652820172,-288.87074127452655,0.17038955757230748,10.509757793558247,-27.35827183876919
42.07280430799245,193.82305220885434,-285.20038142760086,-0.12504513317005378,11.122336334684507,-27.92405239314418
47.37642616761499,199.13864177483202,-293.0147208051407,0.17023495103684805,11.93064840663832,-26.922076001269424
43.99238166845207,192.78157045939795,-297.28733004653634,-0.1250334258282911,12.579205102429402,-26.483128579550723
48.957164288483746,187.7756745388815,-303.0071302392771,0.17033875770834245,13.149991966731797,-25.74747269450986
53.410816586588936,192.4386446755526,-309.7921085612101,-0.12704198968964125,12.502452197124805,-24.88971821472961
49.76474532963011,186.16504321085634,-305.55930936757096,0.1713527971896929,11.92453488211677,-25.617604746497896
53.81954826304309,180.1393603733969,-300.94836156008216,-0.12676171999588418,11.077205014650797,-26.401846057240576
50.40662432497959,174.0571817816571,-296.1404804057641,0.16962692074883343,10.32995794751822,-27.202408751680096
55.05167064226078,168.59554564547727,-300.8293845420999,-0.12580222613544303,9.474585276993539,-27.89647568914415
50.91655727228452,162.42751601235702,-294.1573792411788,0.1689309632306433,8.61625227621301,-28.765029077552917
55.65557050312901,157.3609448978245,-290.41813643541394,-0.1288194781500608,7.711143561487782,-29.387776322278466
59.80245056695173,153.9247945168159,-296.5445005246091,0.16796780294408437,7.183802970527211,-28.610586004653833
58.36409342493213,149.93352690157693,-301.0470137420184,-0.12926265058211536,6.413093842744092,-28.099032391204716
62.4446035126664,145.05135215166334,-296.66159316431725,0.16940235897803405,5.922143585646831,-28.75720601214684
59.40719515469048,140.67447966679632,-295.46088960031324,-0.12859222315682226,5.13578125448277,-29.35779899223947
63.856387762914714,135.92896959844938,-294.60988808524195,0.1695551512268503,4.626250195162596,-29.869009838639634
62.18354668258091,131.93498926895867,-292.2373915396879,-0.12884121856568087,3.8468060780408373,-30.237609316691604
65.99490722498989,127.41954229475053,-288.19143771051984,0.16668839141640268,3.3066060905124823,-30.665184619878776
69.67620040554175,124.04985036114525,-293.9478937808326,-0.12756900138381566,2.737414348904733,-29.953849199238345
65.54492959001149,119.31183299285435,-288.6139130911387,0.1650571951314973,2.0727739151719073,-30.62911022713496
70.51496756544341,123.53902993311314,-294.6101333577473,-0.1339494350959643,1.403913268904245,-29.87829967365873
74.54645778846495,118.81089383479566,-300.316807969953,0.16346325977128742,2.138464308175681,-29.16812164235708
71.00915367425358,115.3868618500808,-299.52551259932864,-0.1354161622794668,1.5547489719534195,-29.636925556854614
75.43874029762206,111.22480174899151,-298.1459853432912,0.1622335119904808,2.2241686920764345,-30.055522030921303
72.56944656713071,111.38025726736738,-296.92071051074913,-0.13646053139578734,1.5629494093365728,-30.233518063656284
76.526282370713,106.76094860676258,-292.57788746174833,0.15890233668747397,2.1160608603892737,-30.70187999199416
80.6957873987638,110.74769990898764,-298.968601327509,-0.13565205797584629,1.8156625342282966,-29.918943796892925
76.00092395338517,105.10516791701104,-293.17762294546174,0.15937711090691423,1.4424018704148809,-30.657175760010077
80.89263742375951,104.50826927291124,-298.85920830341206,-0.1379549813626357,0.9344729655221748,-29.939167355175318
79.22517367879676,99.53710941637947,-294.26189177526715,0.16103074066177697,1.5451317381312315,-30.562691366782907
83.1184209943317,96.56576961400916,-297.89356223422436,-0.13672897829392172,0.855926222196229,-30.524650943323444
83.20825648890843,92.51868999326398,-294.18676622141993,0.16191926259957448,1.4552699003403802,-30.844279820557404
86.10297395579175,94.05726419729244,-297.9709889618747,-0.13621791820742243,0.7608640042887005,-30.416369816573617
85.78995329337198,89.29762878040569,-293.80655315337583,0.16150216653440153,1.3389220599889247,-30.9026266918168
89.1290945841969,86.04706348255688,-296.774148670218,-0.13632828845714712,0.6809926197020706,-30.4065476331993
94.41141334643395,91.24929103459827,-304.173065789176,0.15812198566490615,1.5486834093522088,-29.444720689450136
90.28035909788278,86.27170899714866,-307.88826550724076,-0.1374094246012718,2.372080048603703,-28.850864226878517
96.11753176530941,90.91288527983276,-315.0386072499689,0.1582839186928998,3.36735563058891,-27.91611649726461
97.88389401499524,85.54701132079109,-315.1979817633441,-0.1355399792976943,4.346604445577432,-27.372129904021513
102.49527141842024,81.63176565097534,-320.9674350018599,0.16294467948463567,5.255939451457777,-26.762154822760312
97.56168541937318,76.71642207499927,-314.3067074328712,-0.1323355627368276,6.076901416050351,-27.650493268585116
103.5332956582662,81.02972648793916,-321.2608437659688,0.1622298270938785,6.973813740837347,-26.795624508534306
104.27164717554503,75.47975134702,-316.2486463266428,-0.13261418901452404,7.816887303720048,-27.488953029782355
109.73720963417892,71.4969455413172,-323.08251505899744,0.16459711942016828,8.645233472364152,-26.66711446347229
105.25924202427949,66.57710912229082,-317.10755810156905,-0.13118927499845648,9.338751437805143,-27.474900958911224
111.57370987737568,70.28743092301569,-324.61588433946247,0.16288588338413754,10.182840104782251,-26.529013658525727
115.47680117542853,64.69401434034229,-323.62956862813513,-0.1324597731851984,10.953211266711754,-26.940830930996896
119.20937324231271,59.53548490996998,-327.55122083123564,0.1638646311953266,11.476492382183554,-26.422897274794888
114.85057608178731,54.88823779651374,-321.52300782878484,-0.13483911711357813,10.756667746785007,-27.226539114448933
120.71377439283343,51.05540234846415,-327.7573474297623,0.1600845647710556,11.572492467570962,-26.418882973128856
125.48857233796566,47.33729334720853,-332.33438160629413,-0.1377084722123172,11.9790211410011,-25.83375574777125
121.37667689323753,42.76550726451856,-326.0361550189868,0.15878287581763662,12.231690619589106,-26.641254668937005
125.90877482040578,38.81822126662648,-320.67806099224043,-0.13880955639409068,11.43529112277282,-27.38179813115682
130.57475072206577,34.70528955437415,-325.69931162518554,0.15692797681591478,11.999191780089909,-26.730386322127192
134.18695548631374,30.940957046453914,-322.7892572996498,-0.1403070989642209,11.278284895183614,-27.147738667844408
133.69485111531418,26.389272870742992,-318.3329707638825,0.15850391882799073,10.87867217682045,-27.73382075643297
135.6563274964203,22.516198815055514,-313.7238944179276,-0.1394959998975688,10.070684339926702,-28.354859333657934
141.42491986416564,18.76994527711876,-320.6846377619972,0.1556294172669258,10.79194686727064,-27.443101924958412
137.3106182895711,14.62690159245918,-315.23992989086906,-0.13936579498048968,11.363169929182012,-28.017398396653103
143.51829160340407,10.229262955513265,-321.8621972245208,0.15847679452995975,11.944210011014398,-27.148994780743042
139.6048911605669,6.3629787539300064,-315.4458164269939,-0.13810981063824293,11.349041014518605,-27.914136492915006
146.38226752785346,1.8208065439722618,-322.5690460391409,0.15839173454915498,12.057132404342811,-26.96336587338209
149.99962483168235,-1.617098024486591,-316.5493495195465,-0.13925208624431998,11.687007360297457,-27.60639932081872
156.44064761529737,-6.160788958129893,-323.8801458859101,0.15532235380166726,12.46070657927812,-26.613596707998344
152.7526664755731,-8.082691882143449,-318.21955446993724,-0.1426535413330047,13.010136832970474,-27.053613908679267
159.44604121486105,-12.771827680374223,-325.4308968804207,0.14932920480663076,13.777034149933202,-26.067491888293024
164.14245900945218,-14.664066823552451,-321.7359463782713,-0.14800838610296999,14.382834580062523,-25.45858112067011
168.10856416658547,-19.128232269279067,-321.5434237357097,0.14713555642182843,15.147639522750179,-25.27180058087761
172.23890152275519,-23.278632402974917,-324.8966819533375,-0.15003509728044184,14.736149953568859,-25.615220353229386
167.1476198832368,-27.053350147524753,-318.07548807296365,0.14818356998966659,14.16160369853444,-26.470548869936117
167.88316785900844,-29.116044098938293,-311.5059687119708,-0.15104643791550731,13.302146146598494,-27.308071542417604
169.10829299711676,-33.535189441549655,-305.11613044402924,0.14593684547074942,12.536994290150254,-28.110352669581594
172.72537781154904,-37.41413469950234,-299.44010281805583,-0.15089173543329748,11.636025137603877,-28.83050575939271
167.6869378168116,-39.60303025777732,-292.8359013292772,0.14556183512196413,10.749367585326407,-29.66241141873899
171.41178927597667,-42.38369067370796,-286.8919843074413,-0.1551046376562525,9.770040796225185,-30.373987584707454
171.35183208384177,-46.446696517606014,-281.50210975071377,0.14102617594937203,8.883116812815281,-30.90049109174447
175.77095197926914,-49.95829601223633,-278.5213111628952,-0.15559444567419112,7.9272153863139465,-30.378967253938765
170.3172650467224,-46.00582852628318,-272.15269047293356,0.13578351306943665,6.9844024306952175,-31.187802193606913
175.9831071336542,-51.32995281841009,-277.0935833059301,-0.1604874230287914,6.059835688781758,-30.491498950904077
171.54476934185791,-49.68983906954162,-270.9130131523408,0.13191796671186812,5.136786323171146,-31.23989916411524
176.28896062128308,-54.47799532984942,-265.7272394017396,-0.16149592473763977,4.357431133965913,-31.72631859876332
173.6253528477849,-56.42155807063758,-261.02049210978714,0.12938651836822934,3.495192748315187,-31.24692622145828
180.45054006464972,-61.679244015018114,-268.28299621703127,-0.1668449218652946,2.553840777791342,-30.295279052141986
183.94125391783288,-57.96993272181579,-263.7836409446481,0.12506245575273425,1.6525585988012375,-29.91946075431169
188.70342735087684,-62.881495560459975,-269.2542694618415,-0.17268573024920428,0.8078347158738282,-29.26938409221283
183.9500791300793,-62.77161108652733,-263.43983881912703,0.12465601825488776,0.07679732772105438,-30.039987353026895
187.90584981295711,-65.20681406738119,-259.10661593649974,-0.17459803953004113,-0.7501618135244311,-30.666372390439502
187.93023532550376,-68.64568465865294,-257.7425445048813,0.12322534735737666,-1.221367408523956,-30.89774926213194
190.09479775161228,-64.97138079013787,-257.44157958036567,-0.17564133291460882,-1.9420707745353345,-30.535471911066363
191.8866394726148,-69.64002109571217,-253.6973250689116,0.12254735025333195,-1.3348401772972103,-30.999366920479023
190.35965916632514,-66.28498726737814,-257.2346903457923,-0.17590690139636478,-1.9915282534864507,-30.546574959489426
194.4710663549094,-70.94477083732826,-252.71492667244343,0.12252191813139332,-1.3197614602337135,-31.024083914319963
190.9357891076571,-67.67608391251355,-255.72908777149448,-0.17579833999952352,-1.9251490884082796,-30.566235139714827
195.44678394803196,-72.32921085064422,-251.2587452993553,0.12278080885540657,-1.2240193470069327,-31.040212563562758
192.16008693493197,-69.13251314151773,-253.56215668243644,-0.17536445519174834,-1.7890663851018884,-30.58497031624229
196.7443534006747,-73.78810699358125,-249.33406714955086,0.12309358558404686,-1.0776683708568475,-31.029272459002716
192.76613776063155,-70.10486541448095,-246.87943491674108,-0.17511483733164449,-1.530493193420073,-31.46344085870938
197.41060166268724,-74.79828243295714,-247.1553155233757,0.12353693611002559,-0.7924217499182493,-30.944121294305766
195.8349016020783,-71.75288223220487,-246.7174553915042,-0.1744196540068858,-1.3035938072093636,-31.33651840721171
200.11024814290332,-76.34973671558971,-243.430469574949,0.12433168516349616,-0.5780643811778927,-30.836653103252623
203.97922020310318,-76.35189937985763,-248.56292525142123,-0.17361906251616777,-1.2485749416729162,-30.229399236906648
201.7244402470173,-80.15601414103452,-244.4857630315123,0.1251859810519469,-0.598708725177025,-30.70089328762778
205.212481106228,-76.21982498844048,-248.0447446901314,-0.17262958637318604,-1.237553055402451,-30.302351388290568
203.4132535086968,-80.72220202481674,-243.5074815331409,0.12619613341954575,-0.563967494702248,-30.802040013991846
206.74355395739758,-76.97039888180484,-246.78489316602102,-0.17168426687515007,-1.1816314099333116,-30.38226249329358
205.15428135741428,-81.48994438603833,-242.26143284426166,0.12713212962159195,-0.4961801026804491,-30.874419631163864
208.0766628578105,-77.7849863243108,-245.46352745333058,-0.17066809882376144,-1.1023580393157224,-30.438156115329452
207.1781347668995,-82.31548007933277,-240.93722072755156,0.12812927604104274,-0.4118206130759296,-30.92424323835371
208.85020963081772,-78.6483693813219,-244.06502796421952,-0.16976882966122242,-1.013439617955101,-30.477525225508504
210.10538541286695,-83.1838773086135,-239.54235540073515,0.12899577747521254,-0.3218418742170501,-30.9586057731942
207.97720423508764,-79.542425248091,-242.67999830000892,-0.1688435208335087,-0.9240370330132288,-30.50511478686724
212.09938440339806,-84.0810486261922,-238.14864222220206,0.1298890571838782,-0.23376716219675786,-30.982247354265084
208.34399160770525,-80.46118684642812,-241.24775832217793,-0.16805831931415954,-0.8390479904559701,-30.524147553346303
212.54483358767897,-84.8673785217127,-236.56723504633266,0.12963618931238827,-0.16243709548972612,-31.0183097978005
216.3316626422046,-85.91417568989787,-241.10116835501674,-0.1642733395975949,-0.6803786333374473,-30.436252910331692
210.49135120397165,-81.44876661394346,-234.75784510479656,0.12981576720725643,-1.0309404865623772,-31.2359162096254
216.85314152473103,-87.0709217712705,-241.08652145124995,-0.1641898214707967,-1.7050846606223304,-30.35819388751421
212.12312514715924,-83.05500016027518,-235.40821055270007,0.12975639907463588,-2.269052083526916,-30.957680189805508
219.44592403936562,-89.14983554911129,-242.85118326896375,-0.16434161560983188,-3.1221283896821888,-29.920192731441794
223.57934482474192,-86.70341652964426,-239.79255655917805,0.129546859055906,-3.891209176172066,-29.202134171131732
230.51481924141302,-92.6635095388043,-247.2516812683925,-0.1648070547906269,-4.803148895209326,-28.1806052834829
227.37810360338688,-88.97695423486898,-251.0641078793074,0.1285187160519513,-5.660246093905002,-27.531515140455394
227.1426502733832,-92.5210077775232,-246.19162194089697,-0.1672811162212177,-6.282377949536145,-28.171006955979653
222.22464074600566,-88.22667410770588,-240.46770064357176,0.13240890813821754,-5.659684197313865,-28.96120249869235
219.65607246779695,-91.65410594870639,-235.49186177366187,-0.1650841595991638,-6.184757302388463,-29.674573573513186
224.22564786029386,-91.18225675513534,-235.263435787755,0.1326722391285192,-5.444433341130868,-30.133745797283975
219.07202216387194,-87.26227705783994,-230.0921074927443,-0.16565042960445248,-4.8188169772899325,-30.817879770746107
222.95340735502535,-91.67434247614086,-226.49980753562502,0.13268886601426771,-4.003949777170788,-31.206991234478167
219.1345583903751,-87.85400563971494,-230.2595531084285,-0.16542951596717972,-3.4356688086980283,-30.720513383847216
223.5601606355419,-92.26714907002356,-225.73897795846605,0.13309976907695503,-2.649281912401575,-31.156959559668756
219.8991278078091,-88.46152286359501,-229.27772712285002,-0.16481959677462155,-2.2247725778791887,-30.67030818379456
224.33999579022236,-92.87344944071063,-224.73034297459466,0.1337520802838286,-1.4742304333493585,-31.117114231196645
223.71829801963588,-89.54698812636391,-228.66492491036522,-0.1624847472936357,-1.8238179042423848,-30.60113093647977
219.12920949800932,-92.07402117734429,-222.81199000297795,0.13563463761354938,-1.221111516097028,-31.346141892816043
223.01665053555612,-88.52578462630764,-218.9508047327258,-0.16285911479006815,-1.8783827140221374,-31.804332061808886
226.73521176951448,-93.0568004628933,-223.63325358229204,0.13545669954233533,-1.264968098541244,-31.189403311665906
221.140639920299,-88.34206690234856,-217.94813598354324,-0.16078825388567283,-0.8329072465303828,-31.933673599429806
224.62516565577155,-92.69151124760216,-214.0570485432449,0.1389341570143413,-0.09471573983919558,-32.04477075941021
221.2204984145448,-89.11505585364024,-218.28738416498257,-0.1584465003148768,-0.6251990618960782,-31.50575376417083
225.82642185633992,-93.63400602386763,-214.09106888274272,0.14037851053338168,0.08842079794730784,-31.153924964921266
223.59369246552743,-90.1882067388954,-218.18053225853438,-0.15772765968736083,-0.4911517012675138,-31.276826407399938
228.0184694720828,-94.69864308056444,-213.85670111908306,0.14061038898458297,0.20412979919574636,-30.8369024404017
225.06728330742547,-91.26745751543824,-217.8014634173905,-0.15776393686917356,-0.40266307356087333,-31.25762442092874
229.61083609581686,-95.77482449768043,-213.37629025638668,0.14032045859408165,0.2788509107872837,-30.762631480477935
227.05628342567297,-92.35093635015987,-217.1689257003756,-0.1582804161056707,-0.34454243002988244,-31.197310161948177
231.52806479934944,-96.8504649740192,-212.66847194567092,0.13969118449553128,0.32675709414929915,-30.708191283548512
228.59593019340878,-93.42020425904745,-216.31599444878054,-0.15888959001003433,-0.3076508920762187,-31.153121215899475
233.00625699005147,-97.84790943930571,-211.69830668967487,0.13858008551706322,0.35017250991271026,-30.678986908795995
236.98832139162954,-99.09463602274714,-216.0778700626319,-0.15638929062223084,-0.22575781050724045,-30.37062526510152
231.07424216907944,-94.44162535528078,-209.851093064548,0.1369617608172251,-0.6946235490587708,-31.172946958957787
236.6030948600024,-99.58819614202324,-214.84704059167896,-0.15885427554544315,-1.0395421927554167,-30.472977433058542
231.80772433129738,-95.66095378159775,-209.037357200083,0.13854646229192255,-0.48028647167638616,-31.201368284616642
235.80306959491244,-99.72536858582465,-205.61335244076434,-0.1605959666522947,-1.1814359296509267,-31.540897012915234
236.59840795383005,-98.55309496048497,-208.46484718097759,0.1367177882332527,-0.5743444043531973,-31.003968542981784
238.25530554686293,-101.62900998250339,-207.37005932919894,-0.16238161879647078,-1.263848718271166,-30.614140568550585
241.83833769559385,-100.46827098825949,-210.20691192307322,0.13541954891529148,-0.6686115190084104,-30.971156355147638
236.19512624056597,-96.42667843781341,-204.52729851793433,-0.162175935994369,-0.4937763805020671,-31.679476813520306
240.437772819471,-101.07520149761301,-206.53918733378453,0.13586354692777755,0.19249309630675462,-31.14608832220424
235.01436287374486,-96.52977084460096,-201.2338598085487,-0.16147748195821424,0.6372234331751137,-31.873168761802653
238.42096690070352,-100.75878647814355,-197.79475288278692,0.13639728720689584,1.3505770419433187,-31.927667507905625
242.66448362102005,-102.54419445417685,-202.72930478621907,-0.15771134642543605,0.8722812915359873,-31.30829486037477
236.75894278643662,-97.7859005956813,-196.7804573013623,0.13632934208301045,0.45791789670019,-32.07191264500501
244.0668850712582,-104.0247494569155,-203.93603808988541,-0.15832085264246876,-0.38408551308209243,-31.0485169884836
248.43653204916862,-103.9804907516118,-205.301013407299,0.1343922084346082,-1.181511861065304,-30.28612962875491
253.3392368383848,-108.36369206867553,-210.07265993716052,-0.1609643981906559,-1.8377637625146501,-29.536768966694986
247.50872405896683,-103.34350854292849,-204.21870092490323,0.1320106715440101,-2.4461656576592934,-30.28342551476368
244.07596992981888,-106.74893900996707,-200.29010462198235,-0.16430929318526286,-1.8292755513904042,-30.79136784919783
245.07538403341874,-102.66016048106272,-196.73777856263686,0.1338931814249762,-1.2088580547579695,-31.38363302859163
239.62404393193754,-99.14618630954101,-191.7173040476871,-0.16267814345106835,-0.739802512512551,-32.10079616548681
244.36544697018235,-103.85560528862517,-196.12987457799272,0.13622716648196856,-0.04009916920074992,-31.54039281473288
238.79073074943275,-99.20393621155202,-190.29520049754316,-0.16052626900293518,0.5487012938132301,-32.277896772438396
244.2448138077073,-104.22329245064324,-194.70950245535704,0.1359187338687994,1.1751011183462297,-31.559112984633295
248.5159884752207,-106.36145844619726,-190.74153114144826,-0.1600729826330557,0.6337681114469845,-30.987655277848447
243.41372448656884,-102.05062609674782,-187.22821120324858,0.1310331694120354,-0.02195326153556469,-31.669643374536808
247.7010037707845,-106.36544401902843,-191.10931266487952,-0.1634103022682976,0.6201902844613543,-31.243497330346322
242.3924378950103,-101.73486033705957,-186.0117851325197,0.12864750104559194,-0.14874889892572285,-30.54712879554262
246.8277178867255,-106.06965064229323,-189.8595388670536,-0.16555750073977304,0.22006906336271648,-30.077224393611598
240.72311421672447,-100.90385082803314,-183.78762816677562,0.12661607359781216,-0.4693882574998567,-29.648253431835506
235.90802562177436,-100.42084282759659,-179.07320457301552,-0.16876668281873658,-1.187366832615725,-28.81068832512547
230.9348970668497,-96.30525907212646,-174.27435373969712,0.12480886923455291,-1.8157643464199176,-29.550076026863497
237.29386788466908,-101.75423029785044,-180.66107816972954,-0.16962872732289416,-2.334544044683673,-28.849546872883643
232.28476838586718,-97.14407002637611,-175.90474238004512,0.12472049615049886,-2.8605503832705033,-29.604070237444965
238.62750591919468,-102.51758265432571,-182.3160890076449,-0.1691838468428125,-2.50667494690845,-28.9282239210277
232.6044354714178,-97.24904906648075,-176.50465913177024,0.1255938000929996,-3.194266916979937,-29.465990598763195
237.3474434966696,-101.67507050780974,-181.60191852879362,-0.16803870372570595,-3.8851283689936817,-28.581359880545364
230.30777006067078,-95.81857948429045,-174.7177254594549,0.12694911560470054,-4.7274440133302615,-27.791843384167134
224.17850821072457,-91.59132728822706,-168.88039141123554,-0.16657421695995778,-5.613171460864137,-26.77411253962003
218.4491342217688,-89.75155698165055,-163.53869343637592,0.1285142321637904,-6.435237457147902,-26.204579603925975
223.20444845388917,-94.34275664178675,-168.64868030252592,-0.1650554340482408,-7.197447430987449,-25.357134902967807
216.71045350441455,-88.95847641532717,-162.37132084041326,0.12938013258425846,-8.047390143876912,-24.816385733786557
210.41670673557786,-84.5450964701279,-156.35669867271625,-0.1642612769925975,-8.811555138245533,-23.91861792144772
203.72427524422443,-80.05923405606576,-149.82078382243057,0.13254330341523815,-9.66364576376246,-23.281846767786266
196.72008496371305,-75.51604791983706,-143.02989471206703,-0.16228430121998325,-10.566266472336952,-22.1426685080942
190.15785611333516,-74.50584963393301,-136.68958576226515,0.13381792996474723,-11.444841023433144,-21.22571381229908
182.93436362119843,-69.34466263876882,-129.6886986158651,-0.16135205872823577,-12.275964446406896,-20.037337546885166
175.72169215426155,-64.8558100355509,-122.65099838702594,0.13505805821995961,-13.157596126342998,-18.978864413102766
169.35484229054234,-68.56126305092174,-116.7230288391475,-0.160941451408838,-14.132098339601132,-17.6575894827996
163.14440001833904,-63.75866683243422,-111.05431492115935,0.13275877124186308,-15.144691205518455,-16.487088912797788
156.80222154412374,-59.609132950523396,-105.31097265966616,-0.16301064475481178,-16.10661394845201,-15.208996632798609
149.90768925860326,-55.01453688080689,-98.85581884559922,0.13079414918940177,-17.055415338454413,-14.048159183380026
143.42977152332867,-53.94945662824359,-93.06476392579962,-0.1645272622243007,-17.934908168767826,-12.829739926967301
136.9152622635039,-49.69055272495514,-87.09009366402168,0.13137248171945642,-18.76331165903283,-11.758304913899833
131.0178759113557,-52.178696845089526,-82.42126138963194,-0.16453544988831148,-19.55899110461468,-10.525384551446914
124.55395506880058,-47.01919456227073,-76.64474937042827,0.12853339186745044,-20.209351045522045,-9.454236369909498
125.86357433286983,-51.585694242822264,-82.18650676518257,-0.16603662312122827,-19.760383818170546,-8.453381852920465
119.51040627173535,-46.284432874300016,-76.02625988252323,0.12940259423233494,-19.73019193309305,-7.64206868954154
113.51381584266991,-42.286392629858234,-70.68360292323672,-0.16624036796676894,-19.11647883762566,-6.607501679102086
107.09253463505321,-38.05057673681816,-64.77931184617981,0.12707026696193813,-18.40114563654822,-5.882418501455626
111.8315471141247,-43.36126067233361,-71.04767751000954,-0.16796801209594342,-17.69576541010227,-6.647420521288925
106.20376170389713,-39.21942695546011,-67.42510710741726,0.12735920498676656,-17.040954051791367,-7.3912646318709525
100.48609430631946,-36.09646045858814,-62.848853430440165,-0.16771702408916403,-16.515544151354085,-6.756908554034822
99.60406650317721,-40.45461570518755,-68.15506736206878,0.1290046636873309,-17.28557236593129,-7.735558426139796
94.69085910940643,-36.041911413641415,-64.65341850895406,-0.16734202756760372,-17.959233013319896,-6.863974890215734
90.86432526768351,-39.282154056080294,-68.28130012249797,0.13012069291135836,-17.65701754471767,-7.563555296388316
95.94551575249426,-41.21060541024022,-73.98979321308272,-0.16460427854394938,-18.418757097799585,-8.305274003369492
100.7615959263453,-44.96856849513882,-80.3934213545605,0.12980958773072462,-19.167769927116453,-9.376406349223913
105.60721273695333,-48.25103436242967,-87.30100121900456,-0.16411428352112858,-19.86735217781944,-10.205202555179705
100.50997961095665,-43.60274319096909,-92.63837602303023,0.13098861845708593,-20.71533507576407,-11.165087141406108
107.20306657834813,-49.3604265384546,-100.51002229277313,-0.16251328227121975,-21.229661825309886,-12.10027178371942
103.42964355660489,-45.173356825759996,-106.53786719324498,0.13284277022710908,-21.94257693450222,-13.037590094850987
110.27270694966431,-51.05677992028579,-114.61688897995649,-0.15998504253375295,-21.118909861457198,-14.091912153771977
106.2878776966211,-46.823350489596955,-120.63377025783163,0.1356358207942482,-20.375322554441333,-15.073214457840441
112.59750647807776,-52.324259208863225,-128.09562198288785,-0.15625161511895375,-19.524867619705162,-16.097132653440212
116.64206934424062,-52.49289418730427,-134.80019494317986,0.1392377935221194,-18.894269182147248,-17.137843279239476
121.34259541625191,-56.87116388910642,-141.73346597638596,-0.15195285562375904,-18.141452794456413,-18.148340388761664
120.56143041869738,-55.40525866959684,-148.51950150683177,0.14269279415380698,-18.807708050174796,-19.082820664618765
124.52395557396669,-59.24631868027569,-154.7613073143824,-0.14920279797505043,-19.085088481524977,-19.89231330039515
122.82056114483476,-57.733444291349024,-161.06585946902507,0.1448695149745374,-19.84603497997112,-20.63047909843035
125.15146734332156,-60.66788543336313,-166.18812394724816,-0.14751972720719572,-20.46238012310926,-20.171167840416935
127.36512983227645,-61.2252972249914,-172.0171386805448,0.1461248620477456,-21.223035925191695,-20.879254871425545
122.85393026189766,-57.66755796025573,-168.87690494104993,-0.146631634478198,-21.881051163698526,-20.225083238547644
128.4079182826145,-62.86191265275753,-175.9233292875439,0.14670519516094932,-22.43146143136095,-21.096986268106143
124.41027279181343,-59.19614438414124,-181.08336678111561,-0.14631005491203172,-21.985730092,-21.526670373574607
129.65056540346387,-64.19934315670564,-187.5235954478532,0.14677826878229452,-22.410304282568536,-22.31476758441359
125.01324874992338,-60.11697795612864,-183.96107784475572,-0.14643769448882224,-21.927685723813344,-21.64442559479223
129.72659515602223,-64.90172534451942,-190.2385349329925,0.14649322015421426,-22.482511728709618,-22.378576397955616
124.74249031229837,-60.610858700578746,-185.87201917091633,-0.1468546908272171,-22.193104455449248,-21.652524203314314
128.9950277154846,-65.26251458884393,-191.92750853296238,0.14592995096602593,-22.811729650625978,-22.318813589460795
123.90647802221476,-60.90329147557528,-187.13806035232744,-0.14752191349252008,-23.217173300152197,-21.562674339699402
127.07073032703303,-65.28856408032492,-192.64915411681744,0.14520106670080854,-23.887816108672926,-22.057567133195505
121.95136162744086,-60.79143323142279,-187.21996718210642,-0.14830514945952536,-24.413038613026504,-21.266182740178532
121.5350380258416,-64.92626933915689,-191.93264544760407,0.14433481440831789,-25.137593028083884,-20.78040403229606
116.96490406740988,-60.37819066259496,-186.16739907779774,-0.14921341690645273,-25.741455711907975,-20.057598206127633
115.16456535948159,-64.00427401732314,-183.7043782115544,0.14343035991653233,-26.537852291855078,-19.548968172096863
110.90224824015421,-59.38097788405345,-178.28670543709583,-0.1501187459852944,-27.253877092264624,-18.831618726529264
112.7859775408119,-63.071230303758085,-181.920035898989,0.1426398796032831,-28.092959977471168,-18.501866308138467
108.08977515994015,-58.48996172348516,-176.10038699384867,-0.15109577681497724,-28.8498949257429,-17.81400605319397
109.16301757244734,-62.114825881074374,-172.51645636795982,0.14273359434647778,-29.723986779107058,-17.367782679155653
104.41146064716116,-57.42692980997177,-167.1592575621061,-0.15249129445851242,-30.53411228410096,-16.684625968315025
108.1325199885381,-61.46274090393759,-171.93769743820647,0.1398536975450423,-31.405943031646373,-17.29479939885816
103.15865717559875,-56.86788359700849,-166.29894451490654,-0.15576024286793305,-32.19301058386393,-16.598571298332626
103.66172560269955,-60.67231833172866,-169.4475706917352,0.1370635080836327,-33.06970954699993,-16.680480260540225
98.97101067320882,-56.009380312757926,-163.6413340299516,-0.15948765133818277,-33.866487036324,-15.981053062135166
102.68974367794488,-60.11502588232149,-167.97402080846055,0.13271896936686067,-34.72190400605184,-16.550262283236034
97.56328015765341,-55.47724553540218,-162.20292363079534,-0.16427501300712202,-35.48226161881027,-15.839727257323464
98.5343240572579,-59.601821610284,-166.64383012151268,0.12778346451232986,-36.30762726967,-16.381411360636147
93.65595062733678,-54.96757306235879,-160.91500290546534,-0.16942995322871857,-37.019492912634824,-15.667100063052654
96.39717001740043,-59.22456639358229,-165.81583763648197,0.12256240034370373,-37.79267250396091,-16.2586253375603
91.2426729245104,-54.61502763790708,-160.2242483104931,-0.17462262652195634,-38.41188633469519,-15.554737676517801
89.94182941961104,-58.87974610980785,-165.29543624710053,0.11748987258274035,-39.12442584732773,-16.150354014020305
85.28870365236622,-54.28127220939829,-159.80939862474142,-0.1795410941204305,-39.59177908906004,-15.4495736730726
86.5272794198648,-58.60385619849129,-165.11744458854838,0.11277124558061273,-40.2291830113828,-16.0664620137563
81.51962792639313,-54.02768418360932,-159.78744864608535,-0.18399163986752218,-39.77877902123294,-15.374099997383471
79.24264840261729,-58.384731753256425,-165.26870669704107,0.10862551761034298,-40.39455919093389,-16.0042955772907
74.74642418811368,-53.827240596087506,-160.0866639620384,-0.187838133001878,-39.90353164262928,-15.318299212192736
74.2147130229719,-58.2040541729855,-165.6792195545658,0.10506419226443611,-40.50715132803531,-15.955718353093598
69.48340535288612,-53.66709747984268,-160.62905161102225,-0.1911162171357588,-40.00082789872763,-15.272658052006504
65.94961689894063,-57.88672835312392,-165.97638091602218,0.1020553133182395,-40.53706941754957,-15.968737650933209
61.81376164079583,-53.3507684703111,-160.83444975174507,-0.19387325487987014,-39.97413275762042,-15.312238762022885
60.21796642889263,-57.70943203862722,-166.39255014803825,0.09964112729081781,-40.521577965174366,-15.980809866335434
55.81414870655081,-53.258458062925065,-161.5600215968343,-0.19614221471985538,-39.986963457647704,-15.293807254004655
51.96032972399159,-57.20028126421747,-166.3326849588817,0.09744322105501156,-39.843532836784476,-16.05632826797302
48.0651906778166,-52.73084160954013,-161.13976030088517,-0.1981349357559797,-39.26702536120515,-15.440232293028927
44.903755600261896,-57.032798779449095,-166.46813008998794,0.09594906382352686,-39.77061458299012,-16.145920131329735
41.04661611479092,-52.72023744362839,-161.8488890331478,-0.19952756259576232,-39.26783340570004,-15.44728831538349
37.29478161818032,-56.695934379646026,-166.55572957635053,0.09464278320811782,-39.60065593973538,-16.2044921625442
33.620143896229415,-52.37923259835842,-161.67369804926753,-0.2006199771788566,-39.05631450489988,-15.541477483377093
29.977215105404273,-56.43751604638981,-166.3882359586767,0.09424381986019673,-39.41404947154049,-16.2887227914615
26.32591523298013,-52.29699333074403,-161.96726998043462,-0.20076352879897386,-38.93930099892293,-15.579641043185516
22.618288561839737,-56.16945276748364,-166.14548647859317,0.09482149468037669,-39.18464472559609,-16.337637552762843
18.876292063670252,-52.19155820298884,-162.09593616792907,-0.19972902182857355,-38.81041559753278,-15.60955359294171
15.05429113404414,-56.051526492076796,-166.16438003343495,0.09645089505275792,-39.15262699287708,-16.36501082265875
11.154477370001661,-52.303440190781814,-163.84928319885,-0.19752126345240525,-39.51314981245794,-15.604817010888652
7.192239018424404,-56.18286466194993,-167.53972164309957,0.0991777044441182,-39.3556424983494,-16.341173733620693
3.0433688307986806,-53.38017151496784,-171.49015233952636,-0.19425056684836883,-39.9075410849807,-15.516502822365334
-1.0768566444068601,-57.087242603682355,-167.71007040000504,0.10290119410673831,-40.39081280701235,-16.179295950746386
-5.545385690352412,-56.82280652411763,-173.33759937571074,-0.19008282133946344,-41.0363736936196,-15.155332266941574
-9.94692224689998,-58.56963804724114,-177.56980122000783,0.10742832473224195,-41.66724048449582,-14.392434691441247
-14.400430196060915,-56.93113501658803,-177.3964411950701,-0.18518793808354211,-42.287463268133024,-13.41495558580112
-18.830381696813113,-59.89087783435486,-177.85196001115443,0.11262278137781748,-42.853923098676674,-12.796321821908924
-23.691530639589672,-60.09387140702346,-182.98909068085595,-0.17969050317383065,-43.52944570609929,-11.712356974551305
-28.447709914035958,-60.422268902125154,-184.41816913657695,0.11834897724635125,-44.18421529363807,-10.82181733571611
-33.296980245939125,-61.708400464964946,-187.94466824286403,-0.17375410303316102,-44.84590325691851,-9.6890455255041
-37.739677116580715,-57.97654701833139,-182.84069135940678,0.12448027704443337,-45.34484983047947,-8.641362737221575
-42.67121484875845,-62.21216559138431,-187.17526889329633,-0.16754243405617983,-45.94117475701044,-7.403468689028195
-47.60310953691569,-58.70979576085951,-183.986622816867,0.13142701516804703,-46.47569703577428,-6.216505296316623
-52.62412714301377,-62.66212591767326,-187.5665766803371,-0.1603206685185164,-47.19047026929204,-4.942734697753784
-58.03742326437926,-63.25395440715913,-192.2892888457368,0.14045398815135154,-47.86636140526325,-3.7485700241153275
-63.519113266544856,-64.27669541690058,-192.06401712093722,-0.1500295075873103,-48.67424683876963,-2.5061442657206054
-69.53200124268967,-68.49732872135134,-198.01990118264783,0.15209746262466872,-49.426017797459785,-1.4146529422354572
-76.1414777534004,-72.46428192302017,-204.58918139362268,-0.13740525676845863,-50.29267807204884,-0.287488027223716
-82.34419071893232,-68.56881383073382,-209.6711676264734,0.1643627957500426,-51.07206932939409,0.26706819047642244
-89.59324491424529,-74.2279424252697,-216.91148412634973,-0.1256151052633506,-51.91377615067415,1.1758680231473184
-95.7077912376658,-70.02282541999905,-212.8757561757877,0.1733031448808318,-52.57753305322564,0.15971226030228558
-102.20291997973484,-74.53923986354705,-218.18372125189137,-0.1193013748326894,-53.50141845616832,-0.655101930723295
-108.52097406293504,-71.06497386721226,-216.5484607250182,0.1800565748015259,-54.367866756251466,-1.6344583370143797
-115.85087505399066,-76.40820035992533,-223.23470769145766,-0.1126027331867619,-55.08041738808467,-0.6633981672144004
-123.0657090045641,-79.53930124385293,-228.81250585279443,0.18666389608820694,-54.53142919101836,-1.1354655383347005
-130.46644510516555,-81.29420662669784,-234.1539409954002,-0.10594643288629245,-55.319334492169766,-0.32940083875229925
-137.81449211997767,-78.56537655631189,-232.37015976160023,0.1904845815257111,-54.518191002426434,-1.495883861795621
-145.64654513619354,-83.52896337697008,-238.53045672680906,-0.10342093433815434,-53.972071036599424,-2.5334374940204527
-153.8817211917466,-87.63959791266643,-244.8083200451455,0.1918926974436689,-53.22285361900656,-3.7184505320266417
-162.2785939129888,-88.25574652044001,-250.6547805002221,-0.10304484498378338,-52.46114869465471,-4.751147912331136
-171.0719689944144,-92.85132277135992,-257.1124889627241,0.193243989669561,-51.61167287421048,-5.8757404717713575
-180.0602241866016,-94.9010329107974,-263.20107686282887,-0.10395732136575277,-50.85415361930584,-7.012845728081981
-189.46350331080367,-99.31685954602035,-269.87877580831076,0.1915284383357042,-49.98974647046161,-8.128437879913458
-199.0721502620261,-102.73952312849664,-276.46960837856403,-0.10432564221685998,-49.135855564731415,-9.234134798490805
-208.38589495711219,-97.94621295661655,-272.54213367046225,0.18923720130426996,-48.217571197219215,-10.419644415503013
-217.58276293463675,-100.20458292972201,-274.0296067378248,-0.10690679620916074,-47.17377440887008,-11.62421896729818
-226.44676020634478,-95.60647398864339,-268.27583887453113,0.1864175367849856,-46.11363860193103,-12.859316383171864
-235.2102862864944,-99.0176821791544,-263.87780222904445,-0.10988133743349822,-44.975858823370274,-14.081792354382614
-243.18261359312984,-93.73132195788637,-257.4649595716519,0.1832145357033507,-43.79922776298083,-15.355757760845165
-250.39876642685638,-89.32669069316472,-250.8540104283723,-0.11306272322937527,-42.548222604711086,-16.65518149807814
-257.88183434815465,-93.19945677547102,-245.42144411577522,0.18018534542330827,-41.33558897538115,-17.894196887898357
-265.34518739217265,-89.16090414529359,-240.96542300994471,-0.1161595848103524,-40.08469257880458,-19.08061864874395
-272.0281884712283,-85.75947200763778,-235.19589721626284,0.17661708570420906,-38.806761487365684,-20.279262688296946
-267.79018424805827,-81.1377889379926,-228.1017145616457,-0.12184826064112994,-37.494182723283004,-21.527528459037843
-268.5878281695172,-77.63566614927127,-220.93893289839244,0.17336995837781935,-36.185154538480305,-22.624998480374778
-264.4454738223853,-74.2164884492083,-213.5964659246887,-0.12445491927105894,-34.862572625216345,-23.7504919832478
-271.88608588738464,-79.39883194844069,-208.49956552658404,0.1713577525842953,-33.6016785245155,-23.316985763018405
-279.18658846999125,-78.81978331141167,-203.85731871180522,-0.1260441043924071,-32.375805768910304,-23.920831423314777
-287.6054923386786,-83.89876835387341,-210.0225082252251,0.17005411630239517,-31.191207042248983,-22.991080324509458
-295.1576010642149,-79.43261897124596,-204.38217767893076,-0.12719607799638685,-30.018537955282238,-23.434978628675367
-302.85382904548914,-83.66446211625025,-200.44335918821614,0.1680523459730402,-28.831371213679184,-22.83082005198493
-308.0239922300177,-78.3635196933445,-193.86694348175777,-0.129082454668697,-27.62429243036846,-23.777244337155462
-314.0806333443564,-79.83653095479174,-188.18502701286047,0.16522622763680275,-26.397302970094312,-24.598577094633203
-308.21711549625945,-74.73762741404622,-181.3698335281735,-0.13170238761340203,-25.153245309821244,-25.57532168769516
-313.13447357958216,-75.01844713067071,-175.1008446425541,0.16281358727282128,-23.914302175677985,-26.47249413748195
-306.9250489063738,-70.23761518936139,-168.1944765340046,-0.13373731993494387,-22.664393911387165,-27.45341497219484
-312.43162758524284,-74.02257126292884,-162.09261509441916,0.1609080003773373,-21.41296777550057,-28.23257265565427
-317.9600255352558,-70.44805156531436,-157.09520303177692,-0.13207783645686091,-20.101046753056835,-27.868657413774432
-320.4808408680565,-71.16743400668557,-151.68470105903899,0.1618207359388983,-18.821580344615835,-28.53362439330802
-327.1929139186226,-75.31671040244967,-156.19170544446195,-0.13176062296497015,-17.458793608521137,-27.641514775969227
-333.1225302315152,-71.33166442436168,-151.1439555904411,0.16503303566627528,-16.117433350145426,-26.924016909220622
-327.1371386330616,-67.73665986352069,-145.25927878595826,-0.12936398080401487,-14.779452486986289,-27.771448090993218
-322.51741785976145,-69.86352166492944,-139.54585886473348,0.16357090150382336,-13.48315732775963,-28.563290756014915
-326.9019335176114,-66.36752516438501,-134.57060469980885,-0.13261535773370586,-12.174264750589545,-29.247769048620626
-320.42967432727227,-62.89087251639383,-128.7249532080263,0.16334905810304098,-10.879826651907608,-30.07892503877474
-325.74074632715036,-67.64674631673019,-129.78709598472534,-0.13063130144300794,-9.588391081359125,-29.367355048771895
-331.97417917497546,-71.08290066164172,-133.11496204728846,0.16552558471424633,-8.323923633940037,-28.55646756512546
-327.3447159090548,-66.69564838596588,-127.68324560127681,-0.12632494903208305,-7.060810564458786,-29.18802430309041
-329.4128388439586,-70.04066695293592,-122.73675935265213,0.16787018348941696,-5.860422216155345,-29.738379317592504
-324.7036836669507,-65.96139735966564,-118.53899160652036,-0.12549209592228996,-4.650583648719875,-30.221777811491588
-329.80601359832286,-70.1848798608884,-122.32414502428233,0.1701729749816791,-3.497363594188933,-29.63338763325049
-323.7013606321134,-65.57594248981847,-116.77675091140269,-0.12508247760260446,-2.367980166723718,-30.43665778780188
-318.96432675015126,-68.80231924093064,-112.09222455385135,0.1678592649352057,-1.3277042664755643,-31.08532141905966
-323.7505716778615,-65.20858510084001,-110.91932043343927,-0.12953935283462992,-0.300269497794555,-30.53906371265001
-328.5737267745824,-69.62872730347114,-115.06204895417447,0.1683683291794463,0.7778972446264288,-29.86441662205068
-329.6579316316456,-66.00699988131724,-110.52090097886337,-0.12804868407854705,1.7491982871612421,-29.44473866028976
-334.4732922128422,-70.4296593871538,-114.87706747871735,0.16998519201053688,2.7775997158363706,-28.794088171851662
-341.8040468013855,-75.15214034301309,-120.70240464892589,-0.12335559910442051,3.509118314663776,-27.807366516687274
-350.92333371365095,-80.80482307364755,-127.89498801010657,0.17437881263236332,4.113601277895238,-26.580625693000698
-360.1014065970599,-85.62817500545921,-134.75216320596527,-0.11962630899067837,4.9345250817088475,-25.335134531167817
-369.56789433754705,-90.15708302755966,-141.55815082528107,0.17644064412464786,5.823170881513187,-24.050392005895336
-378.0288011476932,-85.5057101014484,-145.69446996296517,-0.1194020614877239,6.730595750913782,-22.886784143305086
-385.97932256277426,-89.5828828437299,-147.98649165762015,0.17779442916647822,7.773384228270963,-21.772803526310902
-393.92143319422075,-92.2441825887212,-152.76241324659614,-0.11867004656140803,8.611011982025088,-20.66932461622678
-401.012411152019,-88.76531148695545,-153.4049345182456,0.17839298194104025,9.613764932721727,-19.648109036300077
-395.68631946209996,-84.92979815281024,-147.94049574305728,-0.11655574265379887,10.474419878346227,-19.182213857608247
-402.12939089528265,-90.05785507500684,-153.66304944388358,0.1793773076982217,11.400635546867965,-18.360959206063225
-406.10385830950736,-87.80167027441718,-156.4329117303295,-0.11821485579149647,12.240476873715446,-18.840025002478413
-402.3735257882225,-91.83077844039347,-160.17547301197635,0.1777204691441752,13.229860932576345,-18.325428230366132
-396.3410623744215,-87.19492433068729,-155.0478721797692,-0.11821479025966135,14.09338033975912,-19.176858802963682
-401.32430290879097,-91.93478633937455,-160.6348569379036,0.1769006448948752,15.045913731613506,-18.65612760177051
-407.99407029429346,-96.58182063027779,-167.04867272496637,-0.11970294134726189,15.580789248869452,-17.757382939915743
-414.5746304297914,-100.30201701774926,-173.42034755359887,0.17488226569321913,16.29780313069124,-16.8376405188607
-408.01558085897045,-94.99830452237471,-168.52787040909445,-0.12324801609261564,15.7822513897821,-17.673001764223677
-402.72754872655025,-96.97791852765265,-173.4986046450786,0.17157708438984107,16.616514193868785,-18.330256929024678
-408.16334599111894,-100.59106177667393,-179.05706293922597,-0.12514448052361646,15.79636539539296,-17.564705563180087
-414.63038859311393,-104.63845746328347,-185.44600859672352,0.16942862470140677,15.080326015461015,-16.637341708077567
-421.8782439073093,-108.9750985982075,-192.46626334074924,-0.12748468018120046,14.368717042584809,-15.593147889695617
-429.71061237638634,-113.45844247450786,-199.97037764206377,0.16695713901479636,13.59047274280761,-14.459915652427773
-436.78655195128624,-110.07160479400311,-207.02470390700157,-0.1300216616854726,12.803940254733574,-13.379362331135484
-441.5894012436007,-111.5166411271921,-213.05277393152244,0.16440366383496854,13.421082797101503,-12.440248671280894
-437.9424070814619,-109.97468304411281,-218.46314408054383,-0.13254820210777984,12.533890680446419,-11.613945293728055
-435.4205094580214,-111.76082794818387,-222.80706910665347,0.16193943186283075,11.932382479393038,-11.038786597773637
-442.30229569792294,-116.42450672642065,-229.17934939698395,-0.13492659064416113,11.220312540548639,-10.132405441759696
-448.47298763056193,-115.7550961229614,-235.17435907885618,0.1596698922225993,10.772783749138407,-9.28758964947332
-444.77861196173706,-113.32045242472326,-239.46598625536336,-0.13707829165523114,11.538810495585697,-8.912145796509868
-449.41364880262716,-117.27922143490012,-243.53716748811135,0.1568177762753811,12.341752431702053,-9.298386650600818
-442.90384460297327,-112.33844721318705,-238.03240867904836,-0.13954004379335197,13.295471905103684,-10.138050233856344
-447.3535799551008,-116.93348207515938,-243.7702367734116,0.15556612941457845,14.014294945115262,-9.483146218530015
-441.1098289697908,-112.29486249458826,-239.5519033002797,-0.14071389819928132,14.908515724486191,-10.281767570410032
-447.1234305856556,-117.44833405196007,-246.15956424014584,0.15445668556039288,15.61694031956627,-9.434804525306275
-441.90324494638486,-113.41069768032709,-250.84415663778128,-0.14177309134712507,16.460017526250176,-9.953589587171859
-436.7589026108222,-116.1093747653417,-246.93341391125094,0.15344352852526688,17.3625625802775,-10.580382013056129
-431.16033427316734,-111.70832981427844,-244.40521412789136,-0.14274191762720456,18.33230512635281,-11.310228815782787
-437.62907157479196,-116.96132199231582,-251.03105475702552,0.15252117735089296,19.133713300111197,-10.41046195635888
-437.7792408138753,-113.60054495597007,-256.26081920025484,-0.14361640111822788,19.976024056658332,-9.74051440429211
-444.112252864415,-118.79092510077831,-262.53880149263944,0.15169747730206934,20.447443801949024,-8.848321516754083
-449.49018352597693,-122.09448585275504,-268.2986469433952,-0.1443884076709514,19.930275649638105,-8.014143692268238
-454.3695701603236,-122.08312089428313,-273.8574764677049,0.15097886503584498,19.281983994808424,-7.199258091974816
-460.0188816576826,-126.42050544497424,-279.85014297476397,-0.14505410446367992,18.48010307636302,-6.314654274665437
-453.7306248837433,-121.41012745689741,-274.90025064612956,0.15036623750169736,18.913231529286506,-7.023579934292195
-458.82448672148985,-126.00771575210828,-280.93332338709524,-0.1456153727232019,18.171719066544686,-6.227661248769986
-452.191847844971,-120.95635693565917,-275.7455227201858,0.14985523561547695,18.826672947167904,-7.0573475766998515
-456.7845609867203,-125.57417334874917,-281.75146069016296,-0.14607860232804282,18.159641418284888,-6.337317890296195
-462.1434741396276,-129.024884418176,-287.8642264056096,0.14943787969543507,17.35830874949122,-5.516602040900867
-455.78963890799355,-123.96865289685158,-283.0506266887188,-0.14645294419913935,17.718274810532325,-6.288891697458742
-460.51374480289354,-128.38632331171587,-288.9908480083171,0.1491042325376127,16.983752220047016,-5.551597072450588
-465.65837315356123,-129.87925957971012,-294.9164967516126,-0.14674882162412153,16.15649812022978,-4.74698446626831
-458.9969743347585,-124.88209099190051,-289.45111150960173,0.14884366399828497,16.56237858877897,-5.580954090221919
-453.0958189892204,-124.66829131241008,-287.4758227682645,-0.1469768851292021,17.068762562927635,-6.3342645360262155
-458.3552425427579,-128.89116275456956,-293.33935644268104,0.1486456862456671,16.357921305702757,-5.58272018806568
-463.6994019161291,-129.88195300775035,-299.1554350720757,-0.147147356412972,15.54850073248004,-4.770529266765306
-468.82372674678226,-133.24579064973284,-304.7561667960266,0.1485004549333642,14.683042135715343,-3.9489861648246984
-473.38785657452576,-130.89026662434017,-309.9371178358789,-0.14726965324116756,13.786335955071406,-3.155680031132326
-477.8291354344768,-135.00942126614416,-314.7796282484101,0.14792077698933512,12.859294526301062,-2.3923905604135793
-470.5213650715261,-129.4492107474861,-308.124145795292,-0.14775332661668747,12.356722693182752,-3.3431171440951246
-464.5285071901715,-129.03633615700224,-303.67741496030715,0.14802828173859897,11.598685223196771,-3.8094029044436644
-457.5023343450929,-124.18262790036916,-297.7471696827235,-0.14760836493435892,12.31505012750283,-4.730190248842303
-453.5896259587771,-128.7338703830446,-302.9193783726281,0.14818390454312202,11.90273247630041,-5.200115549257016
-449.1386487701942,-124.50020090424842,-298.7204443386937,-0.14745853528178549,12.52642543796691,-5.815767652386031
-442.78350692564186,-120.40546806209699,-293.06280924840496,0.148319077844931,13.387262155284093,-6.698053442829628
-436.89508366160817,-122.60502995024432,-288.46494694678563,-0.14734195218293458,14.284790848415856,-7.543012106232216
-442.08859621565944,-126.30212354078628,-294.2791851617196,0.14841632635261628,15.050532425133952,-6.90597203696121
-447.2910733358741,-126.81985835829822,-299.9376321247238,-0.14726302589511558,15.573810084800948,-6.155495916604745
-442.75455353268165,-123.40955597198702,-300.58975900070885,0.1484789742504483,16.146176994000555,-6.5190310451226585
-446.24597860727965,-127.26533311505021,-302.93399965275455,-0.1474034103208391,16.623813004967893,-6.055572584048565
-449.67628278519084,-133.2001177579635,-294.35096878636097,-0.40297223290853085,17.435571396507154,-7.173780649773356
-454.0954231761783,-137.12790810003398,-288.19135534632403,-0.07233537572414665,17.846636069355135,-8.024763675492629
-446.8467960054955,-131.34782673367854,-282.83228273339114,-0.3078188671164546,18.66292732491657,-8.951403006199902
-440.710972269753,-127.09038254472429,-288.7735988317153,0.006462479401046408,19.358257133431003,-9.519760332814508
-433.4537317425894,-122.22973100206777,-284.0880739899555,-0.25782371188131076,20.240047883350215,-10.344709776383404
-429.6186469462073,-126.86602926371222,-290.8875991804318,0.05392956499529426,20.812752644262105,-9.487005481805186
-423.0134029919973,-121.56547530293989,-293.4323357956613,-0.2214388242651572,21.635630310333028,-10.177500043132964
-427.4233284301389,-125.95960574920036,-299.78885652813454,0.0868297058393605,21.301439698524586,-9.279624070017366
-421.49492448744525,-121.24060772508234,-303.739430151037,-0.19644079349659233,21.968876008723598,-8.724977956534708
-414.79325448448884,-116.96892395345327,-297.9301281253884,0.10618795066838771,22.810197410295263,-9.588505310213321
-407.30711132830794,-112.5899101581304,-291.7840081094898,-0.1818943865691995,23.781217022061735,-10.47006900850979
-400.4639467595465,-116.46234137455274,-289.8011627024852,0.11840151034967543,24.739478580836188,-11.244417454589925
-393.2744649234434,-111.63898224003428,-285.1413549925478,-0.17195331127440813,25.75507921957587,-12.091971642415047
-387.406116385153,-116.1060421246374,-291.07636181204845,0.12675099380942134,26.710718514741735,-12.064239995947245
-380.8027368076294,-111.43218705527771,-287.31589366558063,-0.16495184441844463,27.71703239502771,-12.841190559371976
-374.9445328458094,-115.45182579382255,-292.71886807035037,0.13268387335744164,28.699835605893625,-13.400561715643718
-368.4393940601886,-110.83698729639323,-288.7103581845835,-0.1598431978768603,29.720187978442112,-14.11283373272281
-362.89957382403503,-115.16243121442082,-294.525569552569,0.13708132095839698,30.701578437000116,-13.577985799155943
-356.5858601506995,-110.67816397488892,-295.7565791226333,-0.1559567522799788,31.713285185603464,-14.319874371107963
-351.15900960973454,-115.08701287077821,-301.26355411147597,0.1409665350161344,32.680690069562985,-13.829670857698506
-345.0683630112824,-110.72529454312121,-298.8931425431769,-0.15428184934130937,33.67721217176391,-14.387199095217015
-338.5874997785437,-112.34033067355448,-302.5324077695698,0.14361777569172723,34.690577559375974,-15.057355197754
-332.698009893444,-114.78063508283311,-307.9151700204114,-0.1498726040836053,35.656524614268385,-14.456357600202683
-326.84495930338886,-111.34141624437771,-312.6909248387238,0.14734671195267832,36.60520249349859,-15.012757125429566
-320.8465840960591,-115.02411636042534,-316.45217910914073,-0.14647712897172294,37.544688004243895,-15.525985928026799
-326.3138816104716,-120.11539345347042,-323.9207930489314,0.150887187895575,37.90887169530126,-14.520676239293064
-330.7541948785214,-124.71235958548722,-331.83452556243157,-0.1433427911715419,37.099097229578206,-13.368645482325476
-324.4131632658965,-120.21817129291485,-338.6713254202184,0.15359451087644926,36.43598026961483,-12.288331208689108
-320.19048882661906,-125.27380830890806,-346.09370399068365,-0.14109180292495008,35.59220719850564,-11.211547199900275
-315.46299489707377,-124.65217372475688,-353.0489028808447,0.15542194635773515,34.760302185553584,-10.24964626834721
-320.51996830134027,-129.62078118670422,-360.73021937300115,-0.1396758890228498,33.80054291260751,-9.246071862070123
-314.70428345280226,-125.67781961919059,-367.4626529843487,0.15647359640273178,32.896462778711445,-8.477134588229271
-309.0854912062387,-129.45523136280744,-373.37830434798934,-0.13895660427330922,32.031277824376716,-7.43960055320626
-305.63529749712,-132.0621681045129,-379.8192519737549,0.15690695798258947,31.114170150328516,-6.407171373350644
-301.4724557222771,-128.87331253896036,-385.7304531579893,-0.13877173422458072,30.210954615069383,-5.275626569316251
-297.702892187206,-132.94421621279213,-391.2243622692528,0.15688303911631574,29.31803108417265,-4.2526402767376075
-303.04739180045925,-137.18029468934625,-398.11091600949806,-0.1389695432725986,28.328100270915684,-3.2778179634095035
-296.56241818144605,-131.80326026664426,-392.925948306698,0.15654289291290108,27.53021715464789,-2.3874713729889336
-296.2329131864358,-136.56784134723276,-399.83188193785105,-0.13942314865338448,26.6050054884449,-1.5742159024095672
-290.4412153115173,-131.86951864039997,-403.827444171765,0.15599979822787174,25.81605425950196,-0.8313978847657378
-294.13223589818807,-136.73607401522398,-410.0562814780126,-0.14003358821072448,24.93267880776574,-0.6036673564962474
-288.78575216417613,-132.98222941481797,-414.73946644062056,0.15533965273444958,24.10925599888715,-1.473809385324692
-282.12912466031617,-128.1876175644543,-407.63990425496746,-0.14072737945070168,24.799349339323538,-2.3723193304590473
-277.81502569769737,-133.17583293925006,-412.3071658531703,0.15455185333511193,24.180761491040762,-1.9926458136486709
-272.27702590588075,-128.58922293644056,-406.3093610808055,-0.1415386170596241,24.870414622648404,-0.9634571498731421
-266.2448245740793,-124.64328677919355,-399.8761414810791,0.15380794307338536,25.726700512971256,0.022906202491688957
-260.6420640981092,-127.90810161467373,-394.23611249075356,-0.1422612842646049,26.61237061090359,-0.690920118924347
-254.69499949874844,-123.0064070092968,-388.06553015235795,0.15310726537515165,27.420050498968003,0.367146087594649
-248.2521356384372,-118.34736814561508,-380.98915398000264,-0.1440770561231631,28.226013136222758,1.2688205569012219
-241.31992732778536,-113.61332106122606,-373.2468195989343,0.15106289511015492,29.113515076878308,2.335127426616808
-234.31257659937216,-109.27259041545209,-365.24439783188683,-0.14651394676353244,29.958586248508574,3.058661692021829
-226.94004440844844,-104.59349868300133,-356.7745355421252,0.14845269293765595,30.81956239918315,4.094350558081961
-219.60168664609975,-100.63430173993785,-348.27105503594845,-0.14827709569939634,31.63259301451562,3.4921969515785105
-212.27006415149614,-97.04330238092845,-339.75221941004804,0.14700921353764923,32.456001231209385,4.480230459044061
-205.02288408682878,-94.38298376209836,-331.28084015946047,-0.1493838989255451,33.24057511272688,3.6647484127871364
-197.6297081407312,-90.11073424793476,-322.5726175118329,0.14552795173128338,34.101889450597895,4.505254022362599
-190.26704082681383,-86.45774145975,-313.77785695194115,-0.15198708365877178,35.028873731886904,3.533162550018737
-182.70455661527373,-82.16945956161597,-304.69516957580765,0.1421684177876596,35.97168615707896,4.342362780891425
-175.07908897223112,-78.13499252900287,-295.4408186328408,-0.15565702403049678,36.90611829734634,3.3913392309085735
-167.361942432168,-74.12586068271739,-286.0307849398912,0.1379755545819675,37.826055138114015,4.27267249733138
-159.70126012247067,-71.19018210454331,-276.62557118755495,-0.1598947920050879,38.72602079374238,3.4022137029176
-152.08592672059106,-67.93006957584643,-267.2562829859925,0.13342732344025268,39.601296580904105,4.3448956502662295
-144.49828934359684,-64.86797977974258,-257.89713418820384,-0.164314827588289,40.41920277854053,3.610425746020486
-136.97798068551933,-63.76753509196118,-248.64911354814345,0.12929884700780742,41.167236969791354,4.626299424428576
-129.54962633578654,-60.28000234018901,-239.53101799444985,-0.16821914375237387,41.79149893496376,5.3302769902826475
-122.19031895704315,-61.15603563419818,-230.6129932788044,0.12650563850006613,41.44820429003317,6.370576184458957
-115.02678932892937,-57.76802030096263,-222.05941813484003,-0.17048323211699426,40.884895286975464,7.246352689835618
-108.02884635081072,-61.34854346302687,-213.99683947120778,0.12473816646602509,40.171668127290765,8.346864618604892
-101.4370823948107,-58.481736806483084,-206.8727503696213,-0.17245098125850902,39.390765818532095,9.377528116094917
-95.26694532622774,-63.00618059653169,-202.22318306264413,0.12325282692941077,38.496908968051734,10.567994036615818
-89.74812396974355,-66.69218333883497,-208.46741018355732,-0.17252280999951355,37.51302566695954,11.763608418549492
-85.32811056424664,-71.14387792669135,-215.90304139137424,0.12345701513276844,36.50522376995301,12.997931318455153
-80.57014496082274,-68.26783433151375,-222.83792908870925,-0.17175232505476618,35.42995960425116,14.298445233649524
-76.4211296652327,-72.87280498602755,-229.8342761595078,0.12352201538855209,34.30265363188148,15.241656217630032
-71.85689057233013,-71.46279456944755,-236.46312931475686,-0.17145854020530032,33.15621997039389,16.334744191721555
-67.77106466009549,-75.62875597121065,-243.06770207975447,0.12371421740837119,32.012667492183304,17.38839567318483
-63.153003185236784,-72.03051509011694,-249.08351627222171,-0.17141117665096378,30.856271353135728,18.526032367608593
-59.385880890445016,-77.044752043172,-256.0286977238936,0.12366400824464835,29.66341719134732,19.624209912253434
-54.69391965318504,-73.92731306762064,-262.0631814864362,-0.17156880050827358,28.471063515500536,20.76276636165329
-50.51103820544647,-78.68764686935565,-268.6659693361865,0.12344257360993535,27.249927823581398,21.84058161066708
-45.78513404100238,-75.25020532320809,-274.3789540327924,-0.17186077656865129,26.033524561751204,22.94522822329322
-41.37442492048243,-79.98129073999975,-280.6742687163029,0.12311807992237495,24.801682565734065,23.94546688168514
-36.53644383414751,-76.23489283242398,-285.5127647270761,-0.1722257925526456,23.58013679718015,24.966982315689926
-31.88756877024494,-80.81694075260143,-291.0763256313366,0.12274584535830896,22.347918581197213,25.83545017975292
-26.940688087479323,-77.01803053578335,-294.49455422524,-0.1726160787311503,21.13673864203456,26.715052189707116
-22.08543966983643,-81.84248601953571,-300.4751753314102,0.12236641974569501,19.90752682303861,27.402404673722494
-17.009913761931283,-78.29377286529831,-304.7451154645341,-0.17299960785373866,18.71245486904973,28.078588019011658
-11.955767039474768,-82.9810568754899,-310.3710357495628,0.12200382083035144,17.518375521330775,27.36366629457793
-6.8132150955613024,-78.75546441071984,-305.63340674776634,-0.17336121284175784,16.35224526587984,28.074701014466136
-1.632892815051122,-83.27283564841132,-311.3926298627656,0.12166534469241386,15.169592452944414,27.649401633409756
3.522839822791118,-78.73307085414727,-306.10495036724683,-0.17370187365170886,14.011999970110194,28.44448700125692
8.880635334059226,-83.11542701999564,-311.6491436807321,0.12171564768021595,12.840862799311072,28.943135746698644
14.099604235441557,-78.3860532847005,-305.86017578664433,-0.17369157543777008,11.692365031650048,29.705921988216737
19.529825447814286,-82.51879791523427,-310.6843220541901,0.12155399156502708,10.527628319901666,30.108884378684714
24.413910104036646,-77.58113763446899,-304.2353237171815,-0.1748199084910158,9.38036925090287,30.874918036822574
29.56371254970244,-81.72541486718346,-308.2079257250838,0.11982208597088716,8.226979013267758,30.298290293022045
34.52023426535489,-77.09114370288533,-302.3077181207056,-0.17558023327722347,7.11290102726027,31.024848791668237
39.69162830939571,-81.24023228066062,-306.65616552759735,0.11968614481589253,5.986326870160283,30.540981314762384
43.786001914927674,-76.33373157621725,-300.12486731254324,-0.1763521048147806,4.887281280878588,31.33281146014415
48.70767849045664,-80.91007688355494,-305.19816109394753,0.11853694212196446,3.80910623279921,30.61693669324653
53.38485930155995,-76.6164276375883,-299.8732672631373,-0.17617448460102003,2.800863709179365,31.212396147757353
57.527461922050975,-80.5696744393175,-301.18869985530796,0.1190166843029114,1.7636090214311986,30.71129807612596
62.166131696682214,-76.73193941441994,-297.7972000678801,-0.17553794542965726,0.8488494706319086,31.083057400563632
65.97674752626543,-80.76574444419425,-301.72791788428844,0.12005342381743296,-0.10452092846583082,30.572219420955978
70.77530570926932,-78.67867441141739,-305.7890365561161,-0.17423989708022017,-0.8166934578764131,29.96187674917986
75.15338611961091,-82.51267828750584,-304.6522491962232,0.12284168800154377,-1.593333366153654,30.29917747894332
71.09888757588584,-77.61340227294612,-298.28296205073866,-0.17122197380248635,-2.2887932748112174,31.066439263310258
76.99077561448522,-82.7196176955039,-304.6180594442523,0.1258759208508168,-3.0152807721189494,30.221478658272638
81.51451248651018,-78.4379716216083,-299.30307115837275,-0.16745077227902738,-3.473304010291122,30.791793533649177
82.37738264848788,-82.39542818754232,-296.4799508221607,0.1295910029352106,-4.16483480104109,30.37466469677299
86.87155273952207,-78.62266412466381,-296.67874413648934,-0.16383793571943775,-3.492478372182684,30.8536934697468
86.98215322031247,-82.69990061857675,-295.3088368851913,0.13315649810591795,-4.044309996547647,30.387565372766588
92.32464473524264,-86.091789803355,-301.23333135434325,-0.16060086216815403,-3.174846702728243,29.621979247615826
95.89947229548979,-82.3188761171451,-304.6700666685576,0.1361304997969993,-2.482211091823557,29.133020937338983
100.23718434565994,-86.80383051341894,-308.85663039937566,-0.15839704036808802,-1.584009071696928,28.495241994945623
100.64022511325426,-83.42859126898446,-304.8050429654659,0.13795183615721796,-0.8302502399882299,28.971218159867572
106.35862606548562,-88.88349668597255,-311.9153344097412,-0.15873447196492135,0.16132317136679852,28.044494432829886
106.98992028171631,-85.08215772352108,-309.6592283217853,0.13477734984764084,1.1160539706624626,28.02695308595517
111.14476239447748,-88.22836138328687,-304.4722078901121,-0.16111823076317058,2.086520629952531,28.724725964442868
112.27660724814871,-84.5234048356357,-300.22247249606266,0.13415966148527314,2.893443798345719,29.346137500137235
116.8103891711742,-88.30859054176126,-296.03349960215616,-0.16022625572439916,3.7504967004388186,29.899832158030044
118.65276423443463,-84.4472169985434,-292.3592812569361,0.1363855562472495,4.283964623225086,30.342966448847346
123.29227819964899,-88.78353732359965,-296.50942244696535,-0.15856168554869815,4.9403282401910324,29.863408303676312
118.76338294487748,-83.8649881136528,-289.7679474198291,0.1378981145953194,5.3793393308727735,30.68817204005363
124.7809548363726,-88.79672180459274,-294.1712574875965,-0.15592781565631106,4.857764342896669,30.033093221863528
126.78977586015473,-84.0917897279279,-287.44097213591135,0.14129787035599414,4.296663400819983,30.8331413407128
132.59633538517386,-89.25637876285023,-292.30894429461,-0.15200224340428659,3.6735835492738445,30.09805943837047
129.81922162849244,-84.72688039998455,-285.6386476302105,0.14538271848465925,3.0623864760866475,30.86532154122878
135.34587856554316,-89.37949588332287,-281.17185402332836,-0.14836635229163483,3.3859939699031254,30.40647252519499
135.39450052268293,-84.85710638028006,-275.17467577860646,0.14919822441542427,3.0926794904674906,31.188211628997163
140.74312745743077,-89.52497540421241,-277.78690879822204,-0.1436433690471473,2.430095431997107,30.82249496476692
137.27863398419873,-85.24946365698823,-271.8280052420054,0.15278119053401504,1.7406186615517796,31.577691564777016
142.58222059124776,-89.51162307249382,-267.03809435231847,-0.14128690656820947,2.3047853663236553,32.047211373131184
147.77335823595908,-91.19087649337911,-271.60362535097374,0.1565910899283329,1.6499210668608313,31.40425911486874
143.505889381922,-86.6796333543351,-265.20733147004233,-0.13754184777471412,1.0341943261078699,32.15110865143286
150.62387701678094,-92.80155335774123,-272.49957324901374,0.1602173280294277,0.1770610384686022,31.143312570689478
155.8457347808032,-91.64020408161235,-268.01911953632214,-0.13431275178295463,-0.6202576043130686,30.44846099209897
161.55107449863164,-96.58874051659073,-274.03069520730367,0.16314114754711495,-1.344249883079487,29.666946857007957
157.02949499684078,-91.81879475997738,-267.8343831950338,-0.13176038967012635,-1.9721810975643477,30.42401866658787
162.91747251758352,-96.89101685714121,-272.9291939056706,0.16502368906341885,-2.477202808786723,29.722089176876285
164.36570725294968,-92.65524946343031,-266.78426715178125,-0.12904728280011804,-1.9188062289193508,30.480115394723732
165.74211223697776,-96.83318983122642,-261.95776455291303,0.16695249615153934,-2.5913475812248765,31.058625706112508
169.83336327318068,-94.1076022102384,-258.5842857190216,-0.1274902126616604,-1.9236544938778357,30.62963041344868
166.4401144576439,-98.14629336546663,-261.9526517046425,0.16819257745568553,-2.5223905200498793,31.093753354603077
171.1607883369446,-94.7656801638738,-257.20302521081743,-0.12656004344273344,-1.799353205094747,30.57030606624245
169.42700935755806,-98.9667125339732,-259.45636964141335,0.1688011330112826,-2.315555839400274,31.038518123118042
173.28299908972596,-95.15583256288545,-254.28731070419565,-0.12615854999056977,-1.5329209168260807,30.398694030494376
170.04315193153633,-99.46042718348171,-255.4612239834449,0.16903399466116456,-1.2227850334490504,30.804812548633404
174.62895894183754,-96.6879938799685,-251.23006161110138,-0.12662278265510446,-0.4975658292984531,30.44280788651278
175.75676277594766,-101.01763008263588,-255.5950594247163,0.16816503832957466,-0.9857890312878945,30.618268720190027
172.45932861749026,-96.93580299598646,-249.99978209345903,-0.12718424908980094,-0.3750571345211305,31.293804404084383
176.8031285729877,-101.29560558208951,-248.76330677904932,0.16760879773156614,-1.0426809307938405,30.999042555084646
180.47281003785793,-100.3357101052628,-247.84449116933374,-0.12776243226238998,-0.39283436452593123,31.22754032353497
177.13457519344772,-103.99600450769573,-250.41000797014834,0.16696914408924807,-1.0339080698550944,30.7782810918116
181.58618826921457,-100.49968791166383,-245.87699656811648,-0.12919595694026528,-0.38603578276264394,31.254893499839284
185.96435393142343,-105.2925897665777,-250.87897224799465,0.16686951123183777,-0.9084958390318877,30.623634136600447
180.92129000101886,-100.7686016322879,-244.83064266494083,-0.12828582022248738,-0.48106024327382474,31.39316517518326
184.768659852351,-105.05424552496609,-241.06745186305147,0.16675058389369501,-1.1914908154490917,31.84949122853523
190.2227646526502,-109.60629994726783,-247.23615544204435,-0.12928649916089033,-0.3723489323106608,30.97571792157417
194.3754157167344,-109.31522448710157,-252.14256962106086,0.16650922660725634,0.24259444958458065,30.20863216151437
189.47744726869308,-105.58574870965629,-246.51770582524472,-0.12881968487322695,0.8173804431181872,30.867639687027598
184.7732524093591,-104.3260463193253,-240.86575974080367,0.16551620843229972,0.34448991693711184,31.601238689011286
189.1037175279896,-108.0772746053871,-236.63461898668908,-0.1307416995801745,1.048732943522918,32.00069659891091
192.76340040895448,-107.94060698886523,-240.81115465609594,0.1659970915882992,0.6981289416365533,31.377959571782082
187.68575217718478,-104.3753303577471,-235.5017486823428,-0.1302372326093892,0.09071555589118484,32.04136393729491
189.13403879553738,-108.38531601520371,-231.54080156971224,0.1643337472350512,0.7178546323507649,31.62174385271742
195.11110677330538,-113.38198282889935,-238.2048484019804,-0.13107995973636383,1.3584977356608148,30.770036233032783
190.24086491804422,-108.50246001471395,-233.22848408848037,0.16356846047372656,1.8813388043702288,31.396053877955516
197.24452609045903,-114.73036578057682,-240.82851066761245,-0.13360372004413468,2.7204318649086474,30.353244328886134
202.2763545264105,-118.22255863325684,-246.15952841850364,0.16116956442034586,3.5421704220104355,29.521345542004184
205.67483049322774,-115.42179529866013,-244.4005612024599,-0.13409232765902043,4.165920400818748,28.811738702935205
200.12338122297697,-111.63325455271111,-238.82882276370015,0.16007660654422992,3.668153789387629,29.59545230688155
195.20872475658675,-110.41359139288448,-232.9818300071641,-0.1367662391648608,4.428984859923668,29.18098251815879
200.41326392646272,-115.09285892020489,-237.02221184728222,0.15913108883079596,4.109317595366449,29.532583218176228
195.37380872581284,-110.38339162874703,-230.80726788617247,-0.13693156777619125,3.6858978405755907,30.327520850476855
200.30697109926615,-115.09261785686262,-229.02833314126016,0.1586518073022095,2.9705223502412834,30.838733878067355
195.96185339221094,-110.9058595723918,-223.69205340845548,-0.13625024516596268,2.380708718123927,31.534555966183277
200.7774532343729,-115.51755253852853,-227.50200482516505,0.15978434572939842,1.6114477637043116,31.116681648807194
196.3919479334843,-111.31705514495299,-221.7655800908961,-0.13472940571919298,0.9678790597780785,31.84349157859652
200.79628800959287,-115.7383829128491,-221.05773374638298,0.16070274778169386,0.17587305534954528,31.619248029027137
204.4357980996196,-116.26762945721568,-220.67713712983448,-0.13404233285353775,-0.04733193424559902,31.18067689594042
201.13380949787958,-118.7997530205533,-224.11670679947832,0.16119136301739861,-0.7716060000656251,31.46762028765493
205.87451932380924,-118.80194124711608,-219.90500113514938,-0.13377850116015266,-0.1939902612418478,30.970964957989086
203.82467642082088,-120.959243376815,-223.99650156646717,0.16122043686501208,-0.8821392742520454,31.357525969338553
208.3097415933917,-120.69847657395631,-219.6864118743292,-0.1338586698394849,-0.25534247272778304,30.854620627194677
204.8856988809937,-122.5707456930107,-223.6730652927301,0.16108056400261603,-0.9166700509462081,31.268144252214565
209.53971798698822,-122.29480760456195,-219.29059143099897,-0.13409616748226516,-0.26453338677061883,30.77169490838406
206.2094619629448,-123.75659723240008,-223.17892455416262,0.16071155117137711,-0.9074755366311094,31.203325932389014
210.8352360887826,-123.92074670014364,-218.7381841954701,-0.1344935053702119,-0.2415612313030166,30.712881574232693
207.4522404934805,-124.35845219732558,-222.53124393273637,0.1603232025581951,-0.8727846720427107,31.15615847813124
212.06928364722958,-126.15684437372046,-218.0457955907141,-0.13492576888258515,-0.19968473292498862,30.670734303392177
208.65494689269104,-123.589494793744,-221.75329773880338,0.15980614472476615,-0.8248365440370075,31.1215834805499
213.2641735287877,-127.58838259335255,-217.2316208455876,-0.13542987394885544,-0.14856270322312756,30.640318155487783
209.83086321144464,-123.87089225412527,-220.85831061959996,0.15934802017892347,-0.771207351804284,31.096437233324195
214.12435558551246,-127.88623702379076,-215.99975983443824,-0.13590407829161433,-0.12344001722690189,30.531025371219428
210.5697964308688,-124.25905982478658,-219.36111955548006,0.15881320815556224,-0.7717492702645965,30.980386508392264
214.64000245183445,-128.15051948966737,-214.34050279586415,-0.13640745760745218,-0.16894176539850828,30.379912863113997
