time,px,py,pz,qw,qx,qy,qz,vx,vy,vz,wx,wy,wz,goal_x,goal_y,goal_z,u1,u2,u3,u4,u5,u6,u7,u8,u_alpha,u_beta,solve_time,dist_fx,dist_fy,dist_fz,dist_mx,dist_my,dist_mz,actual_dist_fx,actual_dist_fy,actual_dist_fz,actual_dist_mx,actual_dist_my,actual_dist_mz,u_alpha_filt,u_beta_filt
0.0,0.0,0.0,0.2013,1.0,0.0,0.0,0.0,0.0,0.0,0.0,0.0,0.0,0.0,0.0,0.0,1.0,0.0016017921270897527,0.0016017921270897527,0.0016017921270897535,0.0016017921270897535,0.0016017921270897535,0.0016017921270897535,0.0016017921270897522,0.0016017921270897522,1.6707963267948966,1.5707963267948966,0.0025825590128079057,0.0,0.0,0.0,0.0,0.0,0.0,0.0,0.0,0.0,0.0,0.0,0.0,1.5707963267948966,1.5707963267948966
0.008505582809448242,-2.2490874274426607e-05,-4.961939782031054e-05,0.20158934987115218,0.999999974473841,0.0001278987580677103,0.0001862634088500033,-4.0937587876329745e-07,-0.0022490874274426606,-0.004961939782031054,0.028934987115216675,0.025579751831192998,0.03725268208697329,-8.187517644931242e-05,0.0,0.0,1.0,4.9813187702711765,1.994448920426828e-08,4.270683963676684,0.2637800701306128,4.981326828221788,1.994448920426828e-08,4.2706920216272914,0.2637800701306125,1.6707236807260426,1.5707236807260425,0.0016218620003201067,0.0,0.0,0.0,0.0,0.0,0.0,0.0,0.0,0.0,0.0,0.0,0.0,1.5850820410806108,1.5707963267948966
0.020149946212768555,-4.8041234325787035e-05,-3.326225147080516e-05,0.2018123822644385,0.9999999802508585,8.264255479955828e-05,0.00018073776153566159,1.5337383422761816e-06,-0.0025550360051360427,0.0016357146349505382,0.022303239328632155,-0.009051312507305499,-0.0011050836512320333,0.00038707826464252356,0.0,0.0,1.0,29.999999999994984,0.03232504388748351,29.999999999999556,0.5172461761394946,29.99999999999501,0.032325043879666594,29.999999999999556,0.517142791297442,1.6707963267948898,1.047197551285909,0.0030670060077682137,0.0,0.0,0.0,0.0,0.0,0.0,0.0,0.0,0.0,0.0,0.0,0.0,1.5973165610299582,1.5707859487850602
0.030266284942626953,-7.488849659479776e-05,-1.6460177336702958e-05,0.2030903748951071,0.9999999900769045,2.5280736461935403e-05,0.0001385422491044994,3.6221855585070968e-06,-0.0026847262269010723,0.00168020741341022,0.12779926306685774,-0.011472452048699365,-0.008439050567366504,0.00041631337199609004,0.0,0.0,1.0,29.999999999948013,1.771209333342018,29.999999999951637,3.476089971421459e-09,29.999999999948574,1.7712093329388963,29.999999999952124,3.370443368844178e-09,1.6706196497952925,1.5611923788403552,0.0028147870034445077,0.0,0.0,0.0,0.0,0.0,0.0,0.0,0.0,0.0,0.0,0.0,0.0,1.6078136704249484,1.5407859487850601
0.03976798057556152,-0.00010367392025697587,-6.389188511312933e-10,0.2052990745913074,0.999999997342251,-2.835546575491609e-05,6.702392741239732e-05,4.3884380418351554e-06,-0.002878542366217811,0.0016459538417851825,0.22086996962002992,-0.010727313430141733,-0.014303621686507579,0.0001521259212351154,0.0,0.0,1.0,29.999999999996465,2.485953992694089,29.999999999205244,0.1553714325563962,29.999999999996465,2.485929954928112,29.999999999293305,0.15537143143166543,1.1547876559186963,1.5707963267948966,0.002386073989327997,0.0,0.0,0.0,0.0,0.0,0.0,0.0,0.0,0.0,0.0,0.0,0.0,1.6167859531921405,1.5437011530786737
0.049231529235839844,-0.00013624423738647413,1.549122908010548e-05,0.20828545539070065,0.999999997381289,-6.562676386737483e-05,-3.045319628618811e-05,1.7754957509942517e-06,-0.003257031712949825,0.001549186799895661,0.29863807993932573,-0.007454310144530716,-0.019495377193040155,-0.0005236408733690569,0.0,0.0,1.0,29.999999999992536,2.1894104422650225,28.69004664978038,1.1010634925496678,29.999999999992546,1.9594197782760774,29.814977690211894,1.10106348593128,1.1471975513899217,1.5670681057912759,0.0021961320016998798,0.0,0.0,0.0,0.0,0.0,0.0,0.0,0.0,0.0,0.0,0.0,0.0,1.5867859531921404,1.5475718921809913
0.05943870544433594,-0.00018901708443569223,3.112140164524755e-05,0.21185287252058213,0.9999999302500795,-0.00010153574706061611,-0.0003592991104231407,9.719918269664573e-06,-0.00527728470492181,0.0015630172565142069,0.35674171298814794,-0.007181866018314728,-0.06576927578633462,0.0015847870423633375,0.0,0.0,1.0,29.742838865474596,6.935303538157303,29.99999999999201,8.771067250836081,29.61311009680672,6.323116601168959,29.999999999992323,8.771155959630423,1.2633343438485825,1.4202922397078,0.00206776600680314,0.0,0.0,0.0,0.0,0.0,0.0,0.0,0.0,0.0,0.0,0.0,0.0,1.5567859531921404,1.5503570655538892
0.06895112991333008,-0.0002130709145082852,5.683213819334116e-05,0.2159964665218515,0.9999997737832075,-0.00028742937529709073,-0.0006067694865569701,4.060390899073357e-05,-0.002405383007259297,0.0025710736548093614,0.4143594001269378,-0.037176988591256045,-0.049494349607990894,0.006185130982437351,0.0,0.0,1.0,29.9999999999755,12.36207877156528,29.999999999972847,9.372916146400808,29.999999999976072,8.865281356151524,29.9999999999737,8.057767024120917,1.1471975512113226,1.0471975512067422,0.001591121981618926,0.0,0.0,0.0,0.0,0.0,0.0,0.0,0.0,0.0,0.0,0.0,0.0,1.5267859531921404,1.531776376147305
0.07848191261291504,-0.0001905481948923338,7.25678501471674e-05,0.22064972503372743,0.9999995874638976,-0.0003063465946313389,-0.0008530000995194861,6.0121777621284194e-05,0.0022522719615951405,0.0015735711953826245,0.46532585118759195,-0.0037830847760476627,-0.04924710294562714,0.0038917152919592957,0.0,0.0,1.0,29.999999999960313,10.213625543813615,29.99999999342067,9.228634408666286,29.99999999996007,8.66688767861164,29.990737236316928,9.026242435330172,1.1471975512159112,1.0471975512218104,0.0016109040006995201,0.0,0.0,0.0,0.0,0.0,0.0,0.0,0.0,0.0,0.0,0.0,0.0,1.4967859531921404,1.501776376147305
0.08894777297973633,-0.00012517747597097755,8.819528763237073e-05,0.2256614138850189,0.9999993449174789,-0.00031068991346960454,-0.001098515281278922,8.306964997521974e-05,0.006537071892135625,0.001562743748520333,0.5011688851291468,-0.0008677155330998098,-0.04910441174621744,0.004575273962574606,0.0,0.0,1.0,29.999999999524015,8.629010062560482,29.999999999619977,7.84618264544648,29.999999999520927,7.705292473626134,29.99999999961784,7.9447400195481785,1.1471975513222752,1.0471975513224112,0.0014895649801474065,0.0,0.0,0.0,0.0,0.0,0.0,0.0,0.0,0.0,0.0,0.0,0.0,1.4667859531921403,1.471776376147305
0.09839963912963867,-3.1933406705000726e-05,0.00010435080239459272,0.23089841597039792,0.9999990358930865,-0.0003114633425813855,-0.0013489873898071465,0.00010694159703852245,0.009324406926597683,0.0016155514762221997,0.5237002085379041,-0.00015362151114566144,-0.05009592781677386,0.004758997562558585,0.0,0.0,1.0,29.99999999908802,6.730939415739732,29.999999999899064,6.059870430009163,29.999999999087457,6.091384033163571,29.999999999899057,6.129049180652852,1.1471975512729908,1.0471975512828429,0.0014715379802510142,0.0,0.0,0.0,0.0,0.0,0.0,0.0,0.0,0.0,0.0,0.0,0.0,1.4367859531921403,1.441776376147305
0.10962295532226562,6.890141166906972e-05,0.00012121756661240659,0.23625908016059366,0.9999986430151767,-0.000312540347625347,-0.0016122455878529703,0.0001301940854589938,0.010083481837407045,0.0016866764217813859,0.5360664190195722,-0.00021478246473074055,-0.05265312088199236,0.004634393175044724,0.0,0.0,1.0,29.999999978440545,5.3268689496499855,29.99999999990203,4.678264560072607,29.999999982448454,4.853644452008552,29.999999999902133,4.7032199402435015,1.1471975515358372,1.0471975519857102,0.001917853980557993,0.0,0.0,0.0,0.0,0.0,0.0,0.0,0.0,0.0,0.0,0.0,0.0,1.4067859531921403,1.411776376147305
0.11920547485351562,0.00016448590864390016,0.00013885169425650038,0.24168663612667574,0.999998147185104,-0.0003153745877812398,-0.001892900629442756,0.00015196195086149617,0.009558449697483045,0.0017634127644093802,0.542755596608208,-0.000567167159149716,-0.05613237963739243,0.004336950834264882,0.0,0.0,1.0,29.869265941409726,4.244816212621676,29.999999999851237,3.5402772978397072,29.882311090167626,3.9022593674200987,29.999999999851294,3.5516585569877464,1.3023046493130184,1.2605065659353436,0.00148853100836277,0.0,0.0,0.0,0.0,0.0,0.0,0.0,0.0,0.0,0.0,0.0,0.0,1.3767859531921403,1.381776376147305
0.12865161895751953,0.00024859328697854067,0.0001572501318483113,0.24714413648687075,0.9999975907035187,-0.0003202448083356562,-0.002164841361859125,0.0001717332173750266,0.008410737833464051,0.0018398437591810924,0.5457500360195022,-0.000974857338550459,-0.05438935611246261,0.003938954067266552,0.0,0.0,1.0,29.554709943992563,2.9821354360548735,29.999999999803634,2.074682069917712,29.814177863933615,2.706384179543455,29.99999999980518,2.035408066019144,1.4248712812413353,1.394488752627633,0.0015010120114311576,0.0,0.0,0.0,0.0,0.0,0.0,0.0,0.0,0.0,0.0,0.0,0.0,1.3661457669236943,1.3644521175455961
0.13853788375854492,0.00031697215260194454,0.00017646354103676283,0.2526025001039061,0.9999970964384258,-0.000328040610495596,-0.0023796254704003842,0.00019205909351139672,0.006837886562340384,0.0019213409188451535,0.5458363617035336,-0.0015577649984994553,-0.04295796663894578,0.004054801076763449,0.0,0.0,1.0,29.3822921231342,2.209352107462389,29.999999999931877,0.7906509645784652,29.85794574801103,1.993258648537569,29.999999999932403,0.7640120068278691,1.5475010294843334,1.5080402406489277,0.0014107919996604323,0.0,0.0,0.0,0.0,0.0,0.0,0.0,0.0,0.0,0.0,0.0,0.0,1.3745351261119287,1.3687430654144586
0.14902234077453613,0.0003678681675039497,0.0001965234197088323,0.258054193620645,0.9999967324261583,-0.0003390531501436986,-0.0025246446954340124,0.00021528847837814382,0.005089601490200519,0.0020059878672069468,0.5451693516738925,-0.0021970404296095284,-0.029005035164351628,0.004641604187858785,0.0,0.0,1.0,29.308074721739985,2.2177764933852084,29.999999999929585,1.4350864237622218e-05,29.937662250034816,2.0043058589159766,29.999999999930036,4.0358901288839455e-05,1.6014429713030465,1.5613413113841883,0.0015047459746710956,0.0,0.0,0.0,0.0,0.0,0.0,0.0,0.0,0.0,0.0,0.0,0.0,1.3992445408794152,1.3886426618765255
0.15820932388305664,0.0004022497450355243,0.00021728477209499473,0.2635018841443765,0.9999965186151691,-0.0003506729686805868,-0.0026040401794902527,0.00024240617533901834,0.003438157753157458,0.002076135238616243,0.5447690523731442,-0.002313696691712534,-0.015880491448976176,0.005424014207904273,0.0,0.0,1.0,29.293561184578007,2.3770245045844174,29.99999999968401,0.14169434497241348,29.999999755582994,2.157356063979485,29.999999999685965,0.1416860392403191,1.601616875336821,1.5707963267807217,0.0013893359864596277,0.0,0.0,0.0,0.0,0.0,0.0,0.0,0.0,0.0,0.0,0.0,0.0,1.4281300309399338,1.4133138975204773
0.1685776710510254,0.00042194059110330014,0.00023860523858414847,0.2689488415188023,0.999996455982802,-0.0003603312568920426,-0.0026236451773718724,0.00027325666329041916,0.0019690846067775846,0.0021320466489153757,0.5446957374425824,-0.0019165386030740822,-0.003922713986888043,0.006173734273313231,0.0,0.0,1.0,29.36530091490212,2.33877052610138,29.999999998354415,0.09945355602935405,29.99999311368704,2.1341448533478578,29.999999998356436,0.09945578073736316,1.6017635492618236,1.5705227892342402,0.0014710089890286326,0.0,0.0,0.0,0.0,0.0,0.0,0.0,0.0,0.0,0.0,0.0,0.0,1.4529138658537748,1.435811387414798
0.17902112007141113,0.00042812611841495696,0.0002605373018647868,0.27439773426126196,0.9999965186669744,-0.0003685453321790904,-0.0025946896956612043,0.00030726804625822785,0.0006185527311656841,0.00219320632806383,0.5448892742459688,-0.0016233755025464075,0.005789106549870443,0.0068086459395700445,0.0,0.0,1.0,29.433729127243744,2.3044950565238103,29.99999999985251,0.10880302692250539,29.993811843883773,2.1148046182499036,29.999999999852513,0.10880241081927296,1.6101944310431404,1.5706742764746338,0.0015514279948547482,0.0,0.0,0.0,0.0,0.0,0.0,0.0,0.0,0.0,0.0,0.0,0.0,1.474178106340639,1.455055873389004
0.1882164478302002,0.0004222308624617769,0.00028312227037614293,0.27985032974641955,0.9999966760859137,-0.0003757101871055058,-0.0025275288053312425,0.0003438853255749113,-0.0005895255953180048,0.0022584968511356156,0.5452595485157589,-0.001409825020241232,0.013429954288700672,0.007332089182776144,0.0,0.0,1.0,29.495692672046044,2.27984270888206,29.99999999935939,0.10476078303335092,29.999998724494702,2.10246624478006,29.99999999936167,0.10476086831391608,1.613867926195864,1.5706561852805305,0.001308313017943874,0.0,0.0,0.0,0.0,0.0,0.0,0.0,0.0,0.0,0.0,0.0,0.0,1.4936090098695678,1.4715727881155225
0.19858741760253906,0.0004059011212357026,0.0003063841418334561,0.28530766462928314,0.9999968983901123,-0.0003819907422924347,-0.002431244700833985,0.00038254729402335195,-0.0016329741226074298,0.0023261871457313167,0.54573348828636,-0.0012299241740956627,0.019254396121233034,0.007742762553001616,0.0,0.0,1.0,29.58604351600943,2.2497174715031734,29.999999998434145,0.09639414155290213,29.973782746661925,2.086203981665991,29.999999998422453,0.09639425348328551,1.6176833638422945,1.5706728241371704,0.0014574989909306169,0.0,0.0,0.0,0.0,0.0,0.0,0.0,0.0,0.0,0.0,0.0,0.0,1.5107888550590387,1.485727559139095
0.20939874649047852,0.00038067208151308483,0.00033034627791856357,0.2907708792070387,0.9999971502334639,-0.0003875770816915296,-0.0023175353647744636,0.0004223017747039374,-0.0025229039722617736,0.002396213608510746,0.5463214577755563,-0.0010892147629031471,0.022739309428264683,0.007962255760787277,0.0,0.0,1.0,29.636547182992988,2.2301876151761744,29.99999999861164,0.09245633852471236,29.996622263775535,2.077365039521933,29.99999999861542,0.09245625675794364,1.6196023519930791,1.5706939082108267,0.0017663530015852302,0.0,0.0,0.0,0.0,0.0,0.0,0.0,0.0,0.0,0.0,0.0,0.0,1.5260594991709324,1.497862596995963
0.21855664253234863,0.00034839487416482237,0.0003550179333343331,0.29624011037699016,0.9999974086628383,-0.00039245506615293865,-0.0021942019058264414,0.00046273602091347315,-0.003227720734826249,0.002467165541576953,0.5469231169951475,-0.0009464157356323445,0.024664019067351016,0.008098625616727095,0.0,0.0,1.0,29.700334705559097,2.2335608006698227,29.999999998055994,0.10860311659102487,29.999647386013443,2.0898414889450834,29.999999998054303,0.10860315496526113,1.6156891650827694,1.5706932375851281,0.001327443984337151,0.0,0.0,0.0,0.0,0.0,0.0,0.0,0.0,0.0,0.0,0.0,0.0,1.5394227638598106,1.5082670700266578
0.22916364669799805,0.00031094410022684517,0.0003803851718943821,0.30171555467200045,0.9999976534930238,-0.00039628192778438904,-0.002069527241699056,0.0005030169728901165,-0.0037450773937977204,0.002536723856004897,0.5475444295010303,-0.0007361359281743941,0.02493216819603469,0.008067612105904145,0.0,0.0,1.0,29.843109122644467,2.2404545311399366,29.99999999943179,0.12085355033450637,29.999999862780797,2.10507832666221,29.99999999943166,0.12085355560493997,1.6045038913979117,1.5706262281135228,0.001576598995598033,0.0,0.0,0.0,0.0,0.0,0.0,0.0,0.0,0.0,0.0,0.0,0.0,1.550317964034519,1.5171850939635823
0.2387068271636963,0.0002694514302858517,0.0004064317716925437,0.30719922121995064,0.9999978479554145,-0.00039871764923390403,-0.001962652581604215,0.0005413904498741698,-0.004149266994099348,0.0026046599798161627,0.5483666547950172,-0.00046049279062407257,0.021372166096295855,0.007684136498674877,0.0,0.0,1.0,29.846006081014252,2.242448956042796,29.99999999960536,0.13698886344795524,29.95025724018673,2.115978042837812,29.999999999604924,0.1369889804201802,1.5991500803775078,1.5705695507178574,0.0015903040184639394,0.0,0.0,0.0,0.0,0.0,0.0,0.0,0.0,0.0,0.0,0.0,0.0,1.558058810800718,1.524819541699288
0.24927186965942383,0.00022652687211942535,0.0004331373593105211,0.3126882081625391,0.9999980091155877,-0.0003994119568798113,-0.001867858478146191,0.0005773557438577698,-0.004292455816642634,0.0026705587617977407,0.5488986942588481,-0.00011446677917997469,0.01895605036295268,0.007200857632515564,0.0,0.0,1.0,29.831810693488016,2.2242895693946942,29.99999999984213,0.14373311610723263,29.877872394020272,2.107664638544385,29.999999999841915,0.1437333605704987,1.5964978161156922,1.5704951460757421,0.0014581239956896752,0.0,0.0,0.0,0.0,0.0,0.0,0.0,0.0,0.0,0.0,0.0,0.0,1.5639289921688309,1.5313552572733693
0.25908780097961426,0.00018506957075684573,0.0004604940707661927,0.3181788193145249,0.999998165426412,-0.0003982688933509864,-0.0017714716978176385,0.0006102570952503608,-0.004145730136257962,0.002735671145567156,0.5490611151985776,0.00025204564342089816,0.01927461588386153,0.0065875117302893,0.0,0.0,1.0,29.855727973082,2.1950749681412276,29.999999999813337,0.14194277858033122,29.875000153532994,2.0875840474845595,29.999999999813216,0.14194294651401732,1.5981056979505437,1.5704678894086954,0.0015424370067194104,0.0,0.0,0.0,0.0,0.0,0.0,0.0,0.0,0.0,0.0,0.0,0.0,1.5685816813040967,1.5369466699594225
0.2689332962036133,0.00014677710537252896,0.0004885066148670012,0.3236709494115659,0.9999983130304431,-0.00039539298143389026,-0.0016757506137054818,0.0006398910363532976,-0.003829246538431676,0.0028012544100808495,0.5492130097040955,0.0005973751181647795,0.019141522563772103,0.005933364968848799,0.0,0.0,1.0,29.892368293487408,2.1606235069851225,29.999999999688576,0.13575094946224533,29.846926376704552,2.0628786797783207,29.999999999687986,0.1357514410288927,1.5996373317379424,1.5704754770045086,0.001507576002040878,0.0,0.0,0.0,0.0,0.0,0.0,0.0,0.0,0.0,0.0,0.0,0.0,1.572799397967875,1.541735415595033
0.27873802185058594,0.00011331681597784608,0.0005171778213596238,0.32916412997313355,0.999998451990338,-0.00039092785442185305,-0.0015811748778374055,0.0006656413039414137,-0.0033460289394682883,0.002867120649262262,0.5493180561567661,0.0009137687245909286,0.01891255413314559,0.005156009482643924,0.0,0.0,1.0,29.91028130043041,2.123056530474045,29.999999999733554,0.12786028474216976,29.86972058736478,2.0328921967286036,29.99999999973355,0.12786028114346168,1.6017037294205831,1.5705043650449262,0.0014197440177667886,0.0,0.0,0.0,0.0,0.0,0.0,0.0,0.0,0.0,0.0,0.0,0.0,1.576633388506456,1.5458411386535293
0.2894322872161865,8.591848952244581e-05,0.0005465123021406434,0.33465875120192773,0.9999985751116771,-0.0003850629733803346,-0.0014928350669057646,0.0006877096658185185,-0.002739832645540027,0.0029334480781019563,0.5494621228794175,0.001191723333757669,0.017665467587052924,0.0044187013762515765,0.0,0.0,1.0,29.912833279033464,2.0852199159854092,29.9999999997416,0.11800530213141765,29.897211686468015,2.001588353782716,29.999999999741764,0.11800517638684749,1.6046068258734032,1.5705406953697871,0.001553729991428554,0.0,0.0,0.0,0.0,0.0,0.0,0.0,0.0,0.0,0.0,0.0,0.0,1.5802148657799029,1.5493644567094431
0.29906630516052246,6.578199804247551e-05,0.0005765108781266547,0.340154777717491,0.999998679051091,-0.00037797165904665476,-0.0014141746906550679,0.0007065008434245759,-0.00201364914799703,0.002999857598601133,0.5496026515563227,0.0014346983780783651,0.015729661373421504,0.0037621564813820306,0.0,0.0,1.0,29.90877221221257,2.047505754384748,29.999999999731486,0.10808176895505633,29.92613965796174,1.9696909210582136,29.99999999973176,0.1080816293308923,1.6074995013373174,1.5705815380669488,0.0014527019811794162,0.0,0.0,0.0,0.0,0.0,0.0,0.0,0.0,0.0,0.0,0.0,0.0,1.5836994315075459,1.5523896336609209
0.30854249000549316,5.401801788711215e-05,0.0006071710897701146,0.34565201333534457,0.999998762306453,-0.00036981533013046003,-0.0013478303121515075,0.0007224788113068308,-0.0011763980155363363,0.003066021164345989,0.5497235617853576,0.0016451635227800695,0.013266521396716755,0.0031982859579341204,0.0,0.0,1.0,29.902435619979464,2.010085355778707,29.999999999673925,0.09870360665835841,29.9534788439676,1.937582271994199,29.999999999674326,0.09870349807110895,1.610332778316157,1.5706186201569903,0.001358083012746647,0.0,0.0,0.0,0.0,0.0,0.0,0.0,0.0,0.0,0.0,0.0,0.0,1.5870994414832276,1.5549884771474962
0.3192789554595947,5.16323192507163e-05,0.000638487626272805,0.35115018674908755,0.9999988244109093,-0.00036074698523194145,-0.0012958479526317057,0.0007360818536908787,-0.00023856986363958487,0.0031316536502690386,0.5498173413742988,0.0018248494785119609,0.01039415932258149,0.0027219963937087244,0.0,0.0,1.0,29.911535946989357,1.9735810425140994,29.99999999769288,0.09071438650730276,29.986757310766503,1.9061130279383205,29.999999997695063,0.09071432973196414,1.613089362776608,1.5706501436137472,0.001613996981177479,0.0,0.0,0.0,0.0,0.0,0.0,0.0,0.0,0.0,0.0,0.0,0.0,1.5904184896022175,1.5572213547202811
0.32865452766418457,5.934292260638414e-05,0.0006704528750722154,0.35664947181164586,0.999998862051042,-0.00035091666996500215,-0.0012625097522898773,0.0007475448057269012,0.0007710603355667838,0.003196524879941043,0.5499285062558297,0.001973942235705814,0.006665367758211997,0.0022924397835990457,0.0,0.0,1.0,29.937335401867557,1.93801159656883,29.999999999689884,0.08352248520705016,29.999999539831204,1.8751579477318285,29.999999999690246,0.08352243339889172,1.6157138760617036,1.5706745661298325,0.0013613670016638935,0.0,0.0,0.0,0.0,0.0,0.0,0.0,0.0,0.0,0.0,0.0,0.0,1.5936571857699877,1.5591397531336335
0.33956432342529297,7.782401404910366e-05,0.0007030553676330454,0.3621496973133682,0.9999988740877229,-0.00034045897984718123,-0.0012504042713186079,0.0007565712969004164,0.0018481091442719513,0.003260249256083002,0.550022550172236,0.002095625572904187,0.0024188994509610918,0.001803503396737695,0.0,0.0,1.0,29.97050706585589,1.9033054210636537,29.999999999725453,0.07710373075309762,29.99999988956045,1.844510400974044,29.99999999972594,0.07710367638656315,1.6182072733511206,1.5706945549967164,0.0015609819965902716,0.0,0.0,0.0,0.0,0.0,0.0,0.0,0.0,0.0,0.0,0.0,0.0,1.5968081415259472,1.560787583561662
0.34923434257507324,0.00010753302009503931,0.000736281879557343,0.36765090914271187,0.9999988570537643,-0.00032950443017362767,-0.0012631287545058405,0.0007627737177561008,0.0029709006045935656,0.0033226511924297542,0.5501211829343675,0.0021905320191390716,-0.002546977945665224,0.0012368793959539569,0.0,0.0,1.0,29.99237129029193,1.8700597002119241,29.999999999667168,0.07154795153898645,29.999999762604602,1.814759932037887,29.99999999966798,0.07154789876282598,1.6205950083066372,1.5707108223892,0.001656600012211129,0.0,0.0,0.0,0.0,0.0,0.0,0.0,0.0,0.0,0.0,0.0,0.0,1.5998651603581149,1.5622028651952413
0.35874056816101074,0.0001489836613369033,0.0007701169589505373,0.3731525746980656,0.9999988097129612,-0.0003181635989321633,-0.0013009909070576765,0.0007660073395980353,0.004145064124186401,0.0033835079393194304,0.5501665555353727,0.00226320138186623,-0.007574377013123638,0.0006413707160393506,0.0,0.0,1.0,29.999999795770314,1.8379291454677784,29.99999999949617,0.06631733388358399,29.999999926074153,1.7855978210532113,29.999999999497934,0.06631728257837632,1.6228464465462649,1.5707237491458066,0.0014366380055435002,0.0,0.0,0.0,0.0,0.0,0.0,0.0,0.0,0.0,0.0,0.0,0.0,1.6028265672079038,1.563418287651521
0.3695347309112549,0.00020263222377273074,0.0008045440246614677,0.3786540378308739,0.9999987308819486,-0.0003065408446270986,-0.00136277247301674,0.0007662365098096604,0.005364856243582744,0.003442706571093033,0.5501463132808326,0.0023151376825003814,-0.0123581142098242,3.889051621402983e-05,0.0,0.0,1.0,29.99999993788267,1.8070761913322906,29.99999999943093,0.06169501680848829,29.99999995750661,1.7573554894743877,29.999999999433346,0.06169497672352811,1.6249366385022765,1.5707347860235497,0.0016384689952246845,0.0,0.0,0.0,0.0,0.0,0.0,0.0,0.0,0.0,0.0,0.0,0.0,1.6056865499705268,1.5644619250078475
0.3790304660797119,0.0002687845094361302,0.0008395457971941154,0.3841548254625926,0.9999986177853546,-0.0002947394651632169,-0.0014473288000157588,0.0007634103562425245,0.006615228566339949,0.003500177253264772,0.5500787631718709,0.002346537656582753,-0.01691291004622761,-0.0005736131776271815,0.0,0.0,1.0,29.999999902349384,1.777666638304059,29.999999998594266,0.0575674284156752,29.99999992826729,1.7301850821115197,29.999999998601602,0.05756738946456276,1.6268630836945082,1.570743706748365,0.001575805013999343,0.0,0.0,0.0,0.0,0.0,0.0,0.0,0.0,0.0,0.0,0.0,0.0,1.6084365626179196,1.5653580480100906
0.38848209381103516,0.0003476070930204324,0.0008751044428031641,0.38965459994111445,0.9999984663062672,-0.0002828611993862642,-0.0015535838157192544,0.0007574641787436748,0.00788225835843022,0.003555864560904862,0.5499774478521868,0.0023576964961937504,-0.0212524807394626,-0.001198912590672162,0.0,0.0,1.0,29.999999953349427,1.7499085829596213,29.999999999081908,0.05391078957945811,29.999999964927454,1.7042974496819918,29.999999999087834,0.053910757444455025,1.6286680674833214,1.570751057753077,0.0013997700007166713,0.0,0.0,0.0,0.0,0.0,0.0,0.0,0.0,0.0,0.0,0.0,0.0,1.6110689227717179,1.566127427829844
0.3993868827819824,0.0004391383742288,0.0009112016985521435,0.3951531242385885,0.9999982712023877,-0.00027100528297363156,-0.001680525437524182,0.0007483198685414253,0.009153128120836762,0.0036097255748979394,0.5498524297474078,0.002349096578061858,-0.02538962488654261,-0.0018396948875562694,0.0,0.0,1.0,29.999999969827734,1.7240062101601108,29.99999999925079,0.05066716680980788,29.999999977187535,1.6799063392730613,29.999999999256744,0.05066713512472063,1.6303501926773563,1.5707570955713355,0.0015119620074983686,0.0,0.0,0.0,0.0,0.0,0.0,0.0,0.0,0.0,0.0,0.0,0.0,1.613583086301947,1.5667879463903058
0.40876102447509766,0.0005432992224013594,0.0009478190044929883,0.4006502363713264,0.9999980262922785,-0.00025926753082542423,-0.0018272009910675307,0.0007358861546626882,0.01041608481725594,0.0036617305940844823,0.549711213273788,0.002321402024571625,-0.02933622521455171,-0.0024985969197246468,0.0,0.0,1.0,29.999999971202858,1.700124114016876,29.999999999149313,0.04781812091794455,29.99999997839764,1.6571868461427,29.999999999157602,0.047818094649449444,1.6319074147196875,1.5707620822158248,0.001417010003933683,0.0,0.0,0.0,0.0,0.0,0.0,0.0,0.0,0.0,0.0,0.0,0.0,1.6159783872127196,1.5673549677018814
0.41913509368896484,0.0006599030562250708,0.0009849376584537934,0.4061458304729109,0.9999977246151728,-0.00024773975017833175,-0.001992712860276717,0.0007200589900638715,0.011660383382371138,0.003711865396080509,0.5495594101584502,0.0022753924856782634,-0.03310329483848027,-0.0031781773720117035,0.0,0.0,1.0,29.999999967180038,1.6783766807467402,29.999999998901256,0.04530761727734342,29.9999999758577,1.6362629970560634,29.99999999891432,0.0453075900934534,1.6333393906742628,1.5707661829426642,0.0013388929946813732,0.0,0.0,0.0,0.0,0.0,0.0,0.0,0.0,0.0,0.0,0.0,0.0,1.6182539625708579,1.5678416983467305
0.4285585880279541,0.000788665299717497,0.00102253899060865,0.4116398427041197,0.9999973585676939,-0.0002365094899728499,-0.0021762144618917285,0.0007007221356582551,0.012876224349242623,0.0037601332154856603,0.5494012231208768,0.0022118958508822234,-0.0367010420986532,-0.003880877253289617,0.0,0.0,1.0,29.99999996925048,1.6588404779994097,29.999999998885645,0.043127750521324684,29.999999978120343,1.6172135810523025,29.999999998901778,0.04312772859628595,1.6346472585026013,1.5707695816726515,0.0014504670107271522,0.0,0.0,0.0,0.0,0.0,0.0,0.0,0.0,0.0,0.0,0.0,0.0,1.6204090237284872,1.5682594818604354
0.4389646053314209,0.0009292122544576799,0.0010606045483055504,0.41713224071930255,0.9999969200205736,-0.0002256600113598848,-0.002376906546177094,0.0006777478852002298,0.014054695474018282,0.003806555769690059,0.5492398015182866,0.002131744004987179,-0.04013893575076017,-0.004608991801071786,0.0,0.0,1.0,29.99999997832023,1.6416661144277673,29.999999999192866,0.041226225690034854,29.999999985190723,1.6002734929459614,29.99999999920657,0.04122620213612886,1.6358318038797202,1.5707723701973082,0.0013688780018128455,0.0,0.0,0.0,0.0,0.0,0.0,0.0,0.0,0.0,0.0,0.0,0.0,1.6224430572676463,1.568618067547895
0.44842529296875,0.0010810899016468621,0.001099116225876328,0.4226230159280302,0.9999964004195866,-0.00021526951582218241,-0.002594033593426007,0.000650996636454912,0.015187764718918232,0.0038511677570777576,0.5490775208727641,0.0020359207496107976,-0.04342572414604293,-0.0053649017073630735,0.0,0.0,1.0,29.99999997436146,1.6271754296444076,29.999999999083823,0.03962846323878269,29.999999983110612,1.58599181805725,29.999999999100474,0.039628450056979916,1.6368852747719673,1.5707746687244692,0.001369703997625038,0.0,0.0,0.0,0.0,0.0,0.0,0.0,0.0,0.0,0.0,0.0,0.0,1.6243557353550855,1.5689258250692397
0.4594438076019287,0.001243773055327464,0.0011380563018178291,0.42811217793551387,0.9999957908742588,-0.00020540910811271153,-0.0028268800767903596,0.0006203143515411937,0.016268315368060195,0.003894007594150098,0.548916200748366,0.001925813586604222,-0.04656940853435783,-0.0061514961840489595,0.0,0.0,1.0,29.999999948167467,1.6145153055999881,29.99999999837827,0.03821680247024832,29.999999968809835,1.5734038672343422,29.999999998411173,0.0382167789464299,1.6377783490143547,1.5707765150830826,0.0016581700183451176,0.0,0.0,0.0,0.0,0.0,0.0,0.0,0.0,0.0,0.0,0.0,0.0,1.6261456695574972,1.5691899455914153
0.46919798851013184,0.0014166696102200834,0.0011774079872923877,0.4335997487629142,0.9999950822203514,-0.00019614864499930518,-0.003074768766215667,0.0005855406521520913,0.01728965548926193,0.003935168547455862,0.548757082740031,0.001801641735110648,-0.049577650693222286,-0.0069700421223530505,0.0,0.0,1.0,29.999999974732344,1.6036301715164871,29.999999999409216,0.03708128039501563,29.99999998745209,1.5623760435341274,29.999999999422894,0.03708127473688704,1.6385664269784297,1.5707780789102672,0.0016705429879948497,0.0,0.0,0.0,0.0,0.0,0.0,0.0,0.0,0.0,0.0,0.0,0.0,1.6278074809084768,1.5694165983759392
0.47866392135620117,0.001599127143667077,0.0012171555972826918,0.4390857595168919,0.9999942650784153,-0.00018755690431217976,-0.0033370584964916234,0.0005465100897082221,0.01824575334469936,0.003974760999030402,0.5486010753977678,0.0016635893994188394,-0.05245766620282276,-0.00782155157605363,0.0,0.0,1.0,29.999999886331864,1.5948268583144718,29.999999998690754,0.03603991492507649,29.999999966212947,1.553180138395499,29.99999999872546,0.03603988281212989,1.6392667573521338,1.5707793092806306,0.0013643720012623817,0.0,0.0,0.0,0.0,0.0,0.0,0.0,0.0,0.0,0.0,0.0,0.0,1.6293444732041844,1.5696110955951288
0.4896700382232666,0.00179044035754843,0.0012572845727715715,0.4445702482318487,0.9999933299064362,-0.00017969954318163117,-0.0036131414700338797,0.0005030501252551072,0.01913132138813531,0.004012897548887963,0.548448871495682,0.0015122460390957092,-0.055216131491882085,-0.008707441288303313,0.0,0.0,1.0,29.992625982229836,1.588479202781045,29.999999998557076,0.03531013219704256,29.99999995319797,1.5461644363796858,29.999999998600966,0.0353101434543903,1.6398725064509367,1.5707804007456263,0.0017266929789911956,0.0,0.0,0.0,0.0,0.0,0.0,0.0,0.0,0.0,0.0,0.0,0.0,1.6307619423681772,1.5697779832644863
0.4996495246887207,0.001989858364285852,0.0012977814932960891,0.4500532582182642,0.9999922670448055,-0.00017263701491672528,-0.003902440468069053,0.0004549785092141573,0.01994180067374219,0.0040496920524517544,0.5483009986415512,0.0013486137622997145,-0.057859165432154636,-0.009629653245643329,0.0,0.0,1.0,29.959441900430715,1.5849943065659968,29.99999999875373,0.034354240132439484,29.999999963087458,1.5417094604363524,29.999999998797666,0.03435417916932714,1.6403723304343822,1.5707811789119275,0.0019048209942411631,0.0,0.0,0.0,0.0,0.0,0.0,0.0,0.0,0.0,0.0,0.0,0.0,1.6320634515228571,1.569921185761792
0.5086965560913086,0.002196790909233533,0.0013386339619170387,0.4555342964937473,0.9999910796568129,-0.00016641537657874873,-0.004201312620580662,0.000402349335144964,0.020693254494768096,0.004085246862094961,0.5481038275483134,0.001176004540883116,-0.05977364492303444,-0.010540820726583978,0.0,0.0,1.0,29.924600223170753,1.5849564540031513,29.999999998963197,0.0341802715154282,29.999999973343492,1.5403959546270496,29.999999999005283,0.03418033491763765,1.6407568866568107,1.5707821172143062,0.0017943849961739033,0.0,0.0,0.0,0.0,0.0,0.0,0.0,0.0,0.0,0.0,0.0,0.0,1.6332504342245036,1.570044041926097
0.519864559173584,0.0024107285139508237,0.0013798308443643624,0.4610127040614251,0.9999897823677393,-0.00016107046545034588,-0.004504437176196921,0.0003453435267784868,0.021393760471729074,0.004119688244732354,0.5478407567677761,0.00099663729091875,-0.06062399412884594,-0.011415535805330692,0.0,0.0,1.0,29.89915644321236,1.5886731849708893,29.999999999082377,0.032854997199646005,29.999999979873696,1.5425241762015611,29.99999999912501,0.03285484040083592,1.641007567967365,1.5707823864147807,0.0017949519969988614,0.0,0.0,0.0,0.0,0.0,0.0,0.0,0.0,0.0,0.0,0.0,0.0,1.634322784571976,1.5701494812529841
0.5284810066223145,0.0026310472385397466,0.0014213625018192435,0.46648825607872274,0.9999883886043907,-0.00015663580184135714,-0.00480806209787349,0.00028400789067487274,0.0220318724588923,0.004153165745488116,0.5475552017297672,0.000810651289437622,-0.0607239508895238,-0.012280681944947247,0.0,0.0,1.0,29.881258952658637,1.5966999230963865,29.99999999925849,0.03409254855176539,29.999999985810774,1.548677905981032,29.99999999929723,0.03409279320317799,1.6411115453559448,1.5707835574990259,0.0014949030010029674,0.0,0.0,0.0,0.0,0.0,0.0,0.0,0.0,0.0,0.0,0.0,0.0,1.6352777536284602,1.570239896276098
0.5390527248382568,0.002857047353639276,0.0014632205462519567,0.471960992474871,0.9999869100160133,-0.00015313757357393208,-0.00510966748603341,0.0002182743474026631,0.02260001150995295,0.004185804443271319,0.5472736396148243,0.0006192493658684852,-0.060319939466762965,-0.01315928460578061,0.0,0.0,1.0,29.868016834512783,1.6089438255494226,29.999999999383707,0.03064072463927135,29.999999989266314,1.5588656243133852,29.999999999418694,0.030640219945090332,1.641045470405163,1.5707826867462942,0.0014500270190183073,0.0,0.0,0.0,0.0,0.0,0.0,0.0,0.0,0.0,0.0,0.0,0.0,1.6361111524466723,1.5703175621650876
0.548778772354126,0.003087993191375243,0.001505397780494027,0.4774310704975479,0.9999853570733209,-0.00015059223053761023,-0.005407500251874698,0.00014799306762722995,0.023094583773596706,0.004217723424207028,0.5470078022676909,0.0004241897428614833,-0.059565319952616935,-0.014067727433719899,0.0,0.0,1.0,29.857762481580313,1.6248375925323375,29.99999999874676,0.037013074772347845,29.999999980004294,1.572535971073505,29.99999999882374,0.03701400737699711,1.6408186723888283,1.5707853956433904,0.0016953910235315561,0.0,0.0,0.0,0.0,0.0,0.0,0.0,0.0,0.0,0.0,0.0,0.0,1.6368160550121709,1.5703840085338314
0.5584359169006348,0.003323137012198507,0.0015478884668868062,0.48289868932413854,0.9999837393729969,-0.00014900930459522694,-0.005700303749260232,7.295882800087047e-05,0.02351438208232636,0.004249068639277933,0.5467618826590613,0.0002267157220816302,-0.05855937934952422,-0.015017111248937343,0.0,0.0,1.0,29.848931855950767,1.6430008109515621,29.999999997101714,0.02330258117129386,29.999999957621384,1.5882709510207402,29.999999997294598,0.023300696761480298,1.6404507840589568,1.5707804990506327,0.0013722879812121391,0.0,0.0,0.0,0.0,0.0,0.0,0.0,0.0,0.0,0.0,0.0,0.0,1.6373878574945504,1.5704413495494827
0.5690875053405762,0.0035617329979721456,0.0015906885695827983,0.4883640373005793,0.9999820662568895,-0.0001483943632382163,-0.0059870772335805025,-7.064905643600192e-06,0.02385959857736386,0.00428001026959921,0.5465347976440746,2.75199607205515e-05,-0.05735329665898217,-0.016013709758550723,0.0,0.0,1.0,29.84097516805401,1.6641722506766718,29.999999999548482,0.052334459968226596,29.99999999397451,1.6068215234849963,29.999999999581167,0.05233821669114481,1.6399933957976338,1.570790101910743,0.0015492989914491773,0.0,0.0,0.0,0.0,0.0,0.0,0.0,0.0,0.0,0.0,0.0,0.0,1.6378254184323227,1.5704897994782183
0.5786857604980469,0.003803054284439145,0.001633795853017848,0.49382728256663583,0.9999803469393062,-0.00014875001906911912,-0.006266983547198174,-9.233523051947084e-05,0.02413212864669993,0.004310728343504962,0.54632452660565,-0.00017288942222119772,-0.055979788081651154,-0.017061643240841043,0.0,0.0,1.0,29.83335617788401,1.685068490941453,29.99999999936012,5.08485369116185e-07,29.999999992322504,1.6247418140298788,29.99999999941118,5.079332918780932e-07,1.6394075757991677,1.5707651572925534,0.0016022429917939007,0.0,0.0,0.0,0.0,0.0,0.0,0.0,0.0,0.0,0.0,0.0,0.0,1.63813512948451,1.5705326998257219
0.5886588096618652,0.004046380603870959,0.0016772102121236129,0.49928856031923985,0.9999785906892372,-0.00015008064000933763,-0.006539274210771092,-0.00018311680303792293,0.02433263194318137,0.004341435910576492,0.5461277752604043,-0.0003749281315179332,-0.054456588291927635,-0.018162423211057654,0.0,0.0,1.0,29.826289041872535,1.7096885475601995,29.999999999241638,0.1048662804919583,29.999999992005154,1.646066683354929,29.999999999309633,0.1048662816416128,1.6388087847651875,1.5707963267948937,0.0017440269875805825,0.0,0.0,0.0,0.0,0.0,0.0,0.0,0.0,0.0,0.0,0.0,0.0,1.638316907529461,1.5705659080352692
0.5983359813690186,0.0042910345070679805,0.0017209338647806612,0.5047479945427844,0.9999768065594312,-0.00015239489494581137,-0.006803300950274236,-0.0002796697635698556,0.024465390319702136,0.00437236526570482,0.5459434223544504,-0.0005795023487419871,-0.05280373806271353,-0.01931514262608105,0.0,0.0,1.0,29.819339061393308,1.7316537941394674,29.999999998713204,7.246682268147175e-08,29.9999999881774,1.66410324946125,29.999999998843673,7.246682125205961e-08,1.6380578827246677,1.570672917991648,0.0015057130076456815,0.0,0.0,0.0,0.0,0.0,0.0,0.0,0.0,0.0,0.0,0.0,0.0,1.6383871757059933,1.5705988250009297
0.609083890914917,0.00453632382287724,0.0017649705300138967,0.5102056767472266,0.9999750034600821,-0.00015569345188466422,-0.007058475292770956,-0.0003822840540808839,0.024528931580925995,0.004403666523323549,0.5457682204442247,-0.0007851013237427693,-0.05103319579669068,-0.0205257724581243,0.0,0.0,1.0,29.813284296457677,1.7617552075308605,29.999999997811706,0.107856326827523,29.999999982608692,1.6896481349341779,29.999999998063622,0.10785632682627999,1.6374034577206191,1.5707963267948966,0.001672468992182985,0.0,0.0,0.0,0.0,0.0,0.0,0.0,0.0,0.0,0.0,0.0,0.0,1.6383401338515182,1.5706094097138894
0.6190969944000244,0.004781626942930325,0.0018093255407257238,0.5156617124436326,0.9999731894869688,-0.0001599708575024616,-0.007304339449923101,-0.0004912654912342179,0.024530312005308426,0.0044355010711827104,0.5456035696405953,-0.0009905668031363914,-0.04917109714713253,-0.021797499047820666,0.0,0.0,1.0,29.807094469106165,1.786608447810148,29.99999999781774,9.828300565062342e-08,29.999999985029664,1.7092584542532552,29.99999999810324,9.828300563674564e-08,1.636430964331517,1.5706675448760117,0.001526000996818766,0.0,0.0,0.0,0.0,0.0,0.0,0.0,0.0,0.0,0.0,0.0,0.0,1.6382063229756756,1.5706361121540333
0.6287310123443604,0.00502630194009172,0.0018540064289220793,0.5211161709022099,0.9999713725342735,-0.00016522384561038235,-0.007540454414512779,-0.000606926868386929,0.024467499716139502,0.004468088819635547,0.5454458458577327,-0.001196394565389673,-0.04722119734983151,-0.023131714411246288,0.0,0.0,1.0,29.799981219928384,1.820962990819182,29.999999997741458,0.11121136585683779,29.999999986080216,1.737804259003743,29.99999999806571,0.11121136585486875,1.6356497213608099,1.5707963267948966,0.0015201810165308416,0.0,0.0,0.0,0.0,0.0,0.0,0.0,0.0,0.0,0.0,0.0,0.0,1.6379527003122243,1.5706406025428874
0.6382155418395996,0.00526980563226161,0.0018990218234069163,0.5265690974299327,0.9999695614148022,-0.00017143613341085207,-0.007766244482735043,-0.0007295890442423164,0.024350369216988958,0.004501539448483689,0.5452926527722939,-0.0014000599524049725,-0.04515615345255962,-0.024530045469237594,0.0,0.0,1.0,29.794201102899873,1.8516309824255999,29.99999999727514,1.0018381214893513e-07,29.999999984639867,1.7622310043692775,29.99999999769677,1.0018381214893513e-07,1.634504479996041,1.5706610123749436,0.001423026988049969,0.0,0.0,0.0,0.0,0.0,0.0,0.0,0.0,0.0,0.0,0.0,0.0,1.6376237033191652,1.570662848864603
0.6487634181976318,0.005511567047948781,0.0019443820306769021,0.5320205550261957,0.9999677629961603,-0.00017858683778076368,-0.007981361630212111,-0.0008596171957180833,0.024176141568717155,0.00453602072699858,0.5451457596262959,-0.001600735682170308,-0.043021498878694935,-0.02600137036263611,0.0,0.0,1.0,29.790290422462448,1.8942503684904173,29.99999999529311,0.11538947112632483,29.999999975248777,1.7982136343145911,29.999999996064425,0.11538947112417283,1.6335099740561325,1.5707963267948966,0.0014032670005690306,0.0,0.0,0.0,0.0,0.0,0.0,0.0,0.0,0.0,0.0,0.0,0.0,1.6371780999872902,1.5706625865089374
0.659848690032959,0.005751104246654272,0.001990097739269893,0.5374706546244211,0.9999659816847636,-0.00018663407580095864,-0.008185704011397255,-0.0009974421215052192,0.023953719870549037,0.0045715708592990525,0.5450099598225385,-0.0017943342321494057,-0.04086646339743931,-0.027558856062012166,0.0,0.0,1.0,29.78539631906077,1.9332183682184556,29.999999995863888,1.260042026690611e-07,29.999999979610024,1.8302294270353145,29.999999996580083,1.2600420268293888e-07,1.6320325186292426,1.570652336847551,0.001770486996974796,0.0,0.0,0.0,0.0,0.0,0.0,0.0,0.0,0.0,0.0,0.0,0.0,1.636654081997125,1.5706816922640745
0.6683990955352783,0.005987930128012188,0.002036181063462375,0.542919449260493,0.9999642221884406,-0.0001955296614814017,-0.008379049692529226,-0.001143519771514747,0.02368258813579167,0.004608332419248203,0.5448794636071854,-0.0019797017651745448,-0.03866702364263896,-0.02920754107641998,0.0,0.0,1.0,29.77844719134277,1.9773042714543585,29.999999997414655,0.12013240973307518,29.99999998844952,1.86693937056272,29.999999997900805,0.12013240973015207,1.6306524905978677,1.5707963267948963,0.001581863994942978,0.0,0.0,0.0,0.0,0.0,0.0,0.0,0.0,0.0,0.0,0.0,0.0,1.635993858658856,1.5706774986331427
0.6797826290130615,0.00622166036273743,0.0020826461374675877,0.5483669408115213,0.9999624912267956,-0.0002052314216796966,-0.008560872902669757,-0.0012982583364036133,0.02337302347252419,0.004646507400521281,0.5447491551028257,-0.0021580790672839625,-0.03636240972465744,-0.030937853968516994,0.0,0.0,1.0,29.76588333207924,2.0073923369609066,29.99999999562708,1.1103683089652705e-07,29.999999983093605,1.8889984276469447,29.999999996553754,1.1103683091040484e-07,1.6290168101704148,1.5706420330191655,0.0017406379920430481,0.0,0.0,0.0,0.0,0.0,0.0,0.0,0.0,0.0,0.0,0.0,0.0,1.6352308060787148,1.5706944740848217
0.6896052360534668,0.006451899569576886,0.002129511018686623,0.5538129816431963,0.9999608016448124,-0.00021572866180584693,-0.008729913215112689,-0.0014619337415243208,0.023023920683945605,0.004686488121903562,0.5446040831674986,-0.0023357879193127455,-0.03380569492021945,-0.032723257545775916,0.0,0.0,1.0,29.747795799433675,2.0404867129792117,29.99999999849717,0.1235446045115614,29.999999995170032,1.912947273954871,29.999999998865523,0.12354460450841707,1.6279607156838718,1.5707963267948963,0.0023241000017151237,0.0,0.0,0.0,0.0,0.0,0.0,0.0,0.0,0.0,0.0,0.0,0.0,1.634343092377529,1.5706869825040137
0.6995012760162354,0.0066783787376248835,0.002176795933552278,0.559257342061031,0.9999591730708746,-0.00022702114426738425,-0.008884165436797003,-0.0016347040416236941,0.022647916804799693,0.0047284914865654715,0.5444360417834656,-0.002515030891201581,-0.030847926259582013,-0.034540120887250496,0.0,0.0,1.0,29.726788482422062,2.0652566812351147,29.999999998385277,3.594540340379204e-08,29.99999999576541,1.927314378867437,29.99999999884536,3.5945403389914254e-08,1.626834758418478,1.5706350189328073,0.0016135250043589622,0.0,0.0,0.0,0.0,0.0,0.0,0.0,0.0,0.0,0.0,0.0,0.0,1.633431324278435,1.570702603116997
0.7091424465179443,0.006900812821847289,0.0022245232819009223,0.564699777921094,0.9999576282187139,-0.00023911559774830471,-0.00902132201429733,-0.0018166838053593568,0.02224340842224058,0.004772734834864416,0.5442435860063055,-0.00269736768965839,-0.027428632265751877,-0.03637970986663764,0.0,0.0,1.0,29.712729297226108,2.0999883450319365,29.999999998147896,0.12657287058930755,29.999999996102428,1.9503446111826386,29.999999998759783,0.12657287058808664,1.6261004696176895,1.5707963267948966,0.0015133279957808554,0.0,0.0,0.0,0.0,0.0,0.0,0.0,0.0,0.0,0.0,0.0,0.0,1.6324889577270125,1.5706929482335414
0.7186868190765381,0.007118963662655803,0.0022727160930226076,0.5701402999092862,0.9999561802478477,-0.00025200835176340255,-0.00914011339658365,-0.0020080844158576567,0.021815084080851442,0.004819281112168528,0.5440521988192083,-0.0028806868482817386,-0.02375541353784823,-0.03826144556576903,0.0,0.0,1.0,29.694942683389293,2.129661208825222,29.99999999774921,4.4059177140010064e-08,29.99999999597534,1.9674847789768175,29.9999999985776,4.4059177140010064e-08,1.624943970645669,1.5706288140206432,0.0015461400034837425,0.0,0.0,0.0,0.0,0.0,0.0,0.0,0.0,0.0,0.0,0.0,0.0,1.6315763165685377,1.5707077165994494
0.7283689975738525,0.007332608691023433,0.0023213984691227057,0.5755788187424422,0.9999548457952296,-0.00026568801221386125,-0.009238811344969698,-0.002209105124223904,0.021364502836762996,0.00486823761000982,0.5438518833156053,-0.0030637111380704815,-0.01973652647163627,-0.04018288402546855,0.0,0.0,1.0,29.689098340875457,2.169635698585243,29.999999992352045,0.13011960224876223,29.999999988515054,1.994190402557768,29.999999995467896,0.13011960224711452,1.6239818749061508,1.5707963267948966,0.0015527670038864017,0.0,0.0,0.0,0.0,0.0,0.0,0.0,0.0,0.0,0.0,0.0,0.0,1.6306288385795564,1.5706964448024772
0.7392332553863525,0.007541539165194907,0.0023705952573262645,0.5810155780049909,0.9999536242861309,-0.00028013588464472335,-0.009317397343193604,-0.0024201048873540632,0.020893047417147436,0.004919678820355889,0.5436759262548726,-0.0032446654001333855,-0.015713918491153715,-0.04217606680495993,0.0,0.0,1.0,29.693303646785616,2.2028755535848203,29.999999997524917,3.8870674734514665e-08,29.99999999691801,2.0133923208296967,29.999999998642004,3.8870674734514665e-08,1.622519428563138,1.5706208330313975,0.0016284970042761415,0.0,0.0,0.0,0.0,0.0,0.0,0.0,0.0,0.0,0.0,0.0,0.0,1.6296792723404985,1.570710713658537
0.7495496273040771,0.00774542814088585,0.002420333676388053,0.5864509913798261,0.999952499524563,-0.00029534181710719133,-0.009377289537211803,-0.0026415731532987764,0.02038889756909428,0.004973841906178824,0.5435413374835216,-0.0034248209909428988,-0.011974931119166737,-0.04426716348500618,0.0,0.0,1.0,29.702610385438664,2.2457467110574916,29.99999999596668,0.1339679675747367,29.999999995907928,2.041229126534247,29.999999997988194,0.13396796757313104,1.6213062625939298,1.5707963267948966,0.001943520997883752,0.0,0.0,0.0,0.0,0.0,0.0,0.0,0.0,0.0,0.0,0.0,0.0,1.6286564375151613,1.5706978735689456
0.7592837810516357,0.007944034613051938,0.002470641367228918,0.5918854965924961,0.9999514470376761,-0.0003112863292144087,-0.009420530656936583,-0.0028740685829745805,0.019860647216608837,0.005030769084086465,0.5434505212669967,-0.0036020036252995672,-0.008644477720492406,-0.04647008460666445,0.0,0.0,1.0,29.711575715204194,2.281148194575722,29.9999999920292,8.83086484215756e-08,29.99999999358069,2.0605835683155846,29.999999996480092,8.83086484215756e-08,1.6196372253927434,1.570611754669181,0.0015713979955762625,0.0,0.0,0.0,0.0,0.0,0.0,0.0,0.0,0.0,0.0,0.0,0.0,1.627606412526414,1.5707119383155101
0.7694807052612305,0.008137087940937308,0.0025215478725448565,0.5973193935608648,0.999950441160812,-0.00032795337930653624,-0.009449062594198601,-0.0031181540963055665,0.019305332788537022,0.0050906505315938665,0.5433896968368668,-0.0037767932961783627,-0.005702389979133263,-0.04878568496551138,0.0,0.0,1.0,29.71992230106629,2.325929525110933,29.999999985755913,0.13793771097249147,29.999999991347508,2.0880792451166816,29.999999994675218,0.13793771096842436,1.618267968121122,1.5707963267948966,0.001771196984918788,0.0,0.0,0.0,0.0,0.0,0.0,0.0,0.0,0.0,0.0,0.0,0.0,1.6264679572216039,1.5706976263660346
0.7804610729217529,0.008324450237901472,0.002573082710663769,0.6027528993582292,0.9999494562590008,-0.00034531502362999635,-0.009464627912146565,-0.0033743893294743118,0.018736229696416327,0.0051534838118912525,0.5433505797364332,-0.00394675096345242,-0.003108791238199096,-0.05121333235672744,0.0,0.0,1.0,29.725793918369284,2.362548795740517,29.99999999029375,6.018292231235733e-08,29.99999999590904,2.106159294767862,29.999999997157936,6.018292231235733e-08,1.6164482254871189,1.5706021297014503,0.0025324099988210946,0.0,0.0,0.0,0.0,0.0,0.0,0.0,0.0,0.0,0.0,0.0,0.0,1.6252965302072493,1.5707117264273005
0.7888882160186768,0.008505954939146926,0.002625277326819764,0.608186103665402,0.9999484687724512,-0.0003633477948459487,-0.009468584305980356,-0.0036433074602034874,0.01815047012454543,0.005219461615599491,0.5433204307172828,-0.004112812129649601,-0.000786705644668735,-0.05374771335034345,0.0,0.0,1.0,29.73091257692358,2.408502546014163,29.999999986944218,0.14189238638221768,29.99999999682753,2.1320560910337063,29.99999999748294,0.14189238637910523,1.6149691474915817,1.5707963267948966,0.0017782310023903847,0.0,0.0,0.0,0.0,0.0,0.0,0.0,0.0,0.0,0.0,0.0,0.0,1.624032486675802,1.570696069752179
0.7991883754730225,0.008681562037876706,0.002678162945344118,0.6136190697576422,0.9999474555318068,-0.00038201695625300484,-0.009462093972063792,-0.003925431972829939,0.017560709872977972,0.0052885618524354154,0.5432966092240226,-0.00427270676407339,0.0013029794837162404,-0.05638690818648777,0.0,0.0,1.0,29.734082503502318,2.4458770869578883,29.99999996037013,4.632043745789183e-08,29.999999997043048,2.1478353992633923,29.99999999729278,4.63204374856474e-08,1.6130325235990965,1.5705923659372192,0.001874055014923215,0.0,0.0,0.0,0.0,0.0,0.0,0.0,0.0,0.0,0.0,0.0,0.0,1.6227377239351992,1.570710392186853
0.8094027042388916,0.008851182257191982,0.002731772832283719,0.6190517898980473,0.9999463947050388,-0.000401294096157558,-0.009446037417663972,-0.004221262435148456,0.016962021931527724,0.005360988693960095,0.5432720140405057,-0.004427747424562798,0.0032166028923749524,-0.059126110125060374,0.0,0.0,1.0,29.687484554382372,2.492937730107967,29.940059302542508,0.14577053057277417,29.999999996762927,2.1717206674116487,29.99999999679945,0.14577053057009196,1.6114766247325163,1.5707963267948966,0.001965276023838669,0.0,0.0,0.0,0.0,0.0,0.0,0.0,0.0,0.0,0.0,0.0,0.0,1.6213512667443275,1.5706935312940482
0.8193385601043701,0.009014960102042809,0.0027861384266738847,0.6244820493511506,0.9999452797989887,-0.0004211315833163738,-0.009420025450212725,-0.0045302512543963095,0.016377784485082758,0.00543655943901657,0.5430259453103279,-0.0045730789653854785,0.005208059639279717,-0.06175582859913648,0.0,0.0,1.0,29.55139207424511,2.5303965927028487,29.77739942867421,9.714036178221086e-08,29.99999999343683,2.1852464312398356,29.999999993455674,9.714036178221086e-08,1.6095241348590688,1.5705824220908373,0.0016152799944393337,0.0,0.0,0.0,0.0,0.0,0.0,0.0,0.0,0.0,0.0,0.0,0.0,1.619940603599783,1.5707082163655979
0.830498456954956,0.009172740457559564,0.002841295262215239,0.6299031116819938,0.9999440728677063,-0.00044151415845309125,-0.009388249322610594,-0.004849430548706229,0.01577803555167543,0.005515683554135423,0.542106233084319,-0.004706519879532309,0.006361019665045271,-0.06379238312816923,0.0,0.0,1.0,29.361666602909942,2.5773713441586277,29.57100981428047,0.14953195319009688,29.99999999623677,2.207655371552001,29.99999999626604,0.14953195318410997,1.6080065274750466,1.5707963267948966,0.002440619020489976,0.0,0.0,0.0,0.0,0.0,0.0,0.0,0.0,0.0,0.0,0.0,0.0,1.6184525366368239,1.570690245754918
0.8390810489654541,0.009324582797303242,0.002897281874088503,0.6353078306603651,0.9999427603913333,-0.00046247639672734094,-0.009353273679288539,-0.0051747780650055865,0.015184233974367948,0.005598661187326416,0.540471897837136,-0.004837140275872856,0.007000671324529123,-0.06502469003474957,0.0,0.0,1.0,29.144476935335327,2.6157481724740537,29.345801695465223,2.905550609277885e-07,29.999999978556126,2.221565151997492,29.999999978836456,2.9055506098329964e-07,1.606097842958647,1.5705720723082357,0.001432884018868208,0.0,0.0,0.0,0.0,0.0,0.0,0.0,0.0,0.0,0.0,0.0,0.0,1.6169602496137128,1.5707054001892005
0.8496861457824707,0.009470519852639196,0.002954139665835216,0.6406899988830059,0.9999413487094488,-0.00048405610850647373,-0.00931636644734416,-0.005501831243308792,0.014593705533595248,0.0056857791746712785,0.5382168222640796,-0.004965826900658425,0.007386300073556193,-0.06536457185998479,0.0,0.0,1.0,28.91782385558972,2.663994324161389,29.1141291142092,0.1534355957809059,29.99999999598311,2.245959721952408,29.999999996045815,0.15343559576289445,1.6046677014005852,1.5707963267948957,0.0020118939864914864,0.0,0.0,0.0,0.0,0.0,0.0,0.0,0.0,0.0,0.0,0.0,0.0,1.6154084772344177,1.5706863533490627
0.8599717617034912,0.009610704817410292,0.0030119113345492532,0.6460448356983353,0.9999398555455967,-0.0005062952818564303,-0.009278267233237117,-0.005826037563068494,0.014018496477109598,0.005777166871403714,0.5354836815329322,-0.005093726509841104,0.00762352944564439,-0.06479397902220907,0.0,0.0,1.0,28.690500049902546,2.7027926699370526,28.88471906733447,4.297503580774631e-08,29.99999999638702,2.2621542961429575,29.999999996455188,4.297503580774631e-08,1.602794662219913,1.570561028309108,0.0019281720160506666,0.0,0.0,0.0,0.0,0.0,0.0,0.0,0.0,0.0,0.0,0.0,0.0,1.6138740806867273,1.5707020638413245
0.8693525791168213,0.009745197998898615,0.0030706443415831216,0.6513689705370203,0.9999383076608814,-0.0005292599874739059,-0.009239309638340017,-0.00614295641885579,0.013449318148832374,0.0058733007033868155,0.5324134838685032,-0.005226306959469208,0.007793510415047425,-0.06333520431941426,0.0,0.0,1.0,28.467540715690475,2.751795485433615,28.659427942301683,0.15755436118779337,29.999999994777795,2.2899451689894526,29.999999994883744,0.15755436118523375,1.6014122144404637,1.5707963267948966,0.0019718259864021093,0.0,0.0,0.0,0.0,0.0,0.0,0.0,0.0,0.0,0.0,0.0,0.0,1.6122913066200395,1.5706819159081506
0.8790254592895508,0.009874166950993519,0.003130386736021459,0.6566602210687837,0.9999367365266945,-0.000553013300469693,-0.009199789648551154,-0.006448332424360894,0.012896895209490274,0.005974239443833708,0.52912505317635,-0.005363382521809466,0.007903748775112268,-0.06102528836829888,0.0,0.0,1.0,28.247490409943563,2.7912801190338294,28.438278889827124,3.326788249602419e-07,29.99999996638938,2.3099009744253416,29.99999996717897,3.326788249879975e-07,1.5995085920983758,1.5705491652658319,0.0013677660026587546,0.0,0.0,0.0,0.0,0.0,0.0,0.0,0.0,0.0,0.0,0.0,0.0,1.6107371505943857,1.5706982603205428
0.889324426651001,0.009997681558218216,0.003191190793279032,0.6619171925695725,0.9999351787442844,-0.000577634335047842,-0.009159856545626796,-0.0067380766004523866,0.012351460722469801,0.006080405725757318,0.5256971500788705,-0.005508685246040939,0.007983542737556065,-0.05789746064961356,0.0,0.0,1.0,28.040993165743238,2.841858706533995,28.226513241322913,0.1620163099618983,29.99999999457558,2.3426803465522843,29.99999999469278,0.1620163099433982,1.5980740278429104,1.5707963267948954,0.0020242199825588614,0.0,0.0,0.0,0.0,0.0,0.0,0.0,0.0,0.0,0.0,0.0,0.0,1.6091330708092415,1.5706769610270126
0.8997917175292969,0.010115902481681427,0.003253108931099895,0.6671394446369063,0.9999336681915504,-0.0006031928263915627,-0.009120150858643278,-0.007008439463901843,0.011822092346321086,0.00619181378208631,0.5222252067333855,-0.0056603465034983265,0.007934646612629903,-0.05401969446357066,0.0,0.0,1.0,27.853145835362305,2.882673467595068,28.036707640242877,3.3088883027998506e-07,29.999999957171887,2.367779473312566,29.999999958353033,3.308888303632518e-07,1.596018763653344,1.5705358494740354,0.0019135780166834593,0.0,0.0,0.0,0.0,0.0,0.0,0.0,0.0,0.0,0.0,0.0,0.0,1.607553207528337,1.5706940132795673
0.9091763496398926,0.010228902154023105,0.003316197725805194,0.6723276016089204,0.9999322420878228,-0.0006297660726951209,-0.009080879182016178,-0.007256187786575538,0.011299967234167782,0.006308879470529915,0.5188156972014006,-0.005821415884467709,0.007843853764692078,-0.04949516921136181,0.0,0.0,1.0,27.686005282273687,2.9340819823835256,27.866910101361235,0.16686423769286807,29.999999984959846,2.4055895283324853,29.999999985412508,0.16686423767619413,1.5944407533231482,1.5707963267948954,0.0016399949963670224,0.0,0.0,0.0,0.0,0.0,0.0,0.0,0.0,0.0,0.0,0.0,0.0,1.6059054298319093,1.5706714184502055
0.9195928573608398,0.01033688052849799,0.0033805129780153436,0.6774830742039767,0.9999309355520257,-0.0006574118316783882,-0.009042272527451269,-0.007478585646534658,0.010797837447488419,0.0064315252210149585,0.5155472595056374,-0.0059888828132690555,0.007706326061032679,-0.04442338243392999,0.0,0.0,1.0,27.537059430917353,2.974886713188989,27.716689904251293,5.361058369457439e-08,29.999999990465167,2.4352651676688137,29.99999999081585,5.361058369457439e-08,1.592278307720753,1.5705209055403178,0.002186233992688358,0.0,0.0,0.0,0.0,0.0,0.0,0.0,0.0,0.0,0.0,0.0,0.0,1.6042676189020864,1.5706892624994468
0.9294207096099854,0.01043993165338865,0.0034461147291359982,0.6826077448655422,0.9999297822331173,-0.0006861942199048054,-0.009004412867072964,-0.007673349310548694,0.010305112489066051,0.0065601751120654426,0.5124670661565555,-0.006165080327963297,0.007551881126496616,-0.03889473833583287,0.0,0.0,1.0,27.40591621021067,3.0262352449957803,27.582965090206855,0.17200702400771425,29.999999984195462,2.47799086974487,29.99999998484573,0.1720070240053559,1.5906488321328693,1.5707963267948966,0.0016331050137523562,0.0,0.0,0.0,0.0,0.0,0.0,0.0,0.0,0.0,0.0,0.0,0.0,1.602554860161896,1.5706652115052855
0.9395451545715332,0.010538285908671537,0.003513061673765793,0.6877037808245677,0.9999288112874553,-0.0007161537903567437,-0.008967490407488921,-0.007838596608856472,0.009835425528288666,0.006694694462979504,0.5096035959025479,-0.006345881400079031,0.007358925169755784,-0.03298960838191828,0.0,0.0,1.0,27.28937878846311,3.0662266852898075,27.46503412894308,6.104711108845251e-08,29.999999982913213,2.512234163329253,29.999999983828626,6.104711111620809e-08,1.5884174319465227,1.570504668513893,0.0018069739744532853,0.0,0.0,0.0,0.0,0.0,0.0,0.0,0.0,0.0,0.0,0.0,0.0,1.6008539990148922,1.5706839422609442
0.949162483215332,0.010632060887599392,0.003581416945575268,0.6927734417605003,0.9999280488526442,-0.000747337372158611,-0.008931580836886756,-0.007972795516619545,0.009377497892785467,0.006835527180947453,0.5069660935932532,-0.006533363214036832,0.007150369755579144,-0.026777995188223557,0.0,0.0,1.0,27.186337119135715,3.1166335562197363,27.359102557581384,0.17739006461287174,29.99999996660462,2.5598499693219146,29.999999968821037,0.17739006461065526,1.5867712577338893,1.5707963267948966,0.0015861889987718314,0.0,0.0,0.0,0.0,0.0,0.0,0.0,0.0,0.0,0.0,0.0,0.0,1.5990773465765538,1.5706583317256513
0.95955491065979,0.010721519022870406,0.0036512420359088513,0.6978189689423336,0.9999275156184596,-0.0007797668267833931,-0.008896889976358735,-0.00807470256661439,0.008945813527101373,0.006982509033358358,0.5045527181833417,-0.006722858811425549,0.006900241493154609,-0.020317679434957773,0.0,0.0,1.0,27.0846005084598,3.1545316568143495,27.25584115127797,6.366469160190569e-08,29.99999995792976,2.598312302821382,29.999999962621235,6.366469157415011e-08,1.5845353253798096,1.5704873926519887,0.0019260289845988154,0.0,0.0,0.0,0.0,0.0,0.0,0.0,0.0,0.0,0.0,0.0,0.0,1.5973193338847445,1.570678045306972
0.9692418575286865,0.010806806929993237,0.003722602904600725,0.7028420762639828,0.9999272305020684,-0.0008134729342794,-0.008863492388922865,-0.00814312378141551,0.008528790712283194,0.007136086869187344,0.5023107321649096,-0.0069164596598072035,0.006634763164482458,-0.013618527155943475,0.0,0.0,1.0,26.980941541814886,3.202621857172793,27.149158630334153,0.18289993961860154,29.999999852024665,2.6501780884627038,29.99999989016024,0.1828999396168449,1.5829261796152014,1.5707963267948966,0.0016705520101822913,0.0,0.0,0.0,0.0,0.0,0.0,0.0,0.0,0.0,0.0,0.0,0.0,1.595493046955468,1.5706508092134028
0.9789931774139404,0.010888228957077157,0.0037955623364035224,0.7078439098196803,0.9999272087676065,-0.0008484616058226341,-0.00883158854731916,-0.008176816180979167,0.008142202708391989,0.007295943180279737,0.5001833555697456,-0.007108914478791,0.0063287636247104885,-0.0066708100108556975,0.0,0.0,1.0,26.896816293841567,3.238592672835992,27.05264545955424,2.9038691942706585e-07,29.969973524762178,2.6930461043629723,29.97994296626252,2.9038691942706585e-07,1.5805546189906823,1.5704691649603855,0.001571206987136975,0.0,0.0,0.0,0.0,0.0,0.0,0.0,0.0,0.0,0.0,0.0,0.0,1.5936977801925727,1.5706715974393306
0.9888839721679688,0.010965958622618758,0.003870187019074653,0.7128256520674969,0.9999274600164201,-0.0008847449035277475,-0.008801200530385443,-0.00817501075167133,0.007772966554160117,0.0074624682671130885,0.49817422478167006,-0.00730259517152217,0.006017962039337008,0.00043071490533989204,0.0,0.0,1.0,26.83233652135051,3.2854383424240927,26.975730845436026,0.18860115327459953,29.86125750808499,2.74981365142378,29.878155577286233,0.1886011532691359,1.5787243597830154,1.5707963267948957,0.001759503997163847,0.0,0.0,0.0,0.0,0.0,0.0,0.0,0.0,0.0,0.0,0.0,0.0,1.5918201857351597,1.570642678513767
0.998685359954834,0.011040382360474381,0.003946525695247221,0.7177841001982039,0.9999279657555973,-0.0009222537325727888,-0.008772630523502698,-0.008139637683815629,0.007442373785562235,0.007633867617256765,0.4958448130707042,-0.00748557907531653,0.005646890864189328,0.007146007246381897,0.0,0.0,1.0,26.777995547440884,3.318572082248354,26.910952555104142,2.23545508437617e-07,29.698336159436337,2.7953010438849595,29.72171201696038,2.23545508437617e-07,1.5759938696590015,1.5704490385952539,0.001537513977382332,0.0,0.0,0.0,0.0,0.0,0.0,0.0,0.0,0.0,0.0,0.0,0.0,1.5899493534562819,1.570664628268214
1.0098209381103516,0.01111174742062851,0.0040246242608799705,0.7227146656934393,0.999928693987683,-0.0009608877975946098,-0.008745999130581328,-0.008074102670559916,0.007136506015412782,0.0078098565632748985,0.49305654952354017,-0.00765449318091473,0.00525219117728865,0.013179940677364355,0.0,0.0,1.0,26.72601273288103,3.36199214233948,26.84886406145961,0.19420330774647973,29.503326547278366,2.852524570449522,29.531228267833793,0.1942033077435539,1.5738024654614324,1.5707963267948961,0.001988759991945699,0.0,0.0,0.0,0.0,0.0,0.0,0.0,0.0,0.0,0.0,0.0,0.0,1.5879557129138133,1.5706338297435054
1.0185151100158691,0.011180448456400548,0.004104524028480796,0.7276124586396924,0.9999296034721779,-0.0010005272990655945,-0.008721565328595237,-0.007982564958446577,0.006870103577203944,0.007989976760082505,0.48977929462530806,-0.00780649867351628,0.004806400645336417,0.018381738708891968,0.0,0.0,1.0,26.6666717979687,3.3918184429757434,26.781185447005114,6.949759392971266e-08,29.289411665067416,2.8967726951710966,29.321787123984038,6.949759390195709e-08,1.5707747681780988,1.570428446698,0.0015719069924671203,0.0,0.0,0.0,0.0,0.0,0.0,0.0,0.0,0.0,0.0,0.0,0.0,1.5859338204206161,1.5706570436079899
1.029815673828125,0.011246704763854596,0.004186269212982302,0.7324726367990219,0.9999306519651419,-0.0010410417027682194,-0.008699417472997715,-0.007869410929024538,0.006625630745404799,0.008174518450150646,0.48601781593295246,-0.007940083823695375,0.004343763692918719,0.02270598845397258,0.0,0.0,1.0,26.596170129683355,3.4328072306254414,26.70243688566293,0.19952986049632773,29.06674530886417,2.9521503625151,29.101967080256873,0.1995298604955543,1.5684063368287249,1.5707963267948966,0.0019951249996665865,0.0,0.0,0.0,0.0,0.0,0.0,0.0,0.0,0.0,0.0,0.0,0.0,1.583768241528828,1.5706243869065628
1.0392646789550781,0.011310884425277909,0.004269900876383318,0.7372906660687737,0.9999317972250155,-0.0010822657278460746,-0.008679777746823379,-0.0077389312899474455,0.00641796614233125,0.008363166340101636,0.4818029269751786,-0.008047886072270388,0.0038376167627332714,0.0261717348571927,0.0,0.0,1.0,26.51969992413104,3.459573195103073,26.619568719244427,6.029834723197958e-08,28.84642181863919,2.993117343599598,28.884985276272264,6.029834723197958e-08,1.5652458356685583,1.5704081559796135,0.0019700459961313754,0.0,0.0,0.0,0.0,0.0,0.0,0.0,0.0,0.0,0.0,0.0,0.0,1.5815736837145276,1.5706489497477534
1.049426555633545,0.011373156285263378,0.0043554677946870506,0.742063063223838,0.9999330020949382,-0.001124053705817492,-0.008662636011743524,-0.0075951670158590535,0.006227185998546869,0.008556691830373211,0.4772397155064332,-0.00813372816856331,0.0033344077190396414,0.02882901123815125,0.0,0.0,1.0,26.433847032294995,3.4978301156512375,26.526986547155552,0.2044525280882212,28.635519988931517,3.044652609360136,28.675767694078967,0.20445252808754352,1.562822739513345,1.5707963267948966,0.0016136060003191233,0.0,0.0,0.0,0.0,0.0,0.0,0.0,0.0,0.0,0.0,0.0,0.0,1.5792411339936747,1.5706145506380191
1.0595619678497314,0.011433834415794923,0.004443018019164775,0.7467872201550266,0.9999342328868622,-0.001166238110058821,-0.008648183717749851,-0.007441687175418165,0.006067813053154579,0.008755022447772414,0.47241569311886633,-0.008192084453310978,0.0027938141006156746,0.030772115926471662,0.0,0.0,1.0,26.33514945033117,3.522113135583075,26.423069667511896,2.6784618470387933e-07,28.434662617287852,3.080941354102872,28.47711422145231,2.6784618470387933e-07,1.5595993199115064,1.5703888083665523,0.0019967140106018633,0.0,0.0,0.0,0.0,0.0,0.0,0.0,0.0,0.0,0.0,0.0,0.0,1.5768956490679134,1.5706405186604302
1.0702605247497559,0.01149303316795145,0.004532606676613653,0.7514610957776038,0.9999354633335905,-0.001208677079953776,-0.008636427205196055,-0.007281510329799205,0.005919875215652541,0.00895886574488781,0.4673875622577158,-0.008227398700444557,0.0022527517326720436,0.032111239897957056,0.0,0.0,1.0,26.224219083758264,3.5586167425141424,26.30654526176225,0.20895231094984032,28.245032382860447,3.127871068983554,28.288323731869134,0.20895231094627273,1.5572205626097395,1.570796326794896,0.002150652988348156,0.0,0.0,0.0,0.0,0.0,0.0,0.0,0.0,0.0,0.0,0.0,0.0,1.5744247449027124,1.570604560047019
1.079498529434204,0.011551033931698916,0.004624286675798491,0.7560830797358763,0.9999366715129745,-0.001251206521628328,-0.008627530229216088,-0.007117103900985841,0.005800076374746769,0.0091679999184838,0.4621983958272467,-0.008234027226770657,0.001679688668279548,0.03295653454668919,0.0,0.0,1.0,26.100826199150468,3.581002587092343,26.179047485448507,6.764223717259377e-08,28.06437395742555,3.1591148327302028,28.109269999745678,6.764223717259377e-08,1.5540530010259825,1.570370736055866,0.0018512649985495955,0.0,0.0,0.0,0.0,0.0,0.0,0.0,0.0,0.0,0.0,0.0,0.0,1.5719670045751448,1.5706319552967158
1.0910708904266357,0.011607917521107217,0.004718116834818773,0.7606518117390539,0.9999378423135727,-0.0012936911895367286,-0.008621445880917896,-0.0069504347565029975,0.0056883589408299896,0.009383015902028172,0.4568732003177628,-0.008217174512972257,0.0011166317629006084,0.033408214729040674,0.0,0.0,1.0,25.966100546412413,3.6159655520056906,26.039697306160647,0.21303775262628794,27.891611232032158,3.201244542861495,27.936830890462964,0.2130377526252073,1.551807168160238,1.5707963267948966,0.003081992006627843,0.0,0.0,0.0,0.0,0.0,0.0,0.0,0.0,0.0,0.0,0.0,0.0,1.5694078612109787,1.5705946382623088
1.0989573001861572,0.011663945674252075,0.004814152108674395,0.765166042851767,0.9999389635817909,-0.0013359718248241012,-0.008618284414780393,-0.006783027642755558,0.0056028153144856855,0.009603527385562251,0.4514231112713146,-0.008171047808407014,0.0005320989378839285,0.033554622482785644,0.0,0.0,1.0,25.822014424241807,3.6364815173746843,25.892469248896187,5.700129790398023e-08,27.72407416621881,3.227502314668645,27.770565715546546,5.700129790398023e-08,1.5487810112591611,1.5703540252888473,0.001721165986964479,0.0,0.0,0.0,0.0,0.0,0.0,0.0,0.0,0.0,0.0,0.0,0.0,1.5668934764894444,1.5706234509098214
1.1093626022338867,0.011719174768738776,0.004912452277956102,0.7696246250353551,0.9999400283603262,-0.0013779203315738282,-0.008617928631974891,-0.006616065628695489,0.005522909448670174,0.009830016928170628,0.4458582183588105,-0.008101602242012828,-2.8531354822527197e-05,0.03346420920464605,0.0,0.0,1.0,25.672182590430598,3.66961693695735,25.73885620480068,0.21670636820076325,27.56231203352813,3.2649875198295093,27.608832043743817,0.21670636819971742,1.546740824230469,1.5707963267948966,0.0019267640018370003,0.0,0.0,0.0,0.0,0.0,0.0,0.0,0.0,0.0,0.0,0.0,0.0,1.5643059814565468,1.5705849615353964
1.1196634769439697,0.011773846927210941,0.005013072673588949,0.7740265967286801,0.9999410308471204,-0.0014193843452680423,-0.008620426535150336,-0.0064504591177641235,0.005467215847216497,0.010062039563284667,0.4401971693324979,-0.008003286898655367,-0.0005983270482536187,0.033191420912271404,0.0,0.0,1.0,25.517272518041167,3.6879114273299836,25.581553090449056,5.438902359045095e-08,27.404314455037866,3.286458158664232,27.45185412845182,5.438902359045095e-08,1.5438963506118708,1.5703387072229922,0.0020095210056751966,0.0,0.0,0.0,0.0,0.0,0.0,0.0,0.0,0.0,0.0,0.0,0.0,1.5617966732813928,1.5706151565724678
1.129328727722168,0.01182798934219978,0.005116073010962537,0.778371129152733,0.9999419689736355,-0.0014602460197517715,-0.008625614364176581,-0.006286902538656951,0.0054142414988837964,0.010300033737358784,0.4344532424052841,-0.00788290843532236,-0.0011350324578515759,0.03277957359555458,0.0,0.0,1.0,25.359078158788734,3.7189329786030383,25.420205479537568,0.2199500326629807,27.25011549961162,3.319469529098539,27.297431868374975,0.219950032661869,1.542082944556417,1.5707963267948966,0.002157658978831023,0.0,0.0,0.0,0.0,0.0,0.0,0.0,0.0,0.0,0.0,0.0,0.0,1.559239484328604,1.5705756638082569
1.1401333808898926,0.01188182190012656,0.005221507602863922,0.7826574998085951,0.9999428407041184,-0.001500361343083101,-0.0086335045245766,-0.0061259154451786275,0.005383255792678218,0.010543459190138554,0.4286370655862132,-0.007734701075880048,-0.001673893048798988,0.032263546038448734,0.0,0.0,1.0,25.178247338088923,3.7341756141655416,25.237776048196007,3.1535405259353055e-08,27.079797339696064,3.3355941292528968,27.12819146494782,3.1535405259353055e-08,1.5395301667479873,1.570325286862384,0.0024134659906849265,0.0,0.0,0.0,0.0,0.0,0.0,0.0,0.0,0.0,0.0,0.0,0.0,1.5567885500754344,1.5706071870920626
1.1496801376342773,0.011935370590466454,0.00532942854818277,0.7868833457889048,0.9999436476472419,-0.0015396136690751787,-0.008643826629808539,-0.005967862336836438,0.0053548690339892515,0.010792094531884715,0.4225845980309779,-0.0075642174496971136,-0.0021584283464855846,0.031674483270481536,0.0,0.0,1.0,24.992318541902364,3.7630505825082223,25.049002718714753,0.22269012768528304,26.923393063427667,3.363033603684957,26.971228424670908,0.22269012768453036,1.5377913375793326,1.5707963267948966,0.002175910020014271,0.0,0.0,0.0,0.0,0.0,0.0,0.0,0.0,0.0,0.0,0.0,0.0,1.554323066742942,1.5705669156306798
1.158909559249878,0.011988841290892017,0.005439884623570446,0.7910471398377613,0.9999443916019755,-0.0015778624804124743,-0.008656596516979849,-0.005812692189439709,0.005347070042556363,0.011045607538767654,0.4163794048856443,-0.007365607580153721,-0.0026459805439268277,0.031095359816101516,0.0,0.0,1.0,24.811467863645166,3.777443104527314,24.866479991661357,2.403479572032907e-07,26.78193098332878,3.3743952395812613,26.830177723468495,2.403479572310463e-07,1.5352141096286087,1.5703132722157587,0.0019901689956896007,0.0,0.0,0.0,0.0,0.0,0.0,0.0,0.0,0.0,0.0,0.0,0.0,1.5519613911481407,1.5705996886541393
1.1693811416625977,0.012042195344333343,0.005552931759257026,0.7951485507953124,0.99994507690208,-0.0016150117549422543,-0.008671670252991877,-0.0056601282094286215,0.005335405344132685,0.011304713568657946,0.41014109575511487,-0.0071475647502926625,-0.003104725552284674,0.03057145644861509,0.0,0.0,1.0,24.640086150183315,3.8050249368488855,24.692653524979438,0.22510246424405198,26.648181629774413,3.3982665572126187,26.695743860039386,0.22510246423774274,1.5338480184865328,1.570796326794896,0.001972105004824698,0.0,0.0,0.0,0.0,0.0,0.0,0.0,0.0,0.0,0.0,0.0,0.0,1.549568922359636,1.5705587720200849
1.1797380447387695,0.012095591953321851,0.005668621249133953,0.7991879468494273,0.9999457063088698,-0.0016509382925453788,-0.00868906077169221,-0.005509905635726006,0.00533966089885084,0.01156894898769268,0.4039396054114844,-0.006904486971370569,-0.0035660131308347825,0.03010026866758888,0.0,0.0,1.0,24.464343645518564,3.816975547180248,24.515752297744854,2.2759778911529693e-07,26.504659545048366,3.406308849347892,26.552683770292486,2.275977891430525e-07,1.5317079671124378,1.5703027640582614,0.001959974004421383,0.0,0.0,0.0,0.0,0.0,0.0,0.0,0.0,0.0,0.0,0.0,0.0,1.5473230789491927,1.5705927084164863
1.1891899108886719,0.012148974850067128,0.005787003618833108,0.8031648736380899,0.9999462836171842,-0.0016855546862508722,-0.008708574375776159,-0.0053618576932047924,0.005338289674527711,0.011838236969915514,0.39769267886625936,-0.006643929119318708,-0.003988535901927365,0.029662330827901852,0.0,0.0,1.0,24.30720002518916,3.841282333685109,24.35730541594625,0.22715237646967956,26.364339225465688,3.427605689535813,26.412439835146525,0.22715237646377232,1.530826708972207,1.5707963267948961,0.0019095540046691895,0.0,0.0,0.0,0.0,0.0,0.0,0.0,0.0,0.0,0.0,0.0,0.0,1.5450923486867991,1.5705512877938828
1.1997206211090088,0.01220249377947455,0.0059081249084283445,0.8070798064806591,0.9999468112088572,-0.0017187455906089012,-0.008730013197210508,-0.00521608439431399,0.005351892940742123,0.012112128959523714,0.3914932842569249,-0.00636076055479369,-0.004371349820626946,0.029204241411273674,0.0,0.0,1.0,24.163906987223953,3.8490873889577233,24.213655493955027,1.9913642804181286e-07,26.22750598020595,3.433177561018857,26.276509151719576,1.9913642806956844e-07,1.5290277367676008,1.5702933721437722,0.0020506040018517524,0.0,0.0,0.0,0.0,0.0,0.0,0.0,0.0,0.0,0.0,0.0,0.0,1.543054400156143,1.5705862933654562
1.2096219062805176,0.012256046138823161,0.0060320355732093375,0.8109337610521096,0.999947291457821,-0.0017504455695639487,-0.008753084398204224,-0.005072845354676569,0.00535523593486117,0.012391066478099325,0.38539545714504697,-0.006065329503864301,-0.004695464520847315,0.028694202836441106,0.0,0.0,1.0,24.029904583629403,3.8698750628937852,24.078104258237587,0.2288027621280159,26.096217477633868,3.4518238032629918,26.144673596999244,0.22880276212293293,1.5283019130635722,1.5707963267948961,0.0017208910139743239,0.0,0.0,0.0,0.0,0.0,0.0,0.0,0.0,0.0,0.0,0.0,0.0,1.541050591100637,1.5705444474766441
1.219780683517456,0.012309736223627464,0.006158779351816432,0.8147280100690872,0.9999477245999674,-0.001780557106607118,-0.008777740721079775,-0.0049324387041747575,0.005369008480430276,0.012674377860709504,0.37942490169776183,-0.005751024568612651,-0.005009951481140505,0.028124371381315186,0.0,0.0,1.0,23.90063591009759,3.874805592458785,23.94855741599905,6.42833269115517e-08,25.9691816334577,3.454540243048007,26.018324386839936,6.428332693930727e-08,1.5266164472167563,1.5702858263802797,0.0018680859939195216,0.0,0.0,0.0,0.0,0.0,0.0,0.0,0.0,0.0,0.0,0.0,0.0,1.5392293513810562,1.5705804302363944
1.2299296855926514,0.01236343048644697,0.006288402245862308,0.818463856228989,0.9999481127327843,-0.0018090295142384836,-0.008803744080746634,-0.004795137591275925,0.005369426281950612,0.012962289404587553,0.37358461599017595,-0.005427354935361539,-0.005276700873750259,0.027499894656138547,0.0,0.0,1.0,23.77577641283296,3.893204177381741,23.822320978444385,0.23011147120111317,25.847849459005317,3.4703652289952283,25.896374199190962,0.2301114711994247,1.5260411438018706,1.5707963267948966,0.0019752719963435084,0.0,0.0,0.0,0.0,0.0,0.0,0.0,0.0,0.0,0.0,0.0,0.0,1.5374275079290134,1.570538343971235
1.2386138439178467,0.012417213474812878,0.0064209422529852905,0.8221426112007795,0.9999484565797895,-0.001835775425217123,-0.008831063855099146,-0.0046611611719501655,0.005378298836590947,0.013254000712298236,0.3678754971790448,-0.005086681014746019,-0.00553718947450642,0.026831431752111598,0.0,0.0,1.0,23.653414468640225,3.895784628182803,23.699962615777192,2.3937232140891496e-08,25.730160990426423,3.4701706822070286,25.779458236242697,2.393723216864707e-08,1.5245265423493244,1.5702798290262563,0.0014958279789425433,0.0,0.0,0.0,0.0,0.0,0.0,0.0,0.0,0.0,0.0,0.0,0.0,1.5358008844822788,1.5705751986603296
1.249093770980835,0.012470933375111114,0.0065564388983036315,0.8257655028277222,0.9999487590569112,-0.0018607555119239299,-0.008859448710210514,-0.004530675227580208,0.005371990029823615,0.013549664531834064,0.36228916269427425,-0.004738721569815269,-0.005747340010542206,0.026129824299189735,0.0,0.0,1.0,23.534447082610022,3.9119043746309696,23.57993961453324,0.23109727301545993,25.61696452272997,3.4832095771520355,25.665801499318732,0.23109727301481048,1.5241647315927422,1.5707963267948966,0.002028556977165863,0.0,0.0,0.0,0.0,0.0,0.0,0.0,0.0,0.0,0.0,0.0,0.0,1.534190264177571,1.570533002998319
1.2588691711425781,0.012524661267042799,0.00669492307729638,0.8293336998721534,0.9999490217483687,-0.0018838913192792887,-0.008888837140884096,-0.00440379748157002,0.005372789193168386,0.013848417899274894,0.35681970444312133,-0.004375383359183075,-0.0059451013724704585,0.025404544205839083,0.0,0.0,1.0,23.417674371349484,3.911984818171816,23.46352197532706,6.488467049758917e-08,25.5053703802548,3.4802465828798135,25.55519594307906,6.488467049758917e-08,1.5228872809501843,1.570275295014454,0.0016533949819859117,0.0,0.0,0.0,0.0,0.0,0.0,0.0,0.0,0.0,0.0,0.0,0.0,1.5327580452368812,1.5705706206835444
1.2695412635803223,0.012578230868195279,0.006836426676226807,0.8328482239304649,0.9999492482760038,-0.0019051546634054682,-0.008918940384363945,-0.004280626167020333,0.005356960115247923,0.014150359893042646,0.3514524058311431,-0.004006883023307135,-0.006085075243453841,0.024659665715372214,0.0,0.0,1.0,23.302634440075757,3.925589661332775,23.347684460668912,0.23175723709870444,25.395804973788156,3.4906436217567824,25.445305864985794,0.23175723709690604,1.5227706988043241,1.5707963267948966,0.002091957983793691,0.0,0.0,0.0,0.0,0.0,0.0,0.0,0.0,0.0,0.0,0.0,0.0,1.5313479360530673,1.5705284313022458
1.2794156074523926,0.012631701874675477,0.006980972093870215,0.8363099032234371,0.9999494406590553,-0.0019244757562225095,-0.008949675487509112,-0.004161229069956209,0.0053471006480197755,0.014454541764340838,0.3461679292972282,-0.003624656937658926,-0.006208400765011645,0.023901125967126284,0.0,0.0,1.0,23.188500833547206,3.923112527591711,23.234179173164925,7.049835279437922e-08,25.28631044167786,3.4850857704465796,25.33697347929885,7.049835279437922e-08,1.5217261245949008,1.5702722874774973,0.002254306018585339,0.0,0.0,0.0,0.0,0.0,0.0,0.0,0.0,0.0,0.0,0.0,0.0,1.530122616446104,1.5705667020869103
1.290522813796997,0.01268489675271736,0.0071285822771454755,0.839719373800856,0.9999496029390669,-0.0019418367338252646,-0.008980728271812486,-0.004045660861686201,0.00531948780418835,0.014761018327526035,0.34094705774189166,-0.0032392543738510916,-0.006268882647539479,0.023131731113771013,0.0,0.0,1.0,23.077040292855884,3.9341776315100287,23.122211879530354,0.23210065326380147,25.179186077385875,3.4930451091597328,25.229732103044178,0.23210065326181836,1.52185378123449,1.5707963267948966,0.002615567995235324,0.0,0.0,0.0,0.0,0.0,0.0,0.0,0.0,0.0,0.0,0.0,0.0,1.5289231176102178,1.5705246428569941
1.2998449802398682,0.012737863730382725,0.007279271045031292,0.8430772210213748,0.9999497375469188,-0.0019571770953011815,-0.009011982400434163,-0.003933956135776072,0.005296697766536546,0.015068876788581705,0.33578472205188464,-0.002841938723545708,-0.006306063788199144,0.022355343671194818,0.0,0.0,1.0,22.965406562923782,3.929170936183615,23.011462604027244,2.895958794990605e-08,25.07202958402553,3.48502180399508,25.12392715440356,2.895958794990605e-08,1.5210291051989677,1.5702707036427905,0.0018635689921211451,0.0,0.0,0.0,0.0,0.0,0.0,0.0,0.0,0.0,0.0,0.0,0.0,1.5279132124136854,1.570563454848123
1.310837984085083,0.012790413027270079,0.007433052643341916,0.8463838407353292,0.9999498489097077,-0.0019704903060218126,-0.009043099611206229,-0.003826118506593871,0.005254929688735403,0.015378159831062395,0.33066197139544484,-0.0024436158153552474,-0.006275614827375897,0.021578344770595292,0.0,0.0,1.0,22.85517738534221,3.937902576237193,22.900924659846055,0.2321385541431222,24.96797599474799,3.490531213131705,25.019899259249257,0.23213855414228857,1.521356935024472,1.5707963267948966,0.0033590600069146603,0.0,0.0,0.0,0.0,0.0,0.0,0.0,0.0,0.0,0.0,0.0,0.0,1.5269297685258685,1.5705216332473613
1.3203771114349365,0.012842581361361797,0.007589932193126768,0.8496396074606303,0.9999499398589223,-0.0019817253255576908,-0.009073948452589835,-0.003722096230534202,0.005216833409171707,0.01568795497848514,0.32557667253010514,-0.002035112353183086,-0.006218886656437156,0.020811643895167653,0.0,0.0,1.0,22.745897661356057,3.930675854048152,22.792681483849353,7.55321615530935e-08,24.8655815280431,3.4801475732394547,24.91896390798189,7.55321615530935e-08,1.520734011808716,1.5702704787677895,0.00303789199097082,0.0,0.0,0.0,0.0,0.0,0.0,0.0,0.0,0.0,0.0,0.0,0.0,1.5261336494542403,1.5705608751827234
1.3298778533935547,0.012894165134911924,0.007749915876706351,0.8528448737114195,0.9999500151011557,-0.0019908877036850757,-0.009104188835889784,-0.003621796651991209,0.005158377355012825,0.01599836835795832,0.3205266250789192,-0.0016278199081597449,-0.006094211248427874,0.020063609717811737,0.0,0.0,1.0,22.639351123665286,3.937177894123134,22.68593019381531,0.23189411414606753,24.766614887504932,3.483436258972232,24.82008482509695,0.2318941141438501,1.5212871370449672,1.5707963267948966,0.002434147027088329,0.0,0.0,0.0,0.0,0.0,0.0,0.0,0.0,0.0,0.0,0.0,0.0,1.525362272647737,1.57051938998059
1.3401179313659668,0.01294518637430367,0.007913001023679641,0.8560000497488777,0.9999500775384939,-0.001997937591837471,-0.00913369619601095,-0.0035250914791062357,0.005102123939174683,0.016308514697328948,0.31551760374582144,-0.0012124239311300713,-0.005944675841842638,0.019341200612034964,0.0,0.0,1.0,22.534685606239332,3.927687446678025,22.582395821283818,2.6354686571972152e-08,24.66887891277982,3.47100189016645,24.723866836960816,2.6354686571972152e-08,1.5208986861011256,1.5702715065552564,0.002507483004592359,0.0,0.0,0.0,0.0,0.0,0.0,0.0,0.0,0.0,0.0,0.0,0.0,1.52478011041877,1.5705589523826338
1.3493454456329346,0.012995427997431745,0.008079186035208897,0.8591055379738148,0.9999501317975726,-0.002002893630637781,-0.009162140739361621,-0.003431838019743499,0.0050241623128075025,0.016618501152925676,0.3105488224937148,-0.000800732919664228,-0.005729282574156792,0.018647486373420518,0.0,0.0,1.0,22.433284313866153,3.9318874780791195,22.48087679868599,0.2313836267856701,24.57392003210957,3.4723883187303244,24.629048586833772,0.23138362678489016,1.521683171268261,1.5707963267948966,0.0017624349857214838,0.0,0.0,0.0,0.0,0.0,0.0,0.0,0.0,0.0,0.0,0.0,0.0,1.524225621230535,1.5705178886930085
1.359147548675537,0.013044899483492845,0.008248460372654542,0.8621617833196781,0.9999501806047435,-0.002005727628207768,-0.009189406523195647,-0.003341881651700815,0.004947148606109918,0.01692743374456447,0.3056245345863217,-0.000383198766573185,-0.005490775171578114,0.017984680946194834,0.0,0.0,1.0,22.33399447196257,3.9201150062547243,22.382805242275563,2.6761801968921972e-08,24.479517626627036,3.458233508142481,24.53622278547865,2.6761801968921972e-08,1.5215213964151464,1.570273738644833,0.0016266710008494556,0.0,0.0,0.0,0.0,0.0,0.0,0.0,0.0,0.0,0.0,0.0,0.0,1.5238624140930672,1.5705576655647067
1.3694496154785156,0.01309337399352262,0.00842081445057971,0.86516919772913,0.9999502283491327,-0.0020064711099100642,-0.009215172632517754,-0.0032550716667383408,0.004847451002977435,0.017235407792516814,0.30074144094519994,2.8098126003443195e-05,-0.005188197755215752,0.017352194434892994,0.0,0.0,1.0,22.2379898915984,3.9220186883744597,22.286764342043263,0.23062591158176485,24.387298382069847,3.458010245421171,24.44419791176157,0.23062591158097417,1.5225190143806322,1.5707963267948966,0.0018224069790448993,0.0,0.0,0.0,0.0,0.0,0.0,0.0,0.0,0.0,0.0,0.0,0.0,1.5235279829962214,1.5705171045761532
1.3800313472747803,0.01314085191672307,0.008596229676506084,0.8681282099780685,0.999950277486135,-0.002005107258964324,-0.009239330020338998,-0.003171258591996805,0.004747792320044876,0.017541522592637505,0.29590122489385196,0.00044297352813128294,-0.004863892354717816,0.016749604810892507,0.0,0.0,1.0,22.143993093031117,3.9080237861898413,22.19405766385646,1.9975079137979357e-07,24.29515049518015,3.4424168932293475,24.353674300511173,1.9975079137979357e-07,1.5225644674772618,1.57027708993567,0.0021305799891706556,0.0,0.0,0.0,0.0,0.0,0.0,0.0,0.0,0.0,0.0,0.0,0.0,1.5233838446225658,1.5705569934645451
1.389681339263916,0.013187100468377908,0.008774688373516701,0.8710391947159851,0.9999503321003707,-0.0020016800523155057,-0.009261566920965851,-0.0030903054048278906,0.00462485516548393,0.01784586970106165,0.29109847379166687,0.0008491235853015724,-0.004477348328868184,0.016174616559964626,0.0,0.0,1.0,22.05310048085721,3.907710353479083,22.103191907587227,0.22964147421428843,24.204820056117253,3.4408276134019506,24.26357735494479,0.22964147420843903,1.5237518039858746,1.5707963267948961,0.0021706559928134084,0.0,0.0,0.0,0.0,0.0,0.0,0.0,0.0,0.0,0.0,0.0,0.0,1.5232667907446653,1.5705170072461343
1.400346279144287,0.013232114049316207,0.008956163908569924,0.8739025280344221,0.9999503943345662,-0.0019961838176336347,-0.00928178244819522,-0.003012081488974405,0.004501358093829868,0.01814755350532231,0.28633333184370585,0.0012566068919617746,-0.0040707082021809934,0.015625770856205316,0.0,0.0,1.0,21.964011879505488,3.891618881939509,22.015438008505654,1.3418262820308335e-07,24.114316957685368,3.424034003694372,24.174720703857655,1.3418262820308335e-07,1.5239822441283142,1.5702814566375165,0.0020448330033104867,0.0,0.0,0.0,0.0,0.0,0.0,0.0,0.0,0.0,0.0,0.0,0.0,1.5233360783505523,1.5705569100388146
1.409306287765503,0.01327565718282038,0.0091406306068865,0.8767185233781974,0.9999504679322836,-0.001988674132864365,-0.009299677175416592,-0.0029364709488353172,0.004354313350417387,0.018446669831657637,0.2815995343775261,0.001653032026060229,-0.0036042938392017564,0.015100317352349754,0.0,0.0,1.0,21.877818918028467,3.88922378735252,21.92930510512657,0.22845315464265997,24.025487934640406,3.4212845085969246,24.086135518214448,0.22845315463878532,1.5253343652712352,1.5707963267948963,0.001714664016617462,0.0,0.0,0.0,0.0,0.0,0.0,0.0,0.0,0.0,0.0,0.0,0.0,1.5234283877473753,1.5705175595529148
1.4194214344024658,0.013317720803049554,0.009328053996914755,0.8794874926547498,0.9999505546938171,-0.001979155641042615,-0.00931516248414742,-0.002863364868463524,0.0042063620229174,0.018742339002825462,0.27689692765523394,0.002048705601502855,-0.0031202336536501063,0.014596679996834009,0.0,0.0,1.0,21.79324918437719,3.8712064904325127,21.84608136860996,1.0547287102036229e-07,23.93644502714154,3.403495632092685,23.99872779356933,1.0547287102036229e-07,1.5257266686309698,1.5702867198425237,0.0015241549990605563,0.0,0.0,0.0,0.0,0.0,0.0,0.0,0.0,0.0,0.0,0.0,0.0,1.5237006702507838,1.5705573834446265
1.4295947551727295,0.013358069438053627,0.009518400701265636,0.882209687856384,0.9999506579929818,-0.001967694485907607,-0.009327955974516916,-0.0027926681060248884,0.004034863500407186,0.019034670435088056,0.27221952016341927,0.0024311954301239305,-0.0025797995963082565,0.0141122959660091,0.0,0.0,1.0,21.71141916344571,3.866904963831355,21.764312849291958,0.22708348847426316,23.84910605444689,3.3997669545639937,23.91161105372338,0.22708348847127177,1.5272184013972427,1.5707963267948966,0.0018535000272095203,0.0,0.0,0.0,0.0,0.0,0.0,0.0,0.0,0.0,0.0,0.0,0.0,1.5239900985908104,1.5705187172157546
1.4401929378509521,0.013396692679435876,0.009711628800832593,0.8848853657133184,0.9999507792646495,-0.001954304758304353,-0.009337985852610944,-0.002724290944183045,0.00386232413822497,0.01932280995669572,0.2675677856934406,0.0028110269680808085,-0.0020250808580782095,0.01364589843557963,0.0,0.0,1.0,21.631100198299357,3.847165587757313,21.68532018118448,8.984045399285101e-08,23.761659446492597,3.381167988808596,23.825756374456827,8.984045399285101e-08,1.5277491092512856,1.5702927610043722,0.0020932019979227334,0.0,0.0,0.0,0.0,0.0,0.0,0.0,0.0,0.0,0.0,0.0,0.0,1.524451284706015,1.5705583757270607
1.4490323066711426,0.013433357420633944,0.009907697669328624,0.8875147329821154,0.9999509214925386,-0.001939062022862246,-0.009344990937255935,-0.002658155201862047,0.00366647411980681,0.019606886849603173,0.2629367268796933,0.003175784333445461,-0.0014182270965683594,0.013195369614860399,0.0,0.0,1.0,21.55343765458202,3.8411616172726286,21.607693842055067,0.22555587388620432,23.67606164797484,3.3766270620619587,23.740331832169566,0.2255558738837091,1.529355334551763,1.5707963267948966,0.0015655820025131106,0.0,0.0,0.0,0.0,0.0,0.0,0.0,0.0,0.0,0.0,0.0,0.0,1.5249224024981964,1.5705204307666767
1.458618402481079,0.013468053846321026,0.010106558462224517,0.8900980123329985,0.9999510857333325,-0.0019219888415204366,-0.009348919675753724,-0.0025941859068291905,0.0034696425687081836,0.01988607928958931,0.2583279350883042,0.003536179516123985,-0.0008011336240410815,0.0127598850694202,0.0,0.0,1.0,21.47724522252405,3.819925075721953,21.532780285467123,9.967915129416305e-08,23.590553049738556,3.35739010944895,23.656342790000327,9.967915129416305e-08,1.5300009611596121,1.570299459046777,0.0013987150159664452,0.0,0.0,0.0,0.0,0.0,0.0,0.0,0.0,0.0,0.0,0.0,0.0,1.5255556785058488,1.5705598444849938
1.469425916671753,0.01350055334714806,0.010308163863870654,0.8926353893282178,0.9999512745638454,-0.0019031689648579514,-0.009349535589274314,-0.002532317179418831,0.0032499500827033647,0.020160540164613747,0.2537376995219413,0.003879864520571278,-0.00013684135554534822,0.012337812351449153,0.0,0.0,1.0,21.40368559869775,3.8124431157034486,21.459209510834167,0.22389495687133257,23.50709597225316,3.352196809635911,23.57298711845554,0.22389495686862806,1.5316970770261895,1.5707963267948966,0.002100071986205876,0.0,0.0,0.0,0.0,0.0,0.0,0.0,0.0,0.0,0.0,0.0,0.0,1.526190718884958,1.5705226465652484
1.4794411659240723,0.013530848548423333,0.010512458705928467,0.8951270775854832,0.9999514886554838,-0.00188263234408252,-0.009346809744646443,-0.002472484324754769,0.003029520127527255,0.02042948420578122,0.2491688257265279,0.00421770685743806,0.0005331693349199275,0.011928732269197048,0.0,0.0,1.0,21.331603562670633,3.7899494897687442,21.388337888056704,1.0211523610026418e-07,23.42396256609786,3.33248728475452,23.491278652203707,1.0211523612801976e-07,1.5324344289427672,1.5703066901760498,0.0021979229932185262,0.0,0.0,0.0,0.0,0.0,0.0,0.0,0.0,0.0,0.0,0.0,0.0,1.5269773414765624,1.5705617437409125
1.4912688732147217,0.013558717359920546,0.010719389600923335,0.8975732660169998,0.99995173016625,-0.0018604695897438258,-0.009340532863530798,-0.00241462963074186,0.0027868811497213587,0.020693089499486676,0.24461884315167245,0.004537474242386538,0.0012449423838801084,0.011531430116790206,0.0,0.0,1.0,21.262164542279063,3.781224513365687,21.318823923282455,0.2221255589907774,23.343096177675992,3.3267949128255534,23.41042474164065,0.22212555898807607,1.5341965065008998,1.5707963267948966,0.002793741994537413,0.0,0.0,0.0,0.0,0.0,0.0,0.0,0.0,0.0,0.0,0.0,0.0,1.5277569254003058,1.5705253075173606
1.4992501735687256,0.01358415662186634,0.010928895697987351,0.8999741819984536,0.9999519993732457,-0.0018367168771081972,-0.00933070086998408,-0.0023586949434894256,0.002543926194579437,0.020950609706401703,0.24009159814537037,0.004850157224885919,0.001957464544018189,0.011145813299359259,0.0,0.0,1.0,21.19423217117206,3.75771852464515,21.252019248502673,1.0052096457990878e-07,23.262784998536034,3.3067698291654732,23.331428876628845,1.0052096457990878e-07,1.5350032206554909,1.5703143333711143,0.0015480110014323145,0.0,0.0,0.0,0.0,0.0,0.0,0.0,0.0,0.0,0.0,0.0,0.0,1.5286768655575336,1.5705640245570087
1.5411336421966553,0.013606952855865977,0.011140918179653006,0.902330038130525,0.999952298014737,-0.0018114702785730827,-0.009317132804618301,-0.00230462725346335,0.002279623399963695,0.021202248166565518,0.23558561320714866,0.005143684346734737,0.0027060885237065674,0.010771030283317436,0.0,0.0,1.0,21.12896451324643,3.747987420482014,21.186601122396052,0.22027218389755912,23.184936525802264,3.3007241841531183,23.25349187250831,0.22027218389497064,1.5368086986161285,1.5707963267948966,0.033274832007009536,0.0,0.0,0.0,0.0,0.0,0.0,0.0,0.0,0.0,0.0,0.0,0.0,1.5295806305715274,1.5705283543875952
1.5442376136779785,0.013627109065342164,0.011355391165901412,0.9046410928327097,0.9999526259832109,-0.0017847709603601271,-0.009299849586040451,-0.0022523719889412596,0.002015620947618599,0.02144729862484056,0.2311054702184676,0.005429135317455311,0.0034504645976845528,0.010407214932592135,0.0,0.0,1.0,21.065235979182408,3.723709516023904,21.12390426372093,9.462673511428932e-08,23.107847238721288,3.280530195770727,23.177594242589127,9.462673508653374e-08,1.537663772193902,1.5703222727074209,0.0014827190025243908,0.0,0.0,0.0,0.0,0.0,0.0,0.0,0.0,0.0,0.0,0.0,0.0,1.530613211720756,1.5705666361600668
1.5458276271820068,0.013644422244821581,0.011572251059495584,0.9069075964904472,0.9999529846006028,-0.0017567190692673186,-0.009278699074884966,-0.002201878728687384,0.0017313179479417783,0.021685989359417252,0.22665036577375364,0.005694628627300839,0.0042251817322160054,0.010053709281425446,0.0,0.0,1.0,21.00418577607811,3.7132032436707956,21.062617179447134,0.21835828945852015,23.033380058376245,3.274267085751053,23.102926276703982,0.21835828945615146,1.5394918564940365,1.5707963267948966,0.0013067529944237322,0.0,0.0,0.0,0.0,0.0,0.0,0.0,0.0,0.0,0.0,0.0,0.0,1.5316204346454911,1.5705317270954031
1.5472767353057861,0.013658903166081671,0.011791427607688178,0.9091298494060416,0.9999533733824458,-0.001727359558055878,-0.009253727467843288,-0.002153094975776787,0.001448092126008895,0.02191765481925939,0.2222252915594416,0.00595129583491562,0.00499059742632317,0.009710753086697011,0.0,0.0,1.0,20.944693622658033,3.688383039518577,21.004049692139873,1.1357153245628027e-08,22.95983719104797,3.254037696708262,23.030439906047448,1.1357153273383602e-08,1.5403760059757996,1.5703304003890621,0.0012629420089069754,0.0,0.0,0.0,0.0,0.0,0.0,0.0,0.0,0.0,0.0,0.0,0.0,1.5327449234809976,1.5705695270524735
1.5487031936645508,0.013670360915917905,0.012012853082482964,0.9113081475412642,0.9999537932417965,-0.001696795308118097,-0.009224811658066228,-0.0021059717229766953,0.0011457749836234345,0.02214254747947861,0.21782981352226508,0.006187471470577599,0.005780551149147425,0.009377814878333533,0.0,0.0,1.0,20.887877504654565,3.67732004254554,20.946901330882707,0.21640624497190364,22.889029471116753,3.247680390931832,22.959309993496788,0.21640624497162753,1.5422081913756291,1.5707963267948966,0.0012679799983743578,0.0,0.0,0.0,0.0,0.0,0.0,0.0,0.0,0.0,0.0,0.0,0.0,1.533835078123112,1.5705353661005577
1.5591776371002197,0.0136788154904595,0.012236453509301212,0.9134428380019602,0.9999542433301062,-0.0016650738960226658,-0.009192023100344088,-0.0020604578030446945,0.0008454574541594344,0.0223600426818249,0.21346904606960762,0.006414303129107374,0.006556154252569729,0.009055155240938816,0.0,0.0,1.0,20.832888974956983,3.6520801627999986,20.892750713553614,1.4204777354365206e-08,22.818866047392607,3.227517706990359,22.89008859875977,1.4204777354365206e-08,1.5431161101531878,1.5703386173718141,0.0014837109774816781,0.0,0.0,0.0,0.0,0.0,0.0,0.0,0.0,0.0,0.0,0.0,0.0,1.5350312371591859,1.570572646199749
1.5695934295654297,0.013684089494313947,0.012462157654974017,0.9155342589897956,0.999954724198467,-0.0016322999109886845,-0.00915526160370529,-0.0020165155927944845,0.0005274003854446898,0.02257041456728058,0.209142098783534,0.00662029168201131,0.007351719424176211,0.008740228364521718,0.0,0.0,1.0,20.780894811906467,3.6404603260727972,20.84033285701992,0.21442474628385746,22.751128328269957,3.221132306476029,22.82190795168131,0.21442474628352454,1.5449533089512255,1.5707963267948966,0.0020383649971336126,0.0,0.0,0.0,0.0,0.0,0.0,0.0,0.0,0.0,0.0,0.0,0.0,1.5361862190154718,1.570539213510044
1.5794601440429688,0.013686212618184281,0.012689888451634193,0.9175827957789718,0.9999552346228937,-0.0015985230708656557,-0.00911462226889553,-0.0019741162986564053,0.00021231238703340748,0.022773079666017618,0.20485367891762318,0.006816474163732492,0.008128214218457537,0.008431100712447933,0.0,0.0,1.0,20.72952210399654,3.615094296940729,20.789705584126967,9.006155854418552e-08,22.684784727395236,3.2011321750092265,22.756389265961158,9.006155854418552e-08,1.5458457994391366,1.5703468897538495,0.0016697899845894426,0.0,0.0,0.0,0.0,0.0,0.0,0.0,0.0,0.0,0.0,0.0,0.0,1.537438660434865,1.5705759439793086
1.5892770290374756,0.01368502293296198,0.012919571729918294,0.9195888078321454,0.9999557748600079,-0.0015638480570120624,-0.009070026525626345,-0.0019332155079620572,-0.00011896852223010975,0.02296832782841011,0.20060120531735529,0.006991816659478877,0.008920348533954816,0.008131052789982916,0.0,0.0,1.0,20.680653826285027,3.603621501354608,20.739925595611325,0.2124551458182833,22.622181860772066,3.194945343908741,22.692800777989895,0.21245514581621788,1.5476123309490066,1.5707963267948966,0.0016211609763558954,0.0,0.0,0.0,0.0,0.0,0.0,0.0,0.0,0.0,0.0,0.0,0.0,1.538639680292618,1.5705432219471
1.5992422103881836,0.013680557964260286,0.013151127981358384,0.9215527239167203,0.999956342688042,-0.0015283244094187998,-0.009021676293660241,-0.0018937527048487703,-0.00044649687016950167,0.023155625144009026,0.19639160845748574,0.007157484367053309,0.009672040993135836,0.0078431135246645,0.0,0.0,1.0,20.633074292002167,3.5785671740686245,20.692605108688195,9.936308836833163e-08,22.560996195240694,3.1753246438105425,22.631893017076614,9.936308836833163e-08,1.5484560142060824,1.5703550269172213,0.001923079980770126,0.0,0.0,0.0,0.0,0.0,0.0,0.0,0.0,0.0,0.0,0.0,0.0,1.539921487529245,1.5705793797824996
1.6100139617919922,0.013672667107102954,0.013384480911993948,0.9234749743926655,0.9999569373695835,-0.001492055709747905,-0.008969598038863618,-0.0018556635533126724,-0.0007890857157331905,0.023335293063556514,0.19222504759451942,0.0073026059672379,0.01041836352800314,0.007568200576088182,0.0,0.0,1.0,20.58810027616101,3.5671810806386124,20.64668436323588,0.21051648410487245,22.502777530925194,3.1693495336916326,22.57263127818705,0.2105164841026553,1.5501750480752785,1.5707963267948966,0.002120901015587151,0.0,0.0,0.0,0.0,0.0,0.0,0.0,0.0,0.0,0.0,0.0,0.0,1.541140705625936,1.5705473293731742
1.6187090873718262,0.013661401151400125,0.013619549229080733,0.9253560435481122,0.9999575566073924,-0.0014550909132536388,-0.008913998252349281,-0.0018188813498901152,-0.0011265955702829422,0.023506831708678594,0.18810691554467288,0.007438175149700396,0.011123331947671181,0.007306633445865659,0.0,0.0,1.0,20.544730690691996,3.5423314015037084,20.603500116749725,9.994668970225717e-08,22.445792064970295,3.1500769204937673,22.51582353070093,9.994668970225717e-08,1.5509869648244268,1.5703629632189522,0.001614481006981805,0.0,0.0,0.0,0.0,0.0,0.0,0.0,0.0,0.0,0.0,0.0,0.0,1.5424313259758422,1.5705829004334202
1.6296415328979492,0.01364662542658272,0.013856255085221019,0.9271964187403631,0.9999581994965323,-0.0014175321076325153,-0.00885491648624944,-0.0017833441615787264,-0.0014775724817406436,0.023670585614028485,0.18403751922509326,0.007553492542192726,0.011820318882783086,0.007057603916239978,0.0,0.0,1.0,20.50390643223624,3.531024038519287,20.561785905386948,0.20860457301654045,22.391464913350745,3.1443255207611553,22.46049719793004,0.20860457301437815,1.5526613289615876,1.5707963267948966,0.0020753020071424544,0.0,0.0,0.0,0.0,0.0,0.0,0.0,0.0,0.0,0.0,0.0,0.0,1.5436535600970687,1.5705514808313534
1.638704538345337,0.013628404501927807,0.014094515998345629,0.9289966288727254,0.9999588638429415,-0.0013794273586489167,-0.008792543935262482,-0.0017489920646813204,-0.0018220924654912625,0.023826091312461,0.18002101323623446,0.007659410236883037,0.012479017052807595,0.0068205692963009355,0.0,0.0,1.0,20.464719339377243,3.5064077716056037,20.522768259325836,9.469388209670804e-08,22.33832250454029,3.125413048337171,22.40749825440505,9.469388209670804e-08,1.5534419232792671,1.5703707216671432,0.0017347009852528572,0.0,0.0,0.0,0.0,0.0,0.0,0.0,0.0,0.0,0.0,0.0,0.0,1.5449403842205713,1.5705864588261453
1.6503064632415771,0.013606619866910622,0.014334253138051168,0.9307572027224391,0.9999595486982134,-0.0013408767894871575,-0.008726920633595984,-0.0017157718251202046,-0.0021784635017185775,0.023973713970553878,0.17605738497137863,0.007745448774822565,0.013129644720763809,0.006594327171411571,0.0,0.0,1.0,20.42795863484,3.4952394999552325,20.48513547086219,0.2067232743747399,22.28771786691927,3.119908258719566,22.35589934624908,0.20672327437275623,1.5550688510693838,1.5707963267948966,0.002581859997007996,0.0,0.0,0.0,0.0,0.0,0.0,0.0,0.0,0.0,0.0,0.0,0.0,1.546154889800385,1.5705556392320021
1.6600532531738281,0.013581348913824497,0.014575383416807048,0.9324787027380169,0.9999602519087127,-0.0013019272148498608,-0.008658231281638411,-0.0016836327582226826,-0.0025270953086124945,0.024113027875588056,0.17215000155777607,0.007822312374719002,0.013743288876651227,0.006378233505795482,0.0,0.0,1.0,20.392755083537143,3.4709238770046493,20.450067252593694,8.779926891078205e-08,22.238282210663968,3.1013742410751846,22.306556150468328,8.779926888302647e-08,1.5558154791808405,1.5703782900165348,0.002178327995352447,0.0,0.0,0.0,0.0,0.0,0.0,0.0,0.0,0.0,0.0,0.0,0.0,1.5474283128388133,1.5705900231695584
1.669074535369873,0.013552489636021129,0.014817827587917286,0.9341616878604184,0.9999609724668098,-0.0012626763539233337,-0.008586520537092144,-0.0016525304001758713,-0.002885927780336884,0.024244417111023927,0.16829851224015133,0.007879759158979783,0.014347944812008134,0.006171170824004664,0.0,0.0,1.0,20.359845115381887,3.4599707409713063,20.41625905451629,0.20487832147368434,22.19132522703252,3.0961382097889376,22.258564697498112,0.20487832147190368,1.5573918038790866,1.5707963267948966,0.001733523007715121,0.0,0.0,0.0,0.0,0.0,0.0,0.0,0.0,0.0,0.0,0.0,0.0,1.548626479459103,1.5705597755762692
1.6794414520263672,0.013520134298231805,0.01506150251839112,0.9358067458229181,0.9999617081941498,-0.0012231694184242498,-0.00851197675619338,-0.001622422175034305,-0.0032355337789324616,0.024367493047383233,0.16450579624997333,0.007928332341763027,0.014914891708904036,0.0059726326999996705,0.0,0.0,1.0,20.32837810399844,3.4360281869079983,20.384860279136497,8.050103211809656e-08,22.145522731641567,3.0780000235787974,22.21277007164258,8.050103211809656e-08,1.5581013789537734,1.5703856486448338,0.0019288140174467117,0.0,0.0,0.0,0.0,0.0,0.0,0.0,0.0,0.0,0.0,0.0,0.0,1.5498786686619577,1.5705935686075017
1.6895906925201416,0.013484198939901652,0.015306329096634498,0.9374144580406812,0.9999624579856695,-0.0011835013530073941,-0.008434656632326907,-0.001593270630029833,-0.0035935358330153374,0.024482657824337922,0.16077122177631414,0.007958031004544595,0.015470449305247219,0.005781713443638585,0.0,0.0,1.0,20.299074836081992,3.4253633587818695,20.354593051062544,0.20307540875421132,22.102152020144043,3.0730520148057683,22.168283563735095,0.2030754087526302,1.5596243297338144,1.5707963267948966,0.0018798100063577294,0.0,0.0,0.0,0.0,0.0,0.0,0.0,0.0,0.0,0.0,0.0,0.0,1.5510533415607886,1.570563865755692
1.6986134052276611,0.013444789630579783,0.015552224695861832,0.9389854314402928,0.9999632195954695,-0.0011437154821131632,-0.008354760497589127,-0.0015650393563996028,-0.003940930932186951,0.024589559922733373,0.15709733996114994,0.007979220722286429,0.015985907443778136,0.005598080857302428,0.0,0.0,1.0,20.27108397959254,3.4018607697604217,20.32658723157771,7.70691624685238e-08,22.05989974764067,3.055325145730923,22.125938605477966,7.706916244076822e-08,1.560294253509716,1.570392778820791,0.0016252890054602176,0.0,0.0,0.0,0.0,0.0,0.0,0.0,0.0,0.0,0.0,0.0,0.0,1.5522777684426494,1.5705970744755784
1.7093937397003174,0.013401839087267504,0.015799110878482174,0.9405202642078143,0.9999639918251682,-0.001103903684400374,-0.008272360045174057,-0.0015376960083195498,-0.004295054331227949,0.02468861826203428,0.15348327675214782,0.007982140772781443,0.016486981526471857,0.005421035126005037,0.0,0.0,1.0,20.245127489932113,3.391550789105401,20.299593917670894,0.20131974939505823,22.02002013768918,3.0506833298757985,22.08485553482621,0.20131974939359146,1.5617619556051465,1.5707963267948966,0.002409737993730232,0.0,0.0,0.0,0.0,0.0,0.0,0.0,0.0,0.0,0.0,0.0,0.0,1.5534229805950874,1.5705678893820374
1.719050407409668,0.013355466438542319,0.016046906046659898,0.9420195775072374,0.999964772382369,-0.0010641071598299129,-0.008187668701019231,-0.0015112086130296908,-0.004637264872518559,0.02477951681777233,0.14993132994230535,0.007976967404348516,0.01694534143631818,0.005250384347046117,0.0,0.0,1.0,20.22035044666908,3.368548493667233,20.274721819031736,7.467766574564827e-08,21.981204759827886,3.033383225385539,22.045851640280322,7.467766574564827e-08,1.5623902515708186,1.57039966444089,0.0020345330121926963,0.0,0.0,0.0,0.0,0.0,0.0,0.0,0.0,0.0,0.0,0.0,0.0,1.5546142627393815,1.5706005232981601
1.7290928363800049,0.013305620216549829,0.016295532944742425,0.9434839815898058,0.9999655600130859,-0.0010244144919073067,-0.008100772095336106,-0.0014855484254109052,-0.0049846221992488815,0.024862689808252646,0.14644040825684534,0.00795417720978071,0.017386534447229467,0.005085590174552958,0.0,0.0,1.0,20.197483081665673,3.3586544148055575,20.250749714156605,0.19961623160115802,21.944691841383925,3.02906704516106,22.008054335854045,0.19961623159977998,1.5638013979612888,1.5707963267948966,0.0017791250138543546,0.0,0.0,0.0,0.0,0.0,0.0,0.0,0.0,0.0,0.0,0.0,0.0,1.5557251182867298,1.570571829175693
1.7394554615020752,0.013252431771071688,0.016544911494619334,0.9449141075488555,0.9999663524182528,-0.000984864569170267,-0.008011895384745034,-0.0014606866397846403,-0.005318844547814109,0.02493785498769085,0.14301259590496382,0.007923748291578901,0.01778267069466916,0.00492655365283482,0.0,0.0,1.0,20.175663762512922,3.3362087193570833,20.22876509086075,1.1164346569447758e-07,21.90917547823267,3.0122117098767776,21.972265696166804,1.1164346566672201e-07,1.5643864389368858,1.5704062912239714,0.0020141489803791046,0.0,0.0,0.0,0.0,0.0,0.0,0.0,0.0,0.0,0.0,0.0,0.0,1.5568788725259526,1.5706039002641505
1.749783992767334,0.013195864489931505,0.016794966098638113,0.9463105735788815,0.9999671483339204,-0.0009455425060273251,-0.007921135721717749,-0.0014365970818085516,-0.005656728114018323,0.02500546040187796,0.13964660300260123,0.007876391115786282,0.018159339678831116,0.00477285035310697,0.0,0.0,1.0,20.1556333806822,3.3267899525602536,20.20757214384162,0.19796977621811207,21.875882840548115,3.008245053434088,21.937620113785236,0.1979697762161129,1.5657399794749043,1.5707963267948963,0.002057641017017886,0.0,0.0,0.0,0.0,0.0,0.0,0.0,0.0,0.0,0.0,0.0,0.0,1.5579513820132287,1.5705756704012679
1.7591068744659424,0.01313606105071198,0.017045618655769017,0.9476740168105651,0.9999679454986886,-0.0009064847282216814,-0.007828727591232546,-0.0014132532939018835,-0.005980343921952455,0.02506525571309048,0.1363443231683617,0.007821880915315984,0.018489089416771173,0.004624432025220061,0.0,0.0,1.0,20.136521356084224,3.304957359702699,20.18823738106021,1.1281036699228864e-07,21.843510207136845,2.991858182794213,21.904906803368874,1.1281036699228864e-07,1.5662801787436567,1.57041264521802,0.0019083500083070248,0.0,0.0,0.0,0.0,0.0,0.0,0.0,0.0,0.0,0.0,0.0,0.0,1.559064038793468,1.5706071927432148
1.7694025039672852,0.01307299865864742,0.01729679566840609,0.9490050596333192,0.9999687426840332,-0.0008677727420264935,-0.007734776704725205,-0.00139063104790189,-0.006306239206456118,0.025117701263707534,0.13310428227541216,0.007751159001946953,0.018797663839337318,0.00448094939396946,0.0,0.0,1.0,20.119080091729597,3.2960757530297733,20.169587646093152,0.1963858080821333,21.813277761314946,2.9882722012110743,21.87326725613292,0.1963858080801711,1.567574992815017,1.5707963267948963,0.0018700109794735909,0.0,0.0,0.0,0.0,0.0,0.0,0.0,0.0,0.0,0.0,0.0,0.0,1.5600949159292092,1.5705794002396156
1.7795565128326416,0.013006830365113697,0.01754842143472024,0.9503043416133163,0.9999695377079671,-0.0008294403761816747,-0.007639524155282869,-0.0013687057605832054,-0.00661682935337234,0.0251625766314149,0.1299281979997184,0.0076737967394985345,0.019058000324473644,0.004342374578709932,0.0,0.0,1.0,20.102428810510037,3.2749169811189724,20.15266911561581,1.0101741057533253e-07,21.783884304325582,2.9723858651081416,21.84348024261767,1.0101741057533253e-07,1.568068523514818,1.5704187109424466,0.001905035984236747,0.0,0.0,0.0,0.0,0.0,0.0,0.0,0.0,0.0,0.0,0.0,0.0,1.5611634983414675,1.5706103897475128
1.7891254425048828,0.012937546090574596,0.01780042496374148,0.9515724858510097,0.9999703294169301,-0.000791565406355251,-0.007543081300990491,-0.0013474548199850715,-0.006928427453910154,0.025200352902123975,0.12681442376934138,0.00758096359957528,0.01929603563657094,0.004208404750420892,0.0,0.0,1.0,20.087330863916016,3.266641158057595,20.136329111716737,0.1948706249412046,21.75654555728379,2.969221949606066,21.8146950859679,0.1948706249394958,1.5693031596454938,1.5707963267948966,0.0018742740212474018,0.0,0.0,0.0,0.0,0.0,0.0,0.0,0.0,0.0,0.0,0.0,0.0,1.562149930509089,1.5705830070610747
1.7997210025787354,0.012865308283650095,0.018052733338383486,0.9528101309597117,0.9999711157446525,-0.0007541789277213046,-0.00744569308934394,-0.0013268552899804165,-0.007223780692449984,0.025230837464200465,0.12376451087019145,0.007482029914008886,0.019485064862913258,0.004079011655107205,0.0,0.0,1.0,20.072895001612544,3.2462244930204287,20.121594112888914,9.018877811239889e-08,21.72996379532226,2.9538786775527033,21.787682090785992,9.018877811239889e-08,1.569747691176555,1.5704244700038583,0.002005804009968415,0.0,0.0,0.0,0.0,0.0,0.0,0.0,0.0,0.0,0.0,0.0,0.0,1.5631718203857181,1.5706134813087635
1.808622121810913,0.012790118458182075,0.018305278444430098,0.9540178974601093,0.9999718956454368,-0.0007173548628748717,-0.0073474737269751305,-0.0013068860336839466,-0.007518982546802014,0.0252545106046614,0.1207766500397643,0.0073683903077122505,0.019651226455442615,0.003953921728133555,0.0,0.0,1.0,20.059894822085152,3.238632103244504,20.10733011208388,0.193431842744546,21.70535198442206,2.9511896108343225,21.761598852875327,0.1934318427430604,1.570920171497694,1.5707963267948966,0.0014810219872742891,0.0,0.0,0.0,0.0,0.0,0.0,0.0,0.0,0.0,0.0,0.0,0.0,1.5641112304986948,1.5705864796937772
1.8196299076080322,0.012712147491308199,0.01855799049800636,0.955196419788053,0.9999726671980497,-0.0006811214238748321,-0.007248669399492271,-0.001287525674469465,-0.00779709668738755,0.02527120535762595,0.1178522327943649,0.007249219592766648,0.019768136905948527,0.0038330953991388577,0.0,0.0,1.0,20.04742849358097,3.219034727942203,20.0945453383421,7.731199380689446e-08,21.681416220336,2.9364427831131006,21.737209301709285,7.731199380689446e-08,1.5713127591885225,1.5704298994673846,0.0017112519999500364,0.0,0.0,0.0,0.0,0.0,0.0,0.0,0.0,0.0,0.0,0.0,0.0,1.5650839363556948,1.57061645785108
1.8296799659729004,0.012631407386675085,0.018810804594969224,0.9563463127415794,0.9999734294913558,-0.0006455485492311377,-0.0071493944065034246,-0.0012687545027545502,-0.008074010463311456,0.025281409696286485,0.11498929535264184,0.007116133707079416,0.019862164173882518,0.0037162804941261148,0.0,0.0,1.0,20.03627982977047,3.2122123986075835,20.082122432327623,0.19207819116952268,21.659368492121228,2.9342919718944964,21.713678851746113,0.19207819116828043,1.5724205303077863,1.5707963267948966,0.0016934059967752546,0.0,0.0,0.0,0.0,0.0,0.0,0.0,0.0,0.0,0.0,0.0,0.0,1.5659737681889558,1.5705898066534092
1.8393735885620117,0.012548076515179458,0.019063654396161117,0.9574682034877795,0.9999741807716084,-0.0006106614028092798,-0.007049893676595419,-0.0012505526584118227,-0.008333087149562619,0.025284980119189334,0.11218907462000893,0.006978118934424476,0.019907194112335058,0.003603424903480282,0.0,0.0,1.0,20.02553689144331,3.1935191804584084,20.07105364979046,6.524251633388545e-08,21.63791842323609,2.920204110622845,21.69176678319762,6.524251636164102e-08,1.5727576503889817,1.570434972714168,0.0022167389979586005,0.0,0.0,0.0,0.0,0.0,0.0,0.0,0.0,0.0,0.0,0.0,0.0,1.5668947342059316,1.5706193095307646
1.8493919372558594,0.01246217629290489,0.01931647850445193,0.9585626980876211,0.9999749202818594,-0.0005765258012423438,-0.00695027901474874,-0.0012329018239261875,-0.0085900222274568,0.025282410829081305,0.10944945998415666,0.006827006998701352,0.01992984264297913,0.0034942964103851643,0.0,0.0,1.0,20.015993626810705,3.187560777121949,20.060236679302218,0.19081945951204693,21.618278143537324,2.918663528600251,21.670645712551742,0.19081945951102222,1.5737976962442304,1.5707963267948966,0.001575961010530591,0.0,0.0,0.0,0.0,0.0,0.0,0.0,0.0,0.0,0.0,0.0,0.0,1.567732293660653,1.5705929756998223
1.8598418235778809,0.01237389169912036,0.01956921430038708,0.9596304134703408,0.9999756464517711,-0.0005431636826042339,-0.00685079169277858,-0.0012157835990642947,-0.008828459378452997,0.025273579593515318,0.10677153827197636,0.006671603796485791,0.019904227449156247,0.0033888343689449474,0.0,0.0,1.0,20.006728985302633,3.16986141308338,20.050650374723745,5.507250253056206e-08,21.599160350447313,2.9053033018924594,21.651071607886752,5.507250253056206e-08,1.574075381141574,1.570439659665234,0.0018463840242475271,0.0,0.0,0.0,0.0,0.0,0.0,0.0,0.0,0.0,0.0,0.0,0.0,1.5685987797440213,1.5706220258562615
1.8686628341674805,0.01228325252118527,0.0198218041550374,0.9606719440680644,0.9999763586919139,-0.0005106366029848252,-0.006751538527627651,-0.0011991809836911615,-0.00906391779350908,0.025258985465032066,0.1041530597723557,0.006503949016468068,0.019857231106069902,0.0032868302937813136,0.0,0.0,1.0,19.99854721156453,3.164864227704254,20.04120612758121,0.18966602725015128,21.581778105363018,2.90444970380978,21.632223343966334,0.18966602724930395,1.5750444220082576,1.5707963267948966,0.00159598802565597,0.0,0.0,0.0,0.0,0.0,0.0,0.0,0.0,0.0,0.0,0.0,0.0,1.569381151372243,1.5705959735432575
1.879274845123291,0.012190449512151902,0.020074189407969015,0.96168789373064,0.9999770556251989,-0.0004789630940713193,-0.00665275480616526,-0.0011830769217049206,-0.009280300903336931,0.025238525293161406,0.1015949662575596,0.006332676736561168,0.019763170117101155,0.0031882229423594297,0.0,0.0,1.0,19.990519433397807,3.1482487623430107,20.03287223708821,4.933494973657915e-08,21.56484646524474,2.8918875924720258,21.614854650836886,4.933494973657915e-08,1.5752585119633133,1.5704439284956193,0.002129756991053,0.0,0.0,0.0,0.0,0.0,0.0,0.0,0.0,0.0,0.0,0.0,0.0,1.570190190034531,1.570624595436349
1.8898217678070068,0.012095519822239753,0.020326316424813574,0.9626788425037656,0.999977736837245,-0.0004482003225561808,-0.006554539938066037,-0.0011674555810932332,-0.009492968991214793,0.02521270168445566,0.09909487731255472,0.006150024243712947,0.019649211882806883,0.003092834453007064,0.0,0.0,1.0,19.983460436640787,3.1443085298563593,20.024572624258088,0.18862829811398985,21.549579938721443,2.891797779070746,21.598149523804477,0.18862829811324436,1.5761532929903648,1.5707963267948966,0.0019472350249998271,0.0,0.0,0.0,0.0,0.0,0.0,0.0,0.0,0.0,0.0,0.0,0.0,1.570914236024357,1.5705987858733876
1.899233341217041,0.011998659189148605,0.02057813070881387,0.9636453784600447,0.9999784011486001,-0.00041836324234156494,-0.00645712093593803,-0.001152301048628402,-0.009686063309114775,0.025181428400029474,0.09665359562791959,0.005964462474938193,0.01948984578000634,0.0030006131103629567,0.0,0.0,1.0,19.976434755190603,3.128862017236142,20.01726790125324,4.3693926449206444e-08,21.53469502867013,2.880101041498068,21.582860438077763,4.3693926449206444e-08,1.5762997505477323,1.5704477476011967,0.00182320800377056,0.0,0.0,0.0,0.0,0.0,0.0,0.0,0.0,0.0,0.0,0.0,0.0,1.5716626727337868,1.5706270060050318
1.9100232124328613,0.011899911145442385,0.02082958281269871,0.9645880646484565,0.999979048322583,-0.0003895045236355826,-0.006360587389191986,-0.0011375984146095573,-0.009874804370621947,0.0251452103884841,0.09426861884117607,0.005768413434648851,0.019312548734007576,0.002911420814824406,0.0,0.0,1.0,19.970267944272937,3.1260672676258565,20.00989331047095,0.18771604165532665,21.521408042008602,2.8808465510273904,21.568175173709367,0.18771604165467615,1.577117376147431,1.5707963267948966,0.002094130002660677,0.0,0.0,0.0,0.0,0.0,0.0,0.0,0.0,0.0,0.0,0.0,0.0,1.5723251124214932,1.5706013976616269
1.9186434745788574,0.011799475887831857,0.02108062256813412,0.9655074708380039,0.9999796773774445,-0.00036163531529319684,-0.006265155606169716,-0.0011233330905704036,-0.010043525761052746,0.025103975543541036,0.09194061895474732,0.00557020845947591,0.01909198648884694,0.0028251294736610006,0.0,0.0,1.0,19.96401762338843,3.1118630813034964,20.003402165826042,3.8555676429297137e-08,21.508438122116697,2.870072721390534,21.554847067854222,3.855567645705271e-08,1.5771926048888159,1.5704510878114641,0.0014379280037246644,0.0,0.0,0.0,0.0,0.0,0.0,0.0,0.0,0.0,0.0,0.0,0.0,1.5730097215251986,1.5706292446806653
1.9294488430023193,0.0116974027543887,0.021331204863749634,0.9664041406506315,0.9999802882520145,-0.0003348035838466799,-0.0061709028934879276,-0.0011094915316178621,-0.010207313344315688,0.025058229561551255,0.08966698126275974,0.005362449888519055,0.018855951994582967,0.0027415888061067583,0.0,0.0,1.0,19.958518762451032,3.1102865536214774,19.996737844166738,0.18693741972790273,21.497005314857475,2.8717111054891777,21.542067497539243,0.18693741972733538,1.5779308867083395,1.5707963267948966,0.0017875510093290359,0.0,0.0,0.0,0.0,0.0,0.0,0.0,0.0,0.0,0.0,0.0,0.0,1.5736072762914297,1.5706037936993509
1.939695119857788,0.011593895717780446,0.021581283996721795,0.967278623136142,0.9999808801561312,-0.0003090165444033175,-0.006078032854003864,-0.0010960600218408308,-0.010350703660825392,0.02500791329721628,0.08744824855104269,0.00515331507364564,0.018579195033396743,0.0026607731315670827,0.0,0.0,1.0,19.95282290931628,3.097379474394755,19.990852010250954,3.4328309417297476e-08,21.485826261008565,2.8619010666230302,21.530590850634425,3.4328309417297476e-08,1.5779323425319192,1.5704539256844747,0.0018702740198932588,0.0,0.0,0.0,0.0,0.0,0.0,0.0,0.0,0.0,0.0,0.0,0.0,1.5742249349224169,1.5706312984272859
1.9488210678100586,0.011489008804658637,0.021830819324436007,0.9681314400683554,0.9999814531999666,-0.0002843174988534794,-0.0059866080420919775,-0.001083025297360577,-0.010488691312180911,0.024953532771421132,0.08528169322134281,0.004935553765569921,0.018289918138638412,0.002582646707519865,0.0,0.0,1.0,19.947775758535272,3.0970752176617027,19.98469729794964,0.1862984020434663,21.47612162403461,2.864473665559704,21.519608617135543,0.18629840204296544,1.5785904709845295,1.5707963267948966,0.0017635450058151037,0.0,0.0,0.0,0.0,0.0,0.0,0.0,0.0,0.0,0.0,0.0,0.0,1.5747545645809171,1.5706059594640271
1.9593844413757324,0.01138294898133989,0.022079769719777084,0.9689631173149165,0.9999820067829744,-0.0002607097064955081,-0.005896816206163331,-0.0010703734750457008,-0.010605982331874726,0.024895039534107842,0.08316772465611028,0.004717201321645757,0.017963091099040943,0.0025072772034854755,0.0,0.0,1.0,19.942422701807686,3.0854987936936507,19.979224652967588,2.8616285052684987e-07,21.466604594124462,2.855649929111347,21.509876600527118,2.8616285052684987e-07,1.5785169929511715,1.5704562453128752,0.0021421829878818244,0.0,0.0,0.0,0.0,0.0,0.0,0.0,0.0,0.0,0.0,0.0,0.0,1.5753025512100045,1.5706331547970085
1.96970796585083,0.011275774007372882,0.02232809910822032,0.9697741522500489,0.9999825411874744,-0.00023823186412976873,-0.0058087012552312635,-0.0010580905198724992,-0.010717497396700805,0.0248329388443234,0.08110349351324658,0.004491138339178262,0.01762747485401019,0.0024347461821327744,0.0,0.0,1.0,19.93761833203564,3.086496401776798,19.973394093784176,0.18580181264117782,21.458495738948468,2.8591766034916013,21.500585474619776,0.18580181263702186,1.5790957134473986,1.5707963267948957,0.0017295409925282001,0.0,0.0,0.0,0.0,0.0,0.0,0.0,0.0,0.0,0.0,0.0,0.0,1.5757617571730285,1.570607882013561
1.9788382053375244,0.01116769319971101,0.02257577101706502,0.9705650448433166,0.9999830560061688,-0.0002168832898366982,-0.005722430327462837,-0.0010461612447702135,-0.010808080766187368,0.024767190884470137,0.0790892593267661,0.004265267078312135,0.017258431782948568,0.0023652313131172216,0.0,0.0,1.0,19.932400582140854,3.076255018177553,19.968155069183712,2.6742062081419604e-07,21.45050487340106,2.851335535719928,21.49249334990618,2.674206208419516e-07,1.5789479568379718,1.5704580414942497,0.0017146350000984967,0.0,0.0,0.0,0.0,0.0,0.0,0.0,0.0,0.0,0.0,0.0,0.0,1.5762380366407955,1.5706348026966088
1.989457130432129,0.011058767213117394,0.022822754009781274,0.9713362651232554,0.9999835517002782,-0.00019669818980000195,-0.005638023107942283,-0.0010345695502005266,-0.010892598659361532,0.024698299271625115,0.07712202799387795,0.004032578931345907,0.01688544576651143,0.002298963087516542,0.0,0.0,1.0,19.927632028630544,3.0785502304849266,19.962471959430392,0.18544817061118155,21.443852714521128,2.855805403623372,21.48478787867338,0.18544817060730154,1.5794502163351143,1.570796326794896,0.0018784129933919758,0.0,0.0,0.0,0.0,0.0,0.0,0.0,0.0,0.0,0.0,0.0,0.0,1.576625168097535,1.5706095510962719
1.9998693466186523,0.010949207160990678,0.023069016319219513,0.9720882839056764,0.9999840280629952,-0.0001776720221527027,-0.0055556200264175876,-0.0010232974553620242,-0.010956005212671637,0.024626230943823917,0.07520187824209283,0.0038008498068237383,0.0164843757342347,0.0022362681679509422,0.0,0.0,1.0,19.922339460862517,3.0696100404132416,19.957293498394975,2.579998048812815e-07,21.437243499555308,2.848908320019612,21.478232338180128,2.5799980490903707e-07,1.5792314638262144,1.5704593164256453,0.0019342509913258255,0.0,0.0,0.0,0.0,0.0,0.0,0.0,0.0,0.0,0.0,0.0,0.0,1.577028746417189,1.5706362333389325
2.008941411972046,0.010839075875360182,0.023314531190711033,0.972821540223214,0.9999844857475526,-0.00015983469231509637,-0.005475209135996642,-0.0010123250424493256,-0.011013128563049682,0.024551487149152083,0.07332563175376303,0.0035631601153011,0.016085690464152202,0.0021775790721247673,0.0,0.0,1.0,19.917393003403912,3.0731533209683493,19.951584448730664,0.1852315036003312,21.431900023648918,2.8542686081208943,21.47200930365124,0.18523150359657733,1.5796632063023943,1.570796326794896,0.0017955760122276843,0.0,0.0,0.0,0.0,0.0,0.0,0.0,0.0,0.0,0.0,0.0,0.0,1.577343420332764,1.5706109594941773
2.0191855430603027,0.010728585820310122,0.02355927159040947,0.9735364716492761,0.9999849247621642,-0.0001431779736150466,-0.005396896051240294,-0.0010016294172680341,-0.011049005505005989,0.02447403996984362,0.07149314260621592,0.003327162591845023,0.01566588521017619,0.0021234443626195806,0.0,0.0,1.0,19.9118076040583,3.065426452572053,19.946292812724298,2.5231552233662136e-07,21.426521724356405,2.848226592923182,21.46688901070683,2.5231552236437693e-07,1.5793802687056768,1.5704600947516063,0.0017854089965112507,0.0,0.0,0.0,0.0,0.0,0.0,0.0,0.0,0.0,0.0,0.0,0.0,1.5776748183284255,1.570637440537137
2.0293262004852295,0.010617801337858064,0.02380321546938668,0.9742334817038875,0.9999853459690388,-0.000127727782413079,-0.005320628399880205,-0.0009911842547327022,-0.011078448245205914,0.024394387897721186,0.06970100546113135,0.003085999628662869,0.015256550948800964,0.0020745927495523795,0.0,0.0,1.0,19.906464891830744,3.070106116367873,19.94038243081065,0.18513935099441348,21.422336671605894,2.8543667381698774,21.46204627689673,0.18513935099071802,1.57975150866223,1.570796326794896,0.0017099399992730469,0.0,0.0,0.0,0.0,0.0,0.0,0.0,0.0,0.0,0.0,0.0,0.0,1.5779184540966043,1.5706121054249185
2.039640426635742,0.010506935749405517,0.02404634053870036,0.9749129698950939,0.9999857496047727,-0.0001134725337680419,-0.005246468475755078,-0.0009809586632004794,-0.011086558845254701,0.024312506931367932,0.06794881912064511,0.0028471983482091455,0.014834761707344263,0.0020318934350339953,0.0,0.0,1.0,19.900376092429553,3.0634380295773305,19.934804156036616,2.497391804745508e-07,21.41804350955157,2.8490294439183135,21.458257669691054,2.497391804745508e-07,1.5794157215329823,1.5704604233551256,0.0019705180020537227,0.0,0.0,0.0,0.0,0.0,0.0,0.0,0.0,0.0,0.0,0.0,0.0,1.5781803190345507,1.5706384227634866
2.0500288009643555,0.010396054075371659,0.0242886294660916,0.9755752993967625,0.9999861367461862,-0.00010043463995297834,-0.005174316356137788,-0.0009709163550034015,-0.011088167403385925,0.024228892739123695,0.06623295016686057,0.0026039320736596784,0.01443295454417947,0.0019964658507982957,0.0,0.0,1.0,19.89445300933943,3.0690777714968074,19.928527673112495,0.18515140525613835,21.414881020055905,2.85578075487932,21.45468252899531,0.18515140525244297,1.579740959012575,1.570796326794896,0.002039360988419503,0.0,0.0,0.0,0.0,0.0,0.0,0.0,0.0,0.0,0.0,0.0,0.0,1.5783568051057553,1.5706129942765779
2.059535264968872,0.010285369628241345,0.024530064708822245,0.9762208273435159,0.9999865078436695,-8.85996709242299e-05,-0.0051041876352202545,-0.0009610147275937115,-0.011068444713031271,0.024143524273064577,0.06455279467534089,0.0023635974538662417,0.014028033047987484,0.001969531186602132,0.0,0.0,1.0,19.88773536675997,3.063273281596907,19.922523899916058,2.502025091555282e-07,21.41155186164424,2.8509652938969343,21.452092479461268,2.502025091555282e-07,1.5793675575648312,1.5704603761105291,0.0018664489907678217,0.0,0.0,0.0,0.0,0.0,0.0,0.0,0.0,0.0,0.0,0.0,0.0,1.578554541378158,1.5706391846363377
2.070997476577759,0.010174946734763005,0.02477063364927744,0.9768498736549331,0.999986864139927,-7.798715808983176e-05,-0.00503593842538511,-0.0009512043814154407,-0.01104228934783406,0.02405689404551961,0.0629046311417256,0.0021193773153809956,0.013651887450428732,0.0019524869660320942,0.0,0.0,1.0,19.881216458250147,3.0697140361526194,19.915797174131555,0.18524646082428353,21.409305703865876,2.8581863072688787,21.4496066193597,0.18524646082053367,1.5796628108295556,1.570796326794896,0.0031598090135958046,0.0,0.0,0.0,0.0,0.0,0.0,0.0,0.0,0.0,0.0,0.0,0.0,1.5786706865476827,1.570613640561222
2.0797855854034424,0.010064997131141342,0.025010323469144294,0.9774627527622943,0.9999872061943978,-6.858034282661127e-05,-0.004969552688751538,-0.0009414299411520064,-0.010994960362166363,0.02396898198668521,0.06128791073611474,0.0018785590910829681,0.013278954547791965,0.0019464884662813064,0.0,0.0,1.0,19.874032314214414,3.064708153911098,19.9093821874544,2.5818751381301297e-07,21.406842858836423,2.8538515837435074,21.447958923915508,2.5818751381301297e-07,1.5792638565646302,1.570460028450658,0.00230076999287121,0.0,0.0,0.0,0.0,0.0,0.0,0.0,0.0,0.0,0.0,0.0,0.0,1.5788124185879502,1.570639738594604
2.0900678634643555,0.009955582483428213,0.025249126215745977,0.9780597450206591,0.9999875352342964,-6.0396202878417166e-05,-0.004904874073490149,-0.0009316322555036347,-0.010941464771312866,0.02388027466016844,0.059699225836470866,0.0016343715087170812,0.01293729117389584,0.0019523268481386699,0.0,0.0,1.0,19.867319998823877,3.0720794559916063,19.902365186897956,0.1854302119407167,21.405409422294596,2.8617013368384034,21.44619632089254,0.18543021193679823,1.5795333518334205,1.570796326794896,0.002911850984673947,0.0,0.0,0.0,0.0,0.0,0.0,0.0,0.0,0.0,0.0,0.0,0.0,1.578876909727476,1.5706140657168974
2.0988643169403076,0.009846911214436132,0.025487033689121908,0.9786411311279739,0.9999878516595035,-5.341543619310902e-05,-0.004841905657358577,-0.0009217536589031279,-0.010867126899208128,0.02379074733759315,0.058138610731485275,0.0013940977304293188,0.012595018038330815,0.0019696663073000826,0.0,0.0,1.0,19.860324478516805,3.0682469925928255,19.8958692706991,2.662717787094149e-07,21.403695748605948,2.8582547517640076,21.445019726013026,2.662717787094149e-07,1.5790974532273188,1.5704593566253922,0.001574797002831474,0.0,0.0,0.0,0.0,0.0,0.0,0.0,0.0,0.0,0.0,0.0,0.0,1.5789706871711824,1.5706401030137545
2.109713077545166,0.009739040995648865,0.025724042430257235,0.9792071667135239,0.9999881563458743,-4.765162791848827e-05,-0.0047805459810626085,-0.0009117441663494222,-0.010787021878726728,0.02370087411353283,0.0566035585550056,0.0011511322090197158,0.012273036866043663,0.001997004309045625,0.0,0.0,1.0,19.854229579545645,3.0771522280963524,19.88902544804914,0.18576574813499536,21.402960718609762,2.8673660977611104,21.443483909607604,0.18576574813091634,1.5793107539525122,1.570796326794896,0.0021789070160593837,0.0,0.0,0.0,0.0,0.0,0.0,0.0,0.0,0.0,0.0,0.0,0.0,1.5789887966077734,1.5706142821011313
2.1196115016937256,0.00963217684651804,0.025960148618568765,0.9797581186272406,0.9999884491977636,-4.3081412891671695e-05,-0.004720888555656672,-0.0009015687931540498,-0.010686414913082379,0.023610618831152994,0.05509519137167188,0.0009128852772567278,0.011932360173273338,0.002031302868873553,0.0,0.0,1.0,19.848185485942043,3.075157846693988,19.882935068587468,2.683008324677605e-07,21.4019356694837,2.865489959623318,21.44240919960429,2.683008324677605e-07,1.5787887044602937,1.5704581280743195,0.0017489829915575683,0.0,0.0,0.0,0.0,0.0,0.0,0.0,0.0,0.0,0.0,0.0,0.0,1.5790347905141646,1.5706402884859547
2.1283462047576904,0.009526373232812684,0.0261953530254067,0.9802942403663327,0.9999887305006335,-3.9713312488802816e-05,-0.004662942994892281,-0.0008912110920837149,-0.010580361370535675,0.023520440683793404,0.05361217390920716,0.000672945852528138,0.011589761965914339,0.002068886200088604,0.0,0.0,1.0,19.843192455283802,3.086137653692158,19.876629032584418,0.18632888265218195,21.401953149508422,2.876400977988392,21.44101279661271,0.1863288826480377,1.5788905238176927,1.570796326794896,0.001502576982602477,0.0,0.0,0.0,0.0,0.0,0.0,0.0,0.0,0.0,0.0,0.0,0.0,1.5789996353636115,1.5706142655700068
2.139216184616089,0.009421833685100042,0.026429655958625647,0.9808158070052821,0.999988999601196,-3.751846183180293e-05,-0.004606916714604947,-0.0008806743717076233,-0.010453954771264146,0.02343029332189476,0.052156663894946456,0.000438807498844662,0.011205688271472447,0.0021057663978653373,0.0,0.0,1.0,19.838186269366886,3.086234982566735,19.871092033511065,2.7386363893322496e-07,21.40180639694037,2.8763232042884432,21.44028434278685,2.7386363893322496e-07,1.5782340912277761,1.5704560637269447,0.0015933350077830255,0.0,0.0,0.0,0.0,0.0,0.0,0.0,0.0,0.0,0.0,0.0,0.0,1.5789840479999089,1.5706402743164196
2.1487627029418945,0.009318611142053335,0.02666306222469556,0.9813230884197707,0.9999892563199633,-3.649967057987061e-05,-0.004552916712398585,-0.0008699780635173657,-0.01032225430467074,0.023340626606991068,0.050728141448848435,0.00020410205200042014,0.010800217361676216,0.002138749825643659,0.0,0.0,1.0,19.834022216966908,3.099275223728301,19.865247132196316,0.18713235306449452,21.402866634437785,2.888974695604025,21.43952047543033,0.1871323530602079,1.5781976123091148,1.570796326794896,0.0014864190015941858,0.0,0.0,0.0,0.0,0.0,0.0,0.0,0.0,0.0,0.0,0.0,0.0,1.5788769113181755,1.5706139585179233
2.159809112548828,0.009216909251093926,0.026895576106197274,0.9818163810529424,0.9999894996972962,-3.6622529351758095e-05,-0.004501222996931106,-0.0008591539290155356,-0.010170189095940953,0.023251388150171654,0.04932926331718043,-2.370791688051339e-05,0.01033875324514394,0.0021653352236215987,0.0,0.0,1.0,19.829566441854727,3.101238146027856,19.860033883705405,2.8276910649105425e-07,21.40390881869838,2.89041460383132,21.43972175362891,2.827691065188098e-07,1.5774000877258028,1.570453111550827,0.0022418659937102348,0.0,0.0,0.0,0.0,0.0,0.0,0.0,0.0,0.0,0.0,0.0,0.0,1.5787798686025953,1.5706400111289194
2.1692230701446533,0.009116779813602363,0.027127206323263604,0.9822959783210854,0.9999897293817388,-3.788466664182863e-05,-0.00445198652456341,-0.0008482403987355083,-0.010012943749156336,0.023163021706633063,0.0479597268142944,-0.0002510586202731091,0.009847101040063415,0.0021842194698258647,0.0,0.0,1.0,19.825683481783,3.116029500309838,19.854353350917776,0.1881392847509841,21.406271350467637,2.904442699832844,21.44011888518924,0.18813928474646655,1.5772365614136634,1.5707963267948957,0.0019638370140455663,0.0,0.0,0.0,0.0,0.0,0.0,0.0,0.0,0.0,0.0,0.0,0.0,1.5785827570487678,1.5706133111891918
2.179642677307129,0.009018426463739364,0.027357961000659247,0.9827621997459879,0.999989944370456,-4.024669605287248e-05,-0.004405508124053951,-0.0008372791319932263,-0.009835334986299935,0.023075467739564228,0.04662214249024577,-0.00047052449056277285,0.009295292291884711,0.002194722614281945,0.0,0.0,1.0,19.821273982596516,3.1195097680713495,19.84917320050498,2.895058957286256e-07,21.4086610629371,2.907005515288173,21.44163948812044,2.895058957563812e-07,1.576316249716732,1.5704493979830239,0.0018697679915931076,0.0,0.0,0.0,0.0,0.0,0.0,0.0,0.0,0.0,0.0,0.0,0.0,1.57839044338661,1.5706394562757209
2.1892929077148438,0.008921898632548638,0.027587852626765413,0.983215359455328,0.9999901443452095,-4.3701718552778964e-05,-0.004361939096763859,-0.000826311033031687,-0.009652783119072665,0.022989162610616686,0.04531597093401016,-0.0006886278197186031,0.00871322718665089,0.0021970261495791407,0.0,0.0,1.0,19.81726289255454,3.135726731961961,19.843409796110564,0.18930501654385326,21.412372816232256,2.922049259188813,21.44342171410906,0.18930501653910534,1.5760484173798628,1.5707963267948957,0.0019944810192100704,0.0,0.0,0.0,0.0,0.0,0.0,0.0,0.0,0.0,0.0,0.0,0.0,1.578094130005199,1.5706123050910499
2.1997456550598145,0.0088273984477467,0.02781689299841145,0.9836557939478546,0.9999903283976251,-4.820596125148505e-05,-0.004321568159581615,-0.0008153747836138313,-0.009450018480193905,0.022904037164603652,0.044043449252665894,-0.0008979691922524405,0.008073428459845237,0.0021915410466787407,0.0,0.0,1.0,19.812594095500074,3.140415553961001,19.838076128232842,2.9138263579753243e-08,21.416051555186176,2.925402936628609,21.446335091392488,2.9138263579753243e-08,1.57502632306482,1.5704450776513534,0.0021587789815384895,0.0,0.0,0.0,0.0,0.0,0.0,0.0,0.0,0.0,0.0,0.0,0.0,1.5778018853444367,1.570638593905885
2.2106966972351074,0.008734970872104484,0.028045098183339383,0.9840838297772374,0.9999904963275326,-5.374860810062581e-05,-0.00428452304281728,-0.0008045048155783625,-0.009242757564221478,0.022820518492793106,0.042803582938274215,-0.0011051630990701314,0.007408088175378791,0.002179147711128178,0.0,0.0,1.0,19.80824654646301,3.1577882865911495,19.832100937362174,0.19059276493764762,21.42097318344067,2.941179918942326,21.44945276832256,0.19059276493715535,1.5746745753637759,1.5707963267948966,0.0030442829884123057,0.0,0.0,0.0,0.0,0.0,0.0,0.0,0.0,0.0,0.0,0.0,0.0,1.5774053764473486,1.5706109487266662
2.22117018699646,0.008644814477308508,0.028272483429651787,0.9844998110472138,0.9999906473597558,-6.028190588961064e-05,-0.004251064533147558,-0.0007937313423177913,-0.009015639479597687,0.022738524631240497,0.04159812699764506,-0.0013027971839987492,0.00669060073408951,0.0021606565589417704,0.0,0.0,1.0,19.803188573015134,3.163434839650213,19.826538606734562,3.0783511045795464e-08,21.42574056112773,2.9450705931668857,21.45362195844183,3.0783511045795464e-08,1.5735677853258734,1.5704402773689194,0.0033850239997263998,0.0,0.0,0.0,0.0,0.0,0.0,0.0,0.0,0.0,0.0,0.0,0.0,1.5770152620068383,1.570637431307842
2.2301690578460693,0.008556967461477423,0.028499068146080112,0.9849040670247716,0.9999907814247366,-6.779151577733258e-05,-0.004221286086099382,-0.000783079583951684,-0.00878470158310851,0.022658471642832644,0.04042559775578068,-0.0014975772694420485,0.005954427148833778,0.0021370968190592304,0.0,0.0,1.0,19.798437285487708,3.181742772203965,19.820319119012446,0.191972109161093,21.431635553265362,2.9613644513121993,21.457880271608317,0.1919721091605562,1.5731481291657943,1.5707963267948966,0.0028371209918987006,0.0,0.0,0.0,0.0,0.0,0.0,0.0,0.0,0.0,0.0,0.0,0.0,1.576522765338129,1.5706092664594244
2.2391726970672607,0.008471622780940007,0.0287248707693108,0.9852969400611434,0.9999908978719374,-7.62259582914123e-05,-0.004195413878609171,-0.000772570558169202,-0.0085344680537416,0.02258026232306874,0.03928730363718009,-0.0016820510521520914,0.005173028656682855,0.002109275640829819,0.0,0.0,1.0,19.79297048030379,3.1881383270102828,19.814529451032925,3.129725273387507e-08,21.43723687948262,2.9655937113927493,21.463077431410237,3.129725273387507e-08,1.5719700058276662,1.570435102215143,0.0015404379810206592,0.0,0.0,0.0,0.0,0.0,0.0,0.0,0.0,0.0,0.0,0.0,0.0,1.5760406744563669,1.570635989364492
2.249563694000244,0.008388809706711553,0.028949913774275242,0.9856787535235922,0.9999909967434728,-8.556764926451645e-05,-0.004173503258980874,-0.0007622209135477233,-0.008281307422845482,0.02250430049644427,0.03818134624488591,-0.0018630209730517255,0.004380565795503113,0.0020780978444058765,0.0,0.0,1.0,19.787831549673093,3.2071925991208654,19.80809269116326,0.19341947560977005,21.443847478836886,2.982230322292521,21.468234230654613,0.19341947560920644,1.5714952375739069,1.5707963267948966,0.001924770011100918,0.0,0.0,0.0,0.0,0.0,0.0,0.0,0.0,0.0,0.0,0.0,0.0,1.5754591503665525,1.5706072912002993
2.2596487998962402,0.008308713684561665,0.029174218492591233,0.9860498404842526,0.9999910774860518,-9.57615630887484e-05,-0.004155743960121185,-0.0007520439792993185,-0.008009602214988722,0.022430471831599273,0.03710869606603427,-0.002032975635698519,0.0035501670236962463,0.00204419362429026,0.0,0.0,1.0,19.781997349773345,3.2141548978265995,19.802122443911628,3.1242308962120546e-08,21.450031012890847,2.986634377876923,21.47421708089163,3.1242308962120546e-08,1.5702568410876758,1.5704296337576102,0.0017510110046714544,0.0,0.0,0.0,0.0,0.0,0.0,0.0,0.0,0.0,0.0,0.0,0.0,1.5748928771104602,1.5706342962852418
2.2693419456481934,0.008231353159090697,0.029397810163257463,0.9864105120604852,0.9999911402262133,-0.00010678709632818141,-0.0041421525392829105,-0.0007420498202510404,-0.0077360525470968056,0.022359167066622887,0.03606715762326563,-0.0021988234073434787,0.00271646231188332,0.0020082475776331938,0.0,0.0,1.0,19.776531084037707,3.2337860759939128,19.795528791201605,0.19491411966802308,21.457119990093258,3.003465408186379,21.48003851528514,0.19491411966744188,1.56973788050457,1.5707963267948966,0.0014675490092486143,0.0,0.0,0.0,0.0,0.0,0.0,0.0,0.0,0.0,0.0,0.0,0.0,1.5742305862500625,1.5706050587812943
2.27921462059021,0.008156904415004718,0.029620712695490582,0.9867610869840586,0.9999911844781244,-0.00011858583433830544,-0.0041328826317302315,-0.0007322462637133983,-0.007444874408598071,0.022290253223311976,0.03505749235734042,-0.0023529799315395827,0.0018520413154602252,0.0019706729194237656,0.0,0.0,1.0,19.7704023855529,3.2411491391558016,19.789448565184706,3.0842552234400245e-08,21.46366581166441,3.007901778013448,21.486587836731704,3.0842552234400245e-08,1.5684490563062865,1.5704239450098518,0.0016791209927760065,0.0,0.0,0.0,0.0,0.0,0.0,0.0,0.0,0.0,0.0,0.0,0.0,1.5735887711435637,1.5706323827832376
2.289646863937378,0.0080853734555194,0.02984295376894986,0.9871018602634206,0.99999121042753,-0.0001311343715454106,-0.004127912833235662,-0.0007226389846113347,-0.007153095948531851,0.02222410734592774,0.034077327936203404,-0.0025024713735962625,0.0009919068045168115,0.0019319328779719102,0.0,0.0,1.0,19.76469087133832,3.2611993386037925,19.782775097055517,0.19643732299795338,21.471033804528133,3.024794593165709,21.492871931580236,0.19643732299736102,1.5678958769774465,1.5707963267948966,0.002051320974715054,0.0,0.0,0.0,0.0,0.0,0.0,0.0,0.0,0.0,0.0,0.0,0.0,1.5728545261668099,1.5706026059584681
2.299241304397583,0.00801692600570349,0.030064559534318924,0.9874331336134382,0.999991217631029,-0.00014437107060920679,-0.004127362035966953,-0.0007132323822053373,-0.006844744981590984,0.022160576536906226,0.03312733500175507,-0.002639630033523001,0.00010800465584178103,0.0018922474200636094,0.0,0.0,1.0,19.758355278400387,3.2688071431651515,19.77666656370208,3.0225144609374865e-08,21.477762355852086,3.029134322980306,21.499804429682854,3.0225144609374865e-08,1.5665659914952155,1.5704181034534734,0.002106152009218931,0.0,0.0,0.0,0.0,0.0,0.0,0.0,0.0,0.0,0.0,0.0,0.0,1.5721461477111864,1.5706302803636722
2.3095624446868896,0.007951554288080781,0.030285559771287197,0.9877551842643226,0.9999912063150385,-0.00015826995720653888,-0.0041311724135451346,-0.0007040296198154329,-0.006537171762270922,0.022100023696827422,0.03220506508843878,-0.002771613069953478,-0.0007643265136146005,0.001851897825192692,0.0,0.0,1.0,19.752489958494795,3.289125119623987,19.76999736906735,0.1979716188890777,21.48524988792429,3.045966214645484,21.506386101067257,0.1979716188884788,1.5659882211164222,1.5707963267948966,0.0017256189894396812,0.0,0.0,0.0,0.0,0.0,0.0,0.0,0.0,0.0,0.0,0.0,0.0,1.5713489825374762,1.570599969376501
2.320023775100708,0.007889412367897853,0.030505982520522876,0.9880682961737048,0.9999911760651459,-0.0001727663670885507,-0.004139428985391029,-0.0006950333121277612,-0.006214192018292741,0.022042274923567733,0.03131119093821628,-0.0028906618048768224,-0.0016536507910780527,0.001810957536405034,0.0,0.0,1.0,19.74604203086614,3.296827822657343,19.763944657140737,2.7913346575814124e-07,21.4920208918533,3.0500896938423483,21.513552419128725,2.7913346575814124e-07,1.5646266257407118,1.5704121739402708,0.0019510200072545558,0.0,0.0,0.0,0.0,0.0,0.0,0.0,0.0,0.0,0.0,0.0,0.0,1.5705831594773256,1.5706280204362717
2.3291947841644287,0.007830477683887544,0.03072585930705389,0.9883727287825463,0.9999911271432304,-0.0001878320250095891,-0.00415203817960047,-0.0006862455087108079,-0.00589346840103082,0.02198767865310158,0.030443260884148945,-0.0030040786275357632,-0.0025242549654993524,0.0017695753297355039,0.0,0.0,1.0,19.74011918265534,3.317266352924949,19.757363152394934,0.1994998792741829,21.49950520312627,3.0667451697066195,21.520296866078567,0.19949987926848195,1.5640339050948333,1.570796326794896,0.0018575080030132085,0.0,0.0,0.0,0.0,0.0,0.0,0.0,0.0,0.0,0.0,0.0,0.0,1.5697322260863809,1.5705971852225573
2.3403148651123047,0.007774891685300455,0.030945219697627722,0.9886687489209994,0.9999910591538701,-0.00020339947814109068,-0.004169053464419017,-0.0006776681969563535,-0.005558599858708911,0.021936039057383363,0.0296020138453078,-0.0031040075574391883,-0.003405542065825738,0.0017277259274063523,0.0,0.0,1.0,19.733654829904054,3.3249174212254116,19.751448960974063,2.659572073127059e-07,21.506210002145977,3.0705394373909445,21.52757573671041,2.6595720734046147e-07,1.5626502032075886,1.5704062221600321,0.0023648299975320697,0.0,0.0,0.0,0.0,0.0,0.0,0.0,0.0,0.0,0.0,0.0,0.0,1.5689181802304455,1.5706256340186058
2.349412679672241,0.007722616098622897,0.031164096596485596,0.9889565993194233,0.9999909723872696,-0.00021943845915461415,-0.004190348902231927,-0.0006693032229604451,-0.005227558667755841,0.02188768988578728,0.028785039842381226,-0.0031979099994120953,-0.004261635937947446,0.0016854752593032118,0.0,0.0,1.0,19.7277689034173,3.345330401619218,19.745037666386224,0.20100697811803214,21.5135937610862,3.0869077301111814,21.53437411368635,0.2010069781124406,1.5620524531503621,1.570796326794896,0.0017552720091771334,0.0,0.0,0.0,0.0,0.0,0.0,0.0,0.0,0.0,0.0,0.0,0.0,1.568022754941466,1.570594289467381
2.359800338745117,0.007673778960936629,0.03138252072258041,0.9892365311329181,0.9999908664629192,-0.00023587901346612734,-0.004215949360065281,-0.0006611526489810266,-0.004883713768626834,0.021842412609481433,0.027993181349484284,-0.0032778281842955307,-0.005122692570387629,0.0016427406877465762,0.0,0.0,1.0,19.72137987099017,3.3527864879185714,19.739344422317142,2.5613272930380404e-07,21.52014308321334,3.0902667731631346,21.541667427592884,2.561327293315596e-07,1.5606567763726171,1.5704003080503803,0.0018967420037370175,0.0,0.0,0.0,0.0,0.0,0.0,0.0,0.0,0.0,0.0,0.0,0.0,1.567169854685594,1.5706231519427403
2.369999408721924,0.007628325651788163,0.03160052598363068,0.989508772035405,0.9999907417045061,-0.0002526892301235177,-0.004245698860029909,-0.0006532186583512472,-0.004545330914846588,0.021800526105027508,0.027224090248689423,-0.003351394857711109,-0.00595254796177582,0.0015995378842246512,0.0,0.0,1.0,19.71562071664013,3.3730296934230863,19.733184378663115,0.20247682111713136,21.527344931548747,3.1062430172916478,21.548429892576973,0.20247682111159615,1.5600642650021823,1.570796326794896,0.0020490790193434805,0.0,0.0,0.0,0.0,0.0,0.0,0.0,0.0,0.0,0.0,0.0,0.0,1.5662394149265975,1.5705913171009747
2.3787121772766113,0.007586370228269337,0.03181814386901124,0.9897735593251743,0.9999905977523694,-0.00026979698700768196,-0.0042795959305532314,-0.0006455037697670901,-0.004195542351882663,0.021761788538055386,0.026478728976932667,-0.0034105475164641443,-0.006782098491078046,0.0015557584172820865,0.0,0.0,1.0,19.709394574923763,3.3801488666732786,19.72779114729569,2.4736104936584624e-07,21.533663578604877,3.1090665307991716,21.555654170349452,2.4736104936584624e-07,1.5586672261641636,1.5703944972288117,0.0014984460140112787,0.0,0.0,0.0,0.0,0.0,0.0,0.0,0.0,0.0,0.0,0.0,0.0,1.565357250651681,1.5706206042001063
2.3902812004089355,0.007547841292610527,0.032035408907724376,0.9900311074712298,0.9999904349759489,-0.0002871691274757334,-0.004317456751047266,-0.0006380107432128258,-0.003852893565880977,0.021726503871313498,0.02575481460554795,-0.0034631029248675927,-0.007574879304797694,0.0015113964077586985,0.0,0.0,1.0,19.703847486236285,3.4000785957758746,19.721959557335776,0.20389423080740518,21.540613359107883,3.1245508769231267,21.562302577745065,0.20389423080191968,1.5580906767248812,1.570796326794896,0.0021160960022825748,0.0,0.0,0.0,0.0,0.0,0.0,0.0,0.0,0.0,0.0,0.0,0.0,1.56440153286775,1.5705883032042072
2.399197816848755,0.007512838519467113,0.0322523529731102,0.9902816417869166,0.9999902530486114,-0.0003047317525338273,-0.004359255670673743,-0.0006307426825995824,-0.003500277314341357,0.02169440653858234,0.025053431568675354,-0.003500892324818136,-0.008362519520600204,0.0014663395079788054,0.0,0.0,1.0,19.69786682368752,3.406720640630731,19.716941163790217,2.4956668787101677e-08,21.5466349798242,3.126744884487503,21.56938370352125,2.4956668787101677e-08,1.5567034653381049,1.5703888534898491,0.0016713459917809814,0.0,0.0,0.0,0.0,0.0,0.0,0.0,0.0,0.0,0.0,0.0,0.0,1.5634999819901974,1.5706180208600198
2.4091005325317383,0.007481273494762689,0.032469010829646636,0.9905253653301247,0.999990052403468,-0.00032245090854744946,-0.004404783098910428,-0.0006237029526321981,-0.0031565024704424275,0.0216657856536433,0.024372354320810558,-0.0035319280761977163,-0.009108236124454931,0.0014205806954487332,0.0,0.0,1.0,19.692612514963226,3.426193627297709,19.71151012280679,0.20524490771309634,21.553270121046552,3.1416427110373233,21.575846656153608,0.20524490771252943,1.55615401853005,1.5707963267948966,0.0016654420178383589,0.0,0.0,0.0,0.0,0.0,0.0,0.0,0.0,0.0,0.0,0.0,0.0,1.5625290510398984,1.5705852826642812
2.4190666675567627,0.0074532312429475885,0.03268541434679099,0.9907624931569817,0.9999898327627663,-0.00034025137115146977,-0.004453991516384128,-0.000616895187207391,-0.0028042251815101147,0.02164035171443513,0.023712782685704495,-0.003547935639684031,-0.009844438566388789,0.001374020118889229,0.0,0.0,1.0,19.686954911935317,3.4322194772499683,19.70693615400913,2.7116552808736927e-08,21.55893416770526,3.1431192602818467,21.58271578268574,2.7116552808736927e-08,1.5547883799158762,1.5703834386875295,0.001617586996871978,0.0,0.0,0.0,0.0,0.0,0.0,0.0,0.0,0.0,0.0,0.0,0.0,1.56161833210992,1.5706154318257977
2.4293172359466553,0.007428606255887034,0.03290159813862432,0.990993218493499,0.9999895946444473,-0.00035809889404262124,-0.0045066477095971206,-0.0006103232246451595,-0.002462498706055462,0.02161837918333314,0.023072533651721273,-0.0035571335285720395,-0.010533992923943945,0.001326665045310919,0.0,0.0,1.0,19.682067282882883,3.451093122759467,19.70197320332619,0.20651360003159497,21.565195513612075,3.1573414528964596,21.58892750746549,0.20651360003096542,1.554277605663323,1.5707963267948966,0.0018154860008507967,0.0,0.0,0.0,0.0,0.0,0.0,0.0,0.0,0.0,0.0,0.0,0.0,1.560642624653628,1.5705822899489021
2.4393563270568848,0.007407468801648205,0.0331175936848931,0.991217747594327,0.9999893378402835,-0.0003759174397907918,-0.004562684150784239,-0.0006039910355314334,-0.002113745423882866,0.02159955462687816,0.022452910082809648,-0.0035511430048910915,-0.011210031617762795,0.0012784403631994272,0.0,0.0,1.0,19.67680445468725,3.456365329748765,19.697907035769074,2.8114759381692167e-08,21.570445936048635,3.1580189516363726,21.595519652137366,2.8114759381692167e-08,1.5529457666560722,1.5703783198351922,0.0017801900103222579,0.0,0.0,0.0,0.0,0.0,0.0,0.0,0.0,0.0,0.0,0.0,0.0,1.5597333362264416,1.5706128666411872
2.449744939804077,0.00738969635246655,0.03333343506710051,0.9914362651501063,0.9999890629758426,-0.00039367302991778384,-0.004621846237844484,-0.0005979026650749926,-0.0017772449181654654,0.021584138220740377,0.02185175557793146,-0.003538398294027547,-0.011835144672830098,0.00122938252378219,0.0,0.0,1.0,19.67235169780668,3.474497201160263,19.693473446160567,0.20768684665655243,21.576278314155793,3.171481312335698,21.60141750675671,0.20768684665588683,1.5524855641794182,1.5707963267948966,0.001967170013813302,0.0,0.0,0.0,0.0,0.0,0.0,0.0,0.0,0.0,0.0,0.0,0.0,1.5587636834306746,1.5705793599546165
2.4599573612213135,0.007375344423254522,0.0335491529959165,0.9916489697734513,0.9999887699338162,-0.00041128939367561724,-0.004684048437095581,-0.000592062098105745,-0.0014351929212027832,0.02157179288159947,0.0212704623344942,-0.0035104202798253354,-0.012443141105510947,0.001179452136134096,0.0,0.0,1.0,19.667548970246244,3.478879576797685,19.68997267465838,2.8337014235102487e-08,21.581061977812126,3.17128401628841,21.607670999941835,2.8337014235102487e-08,1.5512002196055434,1.5703735578360662,0.002729401021497324,0.0,0.0,0.0,0.0,0.0,0.0,0.0,0.0,0.0,0.0,0.0,0.0,1.5578668092519237,1.5706103552175137
2.470449209213257,0.007364273688926911,0.03376478064617819,0.9918560386120896,0.9999884594711872,-0.00042873343987940486,-0.004749016874018617,-0.0005864731970486616,-0.0011070734327611222,0.021562765026168787,0.020706883863832754,-0.003475866795368413,-0.012996357641770614,0.0011287284825624595,0.0,0.0,1.0,19.66359297839368,3.4961279143761352,19.686123723625663,0.20875112266055418,21.58641306416351,3.1839074431090406,21.613195288638856,0.20875112265987167,1.5508027728542648,1.5707963267948966,0.002522350987419486,0.0,0.0,0.0,0.0,0.0,0.0,0.0,0.0,0.0,0.0,0.0,0.0,1.5569144393024408,1.5705765270201641
2.480006217956543,0.007356524918851609,0.03398034759359712,0.9920576634823143,0.9999881315829815,-0.00044592934332224375,-0.004816650010336024,-0.000581139292841175,-0.0007748770075301915,0.021556694741892615,0.020162487022472583,-0.003426169952175141,-0.01352925695133304,0.001077263481319081,0.0,0.0,1.0,19.659310045665663,3.4994866890234526,19.683241041369694,2.7929672324900068e-08,21.590678491743176,3.1827662996641273,21.619050661098793,2.7929672352655643e-08,1.5495769992622248,1.5703692146096262,0.0020642699964810163,0.0,0.0,0.0,0.0,0.0,0.0,0.0,0.0,0.0,0.0,0.0,0.0,1.5560413440955585,1.5706079269879831
2.4890811443328857,0.0073519421391313716,0.03419588574842191,0.9922540146712848,0.9999877871809852,-0.00046284562316859803,-0.004886656723625068,-0.0005760632539860886,-0.0004582779720237953,0.021553815482479602,0.019635118897051954,-0.003370219903205735,-0.014003927122894404,0.0010252080442546296,0.0,0.0,1.0,19.65590806215174,3.515712559497716,19.680029137507216,0.20969349650091304,21.595495482732897,3.194478740826076,21.624142931853548,0.20969349650023042,1.549254668040071,1.5707963267948966,0.0016851690015755594,0.0,0.0,0.0,0.0,0.0,0.0,0.0,0.0,0.0,0.0,0.0,0.0,1.5551178662622251,1.5705738252196464
2.500185966491699,0.007350550401550683,0.03441142319955895,0.9924452777462144,0.9999874263955288,-0.00047940761410844964,-0.00495892082146456,-0.000571247297088884,-0.00013917375806886834,0.021553745113703875,0.019126307492956424,-0.0032993586109798475,-0.014455349638255127,0.0009726351786020244,0.0,0.0,1.0,19.652197171490467,3.517918410249254,19.677815815022527,2.7065403834791724e-08,21.59918879318199,3.1923328893715945,21.629544699631424,2.70654038625473e-08,1.548101724388674,1.5703653501259778,0.0024865790037438273,0.0,0.0,0.0,0.0,0.0,0.0,0.0,0.0,0.0,0.0,0.0,0.0,1.5542802665162032,1.570605611158968
2.511176347732544,0.007352175973170561,0.03462699024851401,0.9926316165279918,0.9999870503228337,-0.0004955861462918418,-0.005033134217945795,-0.000566692999490631,0.00016255716198778389,0.021556704895506543,0.0186338781777473,-0.0032227060930512677,-0.014845150729083184,0.0009197350202013285,0.0,0.0,1.0,19.649394802076387,3.5329870844708076,19.675291980813977,0.21050178807236672,21.60341593514783,3.2030695025168483,21.63415468907818,0.21050178807169728,1.5478668713814123,1.5707963267948966,0.003335580986458808,0.0,0.0,0.0,0.0,0.0,0.0,0.0,0.0,0.0,0.0,0.0,0.0,1.553397617640842,1.570571288154255
2.5205352306365967,0.007356828610110502,0.03484261316386893,0.9928132106105848,0.9999866592597693,-0.0005113084608915147,-0.005109165408670562,-0.0005624010778830203,0.00046526369399405774,0.02156229153549151,0.018159408259304184,-0.00313152333219197,-0.015208642247485367,0.0008666193870129809,0.0,0.0,1.0,19.64630179650083,3.5339172144082953,19.673792624872902,2.5924185270698175e-08,21.606487150780282,3.199866922803621,21.639050969365694,2.5924185270698175e-08,1.546799979959148,1.5703620213928695,0.002722552017075941,0.0,0.0,0.0,0.0,0.0,0.0,0.0,0.0,0.0,0.0,0.0,0.0,1.552607511032352,1.5706034365314896
2.5291085243225098,0.007364318304075294,0.0350583203141508,0.9929902175513126,0.999986254512118,-0.0005265484425972033,-0.005186690167939446,-0.0005583714413219695,0.0007489693964791739,0.02157071502818738,0.01770069407277613,-0.00303515945437556,-0.015507284880838862,0.0008135159396921153,0.0,0.0,1.0,19.64414558832535,3.5477018641373883,19.671995693866688,0.21116484510081657,21.61007982192635,3.2095724917240287,21.643125092030164,0.21116484510016967,1.5466644560182794,1.5707963267948966,0.0018701090011745691,0.0,0.0,0.0,0.0,0.0,0.0,0.0,0.0,0.0,0.0,0.0,0.0,1.55177786373618,1.5705689486545438
2.5398123264312744,0.007374640318564023,0.03527413583917438,0.9931628110974613,0.9999858365576615,-0.000541236034869596,-0.005265563893455546,-0.0005546030236241315,0.0010322014488729297,0.021581552502358204,0.017259354614869615,-0.0029248048044883956,-0.015776998925976757,0.0007605563364904644,0.0,0.0,1.0,19.6417156944219,3.5472447617987486,19.671243231924592,2.575349827838025e-08,21.612489065645878,3.2052732614080734,21.64746170097601,2.575349827838025e-08,1.5456961542197252,1.5703592809392903,0.0022260069963522255,0.0,0.0,0.0,0.0,0.0,0.0,0.0,0.0,0.0,0.0,0.0,0.0,1.5510473769193371,1.5706014312460228
2.5492515563964844,0.007387589448936823,0.035490085879158605,0.9933311425817333,0.9999854069208429,-0.0005553489619786966,-0.005345449303707006,-0.000551094029557455,0.0012949130372799508,0.021595003998422718,0.016833148427199563,-0.00281003564986204,-0.0159792534866112,0.0007079563499961533,0.0,0.0,1.0,19.640246134641053,3.559632133176142,19.6702017050309,0.211673079661669,21.615409850901905,3.2139057513181535,21.65094851352189,0.2116730796610226,1.5456707289420044,1.5707963267948966,0.0018584470089990646,0.0,0.0,0.0,0.0,0.0,0.0,0.0,0.0,0.0,0.0,0.0,0.0,1.5502829165336782,1.570566838345061
2.562117338180542,0.007403147386707842,0.0357061921673265,0.9934953798218489,0.9999849662645947,-0.0005688206940032005,-0.00542619179265975,-0.0005478416247309874,0.001555793777101941,0.021610628816789428,0.016423724011565232,-0.002681979578946815,-0.016150579335581332,0.0006558573455299785,0.0,0.0,1.0,19.63851559637818,3.5576934758703627,19.67021770555127,2.6306023498401387e-08,21.617124525055683,3.208485363702994,21.654675516343424,2.6306023470645812e-08,1.5448122678618643,1.5703571742371245,0.003602051001507789,0.0,0.0,0.0,0.0,0.0,0.0,0.0,0.0,0.0,0.0,0.0,0.0,1.5496240325920105,1.5705996224093233
2.5705008506774902,0.007421095182088312,0.03592247834914937,0.9936556677235703,0.9999845163325038,-0.0005816335347278229,-0.005507444489994432,-0.0005448420598814399,0.0017947795380470735,0.02162861818228726,0.016028790172142843,-0.0025504228441919356,-0.01625252858695037,0.0006045159964523616,0.0,0.0,1.0,19.637764552137224,3.5685888557254954,19.6699489695134,0.21201900116856687,21.619342387835626,3.216018600064951,21.657526805201872,0.2120190011679049,1.5449060563462194,1.5707963267948966,0.0028031300171278417,0.0,0.0,0.0,0.0,0.0,0.0,0.0,0.0,0.0,0.0,0.0,0.0,1.548936637630561,1.570564986956152
2.5795071125030518,0.007441402259449927,0.03613896350452639,0.9938121678213941,0.9999840579679211,-0.0005937252510715022,-0.005589046271917198,-0.0005420904968864753,0.0020307077361615125,0.02164851553770191,0.015650009782385798,-0.00240643631400606,-0.016322246283004264,0.000554080556242424,0.0,0.0,1.0,19.636762327477456,3.565095072070406,19.6707446191471,2.6958277554722798e-08,21.620335231902438,3.2094697549149562,21.66059577389592,2.6958277554722798e-08,1.5441668852154133,1.5703557370881236,0.0023606810136698186,0.0,0.0,0.0,0.0,0.0,0.0,0.0,0.0,0.0,0.0,0.0,0.0,1.5483608403042266,1.5705980355045441
2.590778350830078,0.00746383759521254,0.036355668551778124,0.9939650181200504,0.9999835931227108,-0.0006050834210168687,-0.00567064472516611,-0.0005395811785964024,0.0022435335762612447,0.021670504725173557,0.015285029865629953,-0.0022600012868180383,-0.0163214795078336,0.0005048121152747627,0.0,0.0,1.0,19.636753247733783,3.574426015496496,19.671255402508372,0.21219754984415173,21.621824336821756,3.2158950953416885,21.66276564928509,0.21219754984347353,1.5443868408145798,1.5707963267948966,0.003354751010192558,0.0,0.0,0.0,0.0,0.0,0.0,0.0,0.0,0.0,0.0,0.0,0.0,1.5477617038629676,1.5705634214450555
2.600170850753784,0.007488359824587948,0.03657260970757765,0.9941143732375256,0.9999831228052779,-0.0006156508370212539,-0.0057520761029425296,-0.0005373073220664888,0.002452222937540818,0.02169411557995262,0.01493551174751896,-0.0021021388295715342,-0.016287957337626367,0.00045684334726873353,0.0,0.0,1.0,19.636498133127617,3.5693281401351498,19.672830183869184,2.7651441580900382e-08,21.62207422166338,3.2082289246753537,21.665132182880143,2.7651441580900382e-08,1.5437740617383493,1.5703549938986723,0.003031606989679858,0.0,0.0,0.0,0.0,0.0,0.0,0.0,0.0,0.0,0.0,0.0,0.0,1.5472795805703408,1.57059669363789
2.609137535095215,0.0075147277376407355,0.03678980496816814,0.9942603635368216,0.999982649154346,-0.0006254209726948835,-0.005832986729065557,-0.0005352613217335974,0.002636791305278711,0.02171952605904929,0.014599029929593324,-0.0019430039548062924,-0.016183698866345814,0.0004104194355077992,0.0,0.0,1.0,19.63724286856147,3.577048020100011,19.67411450103709,0.21220638780572382,21.622815914639002,3.2135560092823234,21.666580344423714,0.21220638780503084,1.544124508605928,1.5707963267948966,0.0015857260150369257,0.0,0.0,0.0,0.0,0.0,0.0,0.0,0.0,0.0,0.0,0.0,0.0,1.5467787921657705,1.570562165103716
2.620117664337158,0.007542890859331179,0.03700726751683581,0.9944031358333296,0.9999821733182622,-0.0006343422982964014,-0.005913214265968006,-0.0005334346998952215,0.002816312169044341,0.021746254866766995,0.01427722965080324,-0.0017735742116184667,-0.016046967633544795,0.0003656394879901466,0.0,0.0,1.0,19.637740917208802,3.5703243578600348,19.67645420134698,2.8338471180777702e-08,21.622310260708765,3.204801996718153,21.668207213084266,2.8338471180777702e-08,1.5436424670026418,1.5703549562156593,0.0023073729826137424,0.0,0.0,0.0,0.0,0.0,0.0,0.0,0.0,0.0,0.0,0.0,0.0,1.5463996088000787,1.5705956167738846
2.6290981769561768,0.00757259987373876,0.03722501227344186,0.9945428118901113,0.9999816975911006,-0.0006424147054197896,-0.005992408150022298,-0.000531818325235617,0.002970901440758085,0.021774475660605287,0.0139676056781622,-0.0016041524532041974,-0.015840123377467097,0.00032271798397555905,0.0,0.0,1.0,19.63923753886074,3.576414585791509,19.678491574769744,0.2120460367150903,21.622295724421654,3.2090583106654953,21.668902136638945,0.21204603671438493,1.5441248010473436,1.5707963267948966,0.0016906480013858527,0.0,0.0,0.0,0.0,0.0,0.0,0.0,0.0,0.0,0.0,0.0,0.0,1.5460057314004447,1.5705612366941382
2.639219284057617,0.007603797050081765,0.03744304926032953,0.9946795296494378,0.9999812232268596,-0.0006495928929245473,-0.006070411524466418,-0.0005304024052375013,0.003119717634300426,0.0218036986887667,0.013671775932651956,-0.0014256784955991003,-0.015601903311580439,0.00028170918474084805,0.0,0.0,1.0,19.640480304167568,3.568072137706551,19.68156692402663,2.898060805223146e-08,21.621033136950125,3.1992632313062086,21.669762453671076,2.8980608079987036e-08,1.5437748431827703,1.5703556220209192,0.0017586949979886413,0.0,0.0,0.0,0.0,0.0,0.0,0.0,0.0,0.0,0.0,0.0,0.0,1.5457370270642874,1.5705948209942464
2.649899959564209,0.007636227202577101,0.037661390209985025,0.9948134011827863,0.9999807526341792,-0.0006558835721785048,-0.006146881318173771,-0.000529176701299816,0.003243015249533601,0.021834094965549417,0.013387153334845078,-0.0012485733090537706,-0.01529506948352965,0.00024278881958936536,0.0,0.0,1.0,19.64271187390272,3.572543209272905,19.68432150334371,0.21171988386285126,21.62026589787116,3.2024928889752964,21.669684388545175,0.21171988386213703,1.54438740408744,1.5707963267948966,0.002179115981562063,0.0,0.0,0.0,0.0,0.0,0.0,0.0,0.0,0.0,0.0,0.0,0.0,1.5454567150812135,1.5705606497123425
2.658912420272827,0.0076698273390937745,0.037880041901143545,0.9949445544020409,0.999980287130291,-0.0006612480991849634,-0.006221670185507751,-0.0005281305475677025,0.0033600136516673523,0.021865169115851967,0.013115321925458636,-0.001063744393168229,-0.014958762850059367,0.00020596191698678046,0.0,0.0,1.0,19.64467572184101,3.5626179940866827,19.68808788063148,2.9542012502936643e-08,21.61825836565394,3.191719166688268,21.66976436050496,2.9542012502936643e-08,1.5441678019050034,1.570356975712785,0.0016780280275270343,0.0,0.0,0.0,0.0,0.0,0.0,0.0,0.0,0.0,0.0,0.0,0.0,1.5453039563678173,1.5705943178669932
2.669105291366577,0.0077043387506862794,0.038099012813278994,0.9950730905688623,0.9999798291897033,-0.0006657002696183959,-0.006294446846821845,-0.0005272530471095884,0.0034511411592504904,0.02189709121354505,0.012853616682137237,-0.0008816980776397897,-0.014556201493953995,0.00017136356309908313,0.0,0.0,1.0,19.647610201489062,3.5655095119817015,19.69150871405379,0.21123409112361655,21.61675615797371,3.1939812973869817,21.66890770909094,0.21123409112289782,1.5449059063058779,1.5707963267948966,0.0018704109825193882,0.0,0.0,0.0,0.0,0.0,0.0,0.0,0.0,0.0,0.0,0.0,0.0,1.5451416485874152,1.5705604118449634
2.679058790206909,0.0077396952761890365,0.038318306445288296,0.9951991264347975,0.9999793801439074,-0.0006692083868746458,-0.006365077378288214,-0.0005265331047203941,0.003535652550275687,0.02192936320093034,0.012603586593514272,-0.0006933147250886785,-0.014126852455289883,0.00013895080018987664,0.0,0.0,1.0,19.650256770250017,3.5540659493442655,19.69590701471327,2.996776460317818e-08,21.614030469661287,3.1823051278598418,21.668208625079455,2.996776460317818e-08,1.54481193357024,1.570358988632586,0.0017128149920608848,0.0,0.0,0.0,0.0,0.0,0.0,0.0,0.0,0.0,0.0,0.0,0.0,1.5451079711186242,1.570594113980668
2.68906307220459,0.007775637091230226,0.0385379280046028,0.9953227514234666,0.9999789424785375,-0.0006717934467489766,-0.006433246425936473,-0.0005259595936394166,0.0035941815041189325,0.021962155931450546,0.012362498866918979,-0.0005091511518734461,-0.013634434551431828,0.00010882072361874255,0.0,0.0,1.0,19.65384803061623,3.555445775325816,19.699929430543335,0.21059743659796407,21.611826239450085,3.1836721488611546,21.666583476267306,0.21059743659724636,1.5456680472705573,1.5707963267948966,0.001708085008431226,0.0,0.0,0.0,0.0,0.0,0.0,0.0,0.0,0.0,0.0,0.0,0.0,1.5450656800402836,1.5705605246452277
2.698788642883301,0.007812097010596511,0.03875787772116844,0.995444070141237,0.9999785174858409,-0.0006734308411802681,-0.006498837202634326,-0.0005255213940856335,0.0036459919366285233,0.021994971656564003,0.012131871777047913,-0.00032006566326163314,-0.013118657046275064,8.088742112219263e-05,0.0,0.0,1.0,19.657125693926226,3.5425752693793258,19.704887942772448,3.0169671649815655e-08,21.60842451200023,3.171181611224081,21.665122813613518,3.0169671649815655e-08,1.5456921836682018,1.5703616199987227,0.0015462269948329777,0.0,0.0,0.0,0.0,0.0,0.0,0.0,0.0,0.0,0.0,0.0,0.0,1.5451517325017512,1.5705942106666089
2.7091846466064453,0.007848816512132921,0.038978157558313235,0.9955631593498749,0.9999781076040837,-0.0006741487273419949,-0.006561554168407732,-0.0005252075248760511,0.00367195015364102,0.022027983714479532,0.01190892086378471,-0.0001366295750018844,-0.012543774176996007,5.521539034184216e-05,0.0,0.0,1.0,19.66131539466354,3.542537916983733,19.709435810148065,0.20982110834784093,21.605566541429585,3.1717375378815738,21.662755599379217,0.20982110834713139,1.5466562077865793,1.5707963267948966,0.0020449290168471634,0.0,0.0,0.0,0.0,0.0,0.0,0.0,0.0,0.0,0.0,0.0,0.0,1.5452289398112442,1.5705609834283394
2.7192766666412354,0.007885729538037374,0.03919876453479396,0.9956801107811546,0.9999777140306146,-0.0006739295726435492,-0.00662130111798277,-0.000525007183253229,0.003691302590445398,0.022060697648072544,0.011695143127964306,5.031573472724592e-05,-0.011949648803740378,3.168284075341895e-05,0.0,0.0,1.0,19.665161437557675,3.5283567303408114,19.71487281543358,3.004355911273571e-08,21.601545903412482,3.158530781152455,21.660567286216754,3.004355911273571e-08,1.5467884473479845,1.5703648181440073,0.001855238020652905,0.0,0.0,0.0,0.0,0.0,0.0,0.0,0.0,0.0,0.0,0.0,0.0,1.545432835236292,1.5705946039092762
2.729313611984253,0.007922581245424774,0.039419697444785344,0.995794988017377,0.9999773390966867,-0.0006728085118669884,-0.006677805887956091,-0.0005249098393792023,0.0036851707387399782,0.02209329099913781,0.011487723622242242,0.00023021861348231939,-0.011301094065644213,1.0328349038500481e-05,0.0,0.0,1.0,19.66988141253882,3.5270211904668787,19.719861327010186,0.20891846582385837,21.598097176444142,3.158369706920456,21.657500684585322,0.20891846582316606,1.5478480939376718,1.5707963267948966,0.0015887269983068109,0.0,0.0,0.0,0.0,0.0,0.0,0.0,0.0,0.0,0.0,0.0,0.0,1.545626494109391,1.5705617773713807
2.739384889602661,0.00795930881740949,0.0396409502027312,0.9959078695350699,0.9999769838495398,-0.0006707749739305115,-0.006730995956187783,-0.0005249052769207285,0.0036727571984717,0.022125275794585987,0.011288151769299691,0.0004122406599447044,-0.010638034167779213,-8.998083983692367e-06,0.0,0.0,1.0,19.674224331448702,3.511668505752738,19.725687806473733,2.9510694499190748e-08,21.59352899123866,3.144553904560186,21.65463486631139,2.9510694499190748e-08,1.548076320483814,1.5703685219616104,0.0018312229949515313,0.0,0.0,0.0,0.0,0.0,0.0,0.0,0.0,0.0,0.0,0.0,0.0,1.545943865513431,1.570595284431883
2.7497873306274414,0.007995663384147205,0.03986251855680717,0.9960188056071784,0.9999766504553633,-0.0006678707880563228,-0.006780625697237402,-0.0005249836539430815,0.0036354566737714644,0.022156835407596564,0.011093607210844325,0.0005858837514589898,-0.009925853172698989,-2.627773409322591e-05,0.0,0.0,1.0,19.679398730785824,3.5091767311104434,19.731025976371225,0.20790488601038593,21.58956636660403,3.143779579350509,21.65092744967972,0.20790488600972082,1.5492174917458001,1.5707963267948966,0.0018908049969468266,0.0,0.0,0.0,0.0,0.0,0.0,0.0,0.0,0.0,0.0,0.0,0.0,1.5462485019377714,1.5705628897932726
2.759103536605835,0.008031587411448734,0.04008439346420251,0.9961278614922379,0.9999763397592838,-0.0006640920264484764,-0.00682664896331838,-0.0005251355423399306,0.0035924027301529543,0.02218749073953427,0.010905588505945524,0.0007603194872052254,-0.009204442591790374,-4.168158476194524e-05,0.0,0.0,1.0,19.68416061011546,3.4928112706454546,19.73714847816879,2.8552609665499773e-08,21.584534696697734,3.129469119941409,21.647449566545962,2.8552609665499773e-08,1.5495278404131094,1.5703726620478942,0.0018957440042868257,0.0,0.0,0.0,0.0,0.0,0.0,0.0,0.0,0.0,0.0,0.0,0.0,1.5466726433389184,1.5705962379363618
2.769260883331299,0.008066840168276546,0.040306567787509656,0.9962350744599112,0.99997605370897,-0.0006594867057180903,-0.00686884933969889,-0.0005253519475717812,0.0035252756827811134,0.02221743233071419,0.01072129676733511,0.0009251410800063316,-0.008439753711322292,-5.5202833675494555e-05,0.0,0.0,1.0,19.689708751512597,3.489322752342724,19.74274263162388,0.20679732791637884,21.580146405956086,3.128191629188698,21.643174057328736,0.20679732791575053,1.550735140923197,1.5707963267948966,0.0018358569941483438,0.0,0.0,0.0,0.0,0.0,0.0,0.0,0.0,0.0,0.0,0.0,0.0,1.5470805286352314,1.5705642985237236
2.7796454429626465,0.008101371322191166,0.040529029714144474,0.9963404970331607,0.9999757929015791,-0.000654057080191774,-0.006907209222279835,-0.0005256243467241632,0.0034531153914620586,0.022246192663481823,0.010542257324957324,0.0010895209759127578,-0.00767154467046789,-6.702455149869139e-05,0.0,0.0,1.0,19.694807989909034,3.47211746032138,19.749066716758993,2.72168441672882e-08,21.57474515697943,3.113505084839654,21.639162825640117,2.72168441672882e-08,1.551112635991095,1.570377163006695,0.002103245002217591,0.0,0.0,0.0,0.0,0.0,0.0,0.0,0.0,0.0,0.0,0.0,0.0,1.5476026161049408,1.5705974454196054
2.7902424335479736,0.008134950271939863,0.04075176942206459,0.9964441542278566,0.9999755590204173,-0.000647856742792202,-0.006941543463138352,-0.0005259446686542075,0.0033578949748698135,0.022273970792011908,0.010365719469589625,0.0012431737438716014,-0.006866311328426385,-7.714413813703032e-05,0.0,0.0,1.0,19.70064663211636,3.467805041015321,19.754823424055466,0.2056138817268082,21.570028036767063,3.1118389592917497,21.6344040894801,0.205613881726224,1.552370002007325,1.5707963267948966,0.0029837110196240246,0.0,0.0,0.0,0.0,0.0,0.0,0.0,0.0,0.0,0.0,0.0,0.0,1.5481040475172485,1.5705659765034754
2.7992055416107178,0.008167535649849879,0.04097477255354385,0.9965460867487989,0.9999753523778104,-0.000640893553047794,-0.006971864530045992,-0.0005263053324200075,0.003258537791001574,0.022300313147925684,0.010193252094226465,0.001395265864766217,-0.006063572868723451,-8.574852507371101e-05,0.0,0.0,1.0,19.70599990068533,3.449942707410472,19.76125628985354,2.559325212869723e-08,21.56435801044526,3.0968971296682923,21.629949309590444,2.559325212869723e-08,1.5527990957447528,1.570381945770274,0.001901487004943192,0.0,0.0,0.0,0.0,0.0,0.0,0.0,0.0,0.0,0.0,0.0,0.0,1.5487134695872595,1.570598883687964
2.808650016784668,0.008198908769508644,0.04119802683841984,0.9966463085173705,0.999975174357271,-0.0006332259731656001,-0.006998019861363945,-0.0005266991863642788,0.0031373119658764754,0.022325428487598827,0.010022176857162956,0.0015356593194633034,-0.005230327976583752,-9.2831608271237e-05,0.0,0.0,1.0,19.712045007061757,3.444987920785094,19.767084768567724,0.20437335883380167,21.559414292813877,3.094959217653701,21.624801858637195,0.2043733588332662,1.5540903305317517,1.5707963267948966,0.0018159350147470832,0.0,0.0,0.0,0.0,0.0,0.0,0.0,0.0,0.0,0.0,0.0,0.0,1.5492971304669014,1.5705678925568656
2.8196356296539307,0.008229038806858833,0.041421515631235216,0.9967448497164183,0.9999750249609095,-0.0006248667990447436,-0.007020052769892279,-0.0005271195504132133,0.0030130037350188377,0.022348879281537417,0.009854119904787118,0.0016735069994272282,-0.00440574761446431,-9.85763553162706e-05,0.0,0.0,1.0,19.717568777630536,3.426656365909337,19.773537383168875,2.3782632474489418e-08,21.553579748078295,3.079882897571748,21.6200016404045,2.3782632474489418e-08,1.5545554368661274,1.570386929672302,0.0022639509988948703,0.0,0.0,0.0,0.0,0.0,0.0,0.0,0.0,0.0,0.0,0.0,0.0,1.5499818733333086,1.5706005260194413
2.829925775527954,0.008257720544192368,0.041645224481230404,0.9968417146621492,0.9999749052497048,-0.0006158785858736243,-0.007037843756469641,-0.0005275601121075238,0.002868173733353475,0.022370884999518913,0.00968649457309396,0.0017988398195372373,-0.0035572738943335973,-0.00010296570420366656,0.0,0.0,1.0,19.723736851686205,3.421244645448891,19.77935134843264,0.20309485318771806,21.54851345457947,3.0777901652612707,21.614566579797625,0.20309485318723336,1.55586473285096,1.5707963267948966,0.002017859020270407,0.0,0.0,0.0,0.0,0.0,0.0,0.0,0.0,0.0,0.0,0.0,0.0,1.5506352395522827,1.5705700122555644
2.838850736618042,0.00828493507415478,0.041869134740517434,0.9969369245903187,0.9999748149034517,-0.0006062783314704451,-0.007051466909436273,-0.0005280149789711956,0.0027214529962412727,0.02239102592870292,0.009520992816948204,0.0019207887191008775,-0.0027236204172807806,-0.00010617168214030366,0.0,0.0,1.0,19.729348572206813,3.40263197468488,19.785740014335552,2.269593177284257e-08,21.542618380131696,3.0626979615452665,21.609524015188573,2.2695931800598146e-08,1.5563507226036704,1.5703920345286249,0.0016172060277312994,0.0,0.0,0.0,0.0,0.0,0.0,0.0,0.0,0.0,0.0,0.0,0.0,1.5513823100235222,1.5706023429040403
2.8496997356414795,0.008310491952594262,0.042093230071231495,0.9970304759121886,0.9999747546519421,-0.0005961318661082173,-0.007060835363485597,-0.0005284785302136078,0.002555687843948187,0.022409533071405995,0.009355132186990925,0.0020295702522954355,-0.0018726008877922244,-0.00010815974739704884,0.0,0.0,1.0,19.735557729773177,3.3969480920252373,19.791458976597685,0.20179731578999013,21.537531547798046,3.0605654251497603,21.603905480692745,0.20179731578953936,1.5576631191507373,1.5707963267948966,0.0025320349959656596,0.0,0.0,0.0,0.0,0.0,0.0,0.0,0.0,0.0,0.0,0.0,0.0,1.5520920832492577,1.5705722988504096
2.8584887981414795,0.008334385341262294,0.042317490130960915,0.9971223826373846,0.999974723854614,-0.0005854596160023458,-0.007066053042317208,-0.0005289454892297589,0.0023893388668032424,0.022426005972942198,0.009190672519599088,0.0021342845265382693,-0.0010423692280558412,-0.00010908578578439258,0.0,0.0,1.0,19.74117686119976,3.3782384125686318,19.797706378289273,2.2004373045891867e-08,21.531675933444852,3.045571861172201,21.598724877877714,2.2004373045891867e-08,1.558155734865312,1.5703971825353815,0.0016384540067519993,0.0,0.0,0.0,0.0,0.0,0.0,0.0,0.0,0.0,0.0,0.0,0.0,1.5528879455208977,1.5706043028424792
2.868612766265869,0.008356440614973001,0.04254189700880335,0.9972126350418916,0.9999747229156898,-0.0005743298534396463,-0.007067064396699879,-0.0005294107315476528,0.0022055273710707137,0.022440687784243327,0.009025240450700335,0.0022253456440351153,-0.00020103520714931811,-0.00010889333095550142,0.0,0.0,1.0,19.747347906729335,3.3724625381808253,19.80325647204878,0.20049919046907638,21.526665044609636,3.043510898702538,21.593026137280273,0.20049919046865058,1.5594574711171965,1.5707963267948966,0.0016472680144943297,0.0,0.0,0.0,0.0,0.0,0.0,0.0,0.0,0.0,0.0,0.0,0.0,1.553640486855814,1.5705747142271795
2.879699468612671,0.008376665927317131,0.04276642899279551,0.9973012416333309,0.9999747508896707,-0.0005627656450917228,-0.007064001443803381,-0.0005298693917226864,0.0020225312344130577,0.02245319839921606,0.008860659143926333,0.002311813832779148,0.00061389176124211,-0.00010771992630647416,0.0,0.0,1.0,19.75289738679443,3.353832667978959,19.809292086494004,2.0600829425676537e-07,21.52094184790559,3.028725194556523,21.58780876617332,2.060082942290098e-07,1.5599436209878292,1.5704022997878944,0.0026924239937216043,0.0,0.0,0.0,0.0,0.0,0.0,0.0,0.0,0.0,0.0,0.0,0.0,1.5544714846074401,1.5706063731654247
2.8886911869049072,0.00839490320411952,0.042991066927999456,0.9973881882549462,0.9999748078682933,-0.0005508368793074239,-0.0070568386527694255,-0.0005303166334951027,0.001823727680238978,0.022463793520395167,0.008694662161538682,0.0023843083998635137,0.0014339170114666038,-0.0001054868269509415,0.0,0.0,1.0,19.758953846020372,3.348137789935956,19.814607741493205,0.1992177543689669,21.516093480741407,3.0268428139727295,21.582129569423948,0.19921775436507838,1.5612223530748697,1.5707963267948961,0.0016437369922641665,0.0,0.0,0.0,0.0,0.0,0.0,0.0,0.0,0.0,0.0,0.0,0.0,1.5552532183760672,1.5705772198257775
2.899043560028076,0.00841117522269808,0.043215788068969835,0.9974734795087763,0.9999748926216243,-0.0005385684769291,-0.007045734676342507,-0.0005307478099728908,0.0016272018578559937,0.02247211409703777,0.008529125383010705,0.002451841726140783,0.002222207686184972,-0.00010231606516875661,0.0,0.0,1.0,19.76435856173781,3.3297542032789007,19.820370848443996,2.0668023906211808e-07,21.510583214388333,3.012367525885073,21.57697312176753,2.0668023911762923e-07,1.5616902552255567,1.5704073188170709,0.0018996440048795193,0.0,0.0,0.0,0.0,0.0,0.0,0.0,0.0,0.0,0.0,0.0,0.0,1.5561059519044675,1.5706085208213658
2.9094676971435547,0.008425340991967517,0.043440572354880816,0.9975570983285306,0.9999750049602082,-0.000526031141127078,-0.007030691079792998,-0.0005311581791246847,0.0014165769269436311,0.02247842859109812,0.0083618819754298,0.0025052411634247313,0.0030101771056929667,-9.810639196046249e-05,0.0,0.0,1.0,19.77022921098779,3.3243027961552403,19.825394533499253,0.19797046675379978,21.505973254529927,3.010764598030924,21.571405847874228,0.19797046674999022,1.5629351562217084,1.5707963267948961,0.001971021993085742,0.0,0.0,0.0,0.0,0.0,0.0,0.0,0.0,0.0,0.0,0.0,0.0,1.556903709521766,1.5705797776778951
2.9195427894592285,0.008437438427076524,0.043665396348945035,0.9976390468162812,0.9999751434124609,-0.0005132508886571225,-0.007011889376872512,-0.0005315431503614103,0.0012097435109006838,0.022482399406422007,0.008194848775069426,0.0025534625132410584,0.0037618394460603153,-9.297036002868201e-05,0.0,0.0,1.0,19.775422297449182,3.30632206404411,19.830831294571897,2.0925914706593218e-07,21.50074675469118,2.99669717735047,21.566397091755896,2.0925914706593218e-07,1.5633744366753584,1.5704121731720715,0.0017516330117359757,0.0,0.0,0.0,0.0,0.0,0.0,0.0,0.0,0.0,0.0,0.0,0.0,1.557765344764615,1.570610713266038
2.9292638301849365,0.008447343926682335,0.043890239426143784,0.9977193063107043,0.9999753075487984,-0.0005002984751164649,-0.006989354666569704,-0.0005318979859926772,0.0009905499605811251,0.022484307719874815,0.00802594944230088,0.002587541918666887,0.004508473592318055,-8.679889931779899e-05,0.0,0.0,1.0,19.78104529648021,3.3012680041078193,19.83551198760791,0.1967727060779445,21.496441791137165,2.995471104895361,21.561021836680464,0.1967727060741734,1.5645760221206348,1.5707963267948961,0.001639927999349311,0.0,0.0,0.0,0.0,0.0,0.0,0.0,0.0,0.0,0.0,0.0,0.0,1.5585666436090069,1.5705823503954714
2.9393622875213623,0.008455110788806465,0.04411507780048231,0.9977978776121246,0.9999754956973292,-0.00048720028537467785,-0.006963288349455318,-0.0005322181184521794,0.0007766862124129558,0.02248383743385201,0.007857130142029515,0.0026163716613559302,0.0052148231152318375,-7.970628675403028e-05,0.0,0.0,1.0,19.78596923993273,3.283835366117631,19.840575396181737,2.1330577010258978e-07,21.49156050572655,2.9819032049358913,21.55623547974665,2.1330577010258978e-07,1.5649774044291134,1.5704168060747095,0.0017542830028105527,0.0,0.0,0.0,0.0,0.0,0.0,0.0,0.0,0.0,0.0,0.0,0.0,1.5594251262535253,1.5706129184525321
2.949207305908203,0.0084606328242388,0.04433989062288805,0.9978747415795339,0.9999757072280626,-0.0004740264157827062,-0.006933736199775629,-0.0005324988316052511,0.0005522035432334682,0.022481282240574083,0.0076863967409333545,0.002631193391897234,0.005912009323026725,-7.158586617097057e-05,0.0,0.0,1.0,19.791292110938873,3.2793226517122753,19.844869488121457,0.19563928569686315,21.487617697794377,2.981147133539686,21.55112077824327,0.19563928569309855,1.5661274353969468,1.5707963267948961,0.001725608017295599,0.0,0.0,0.0,0.0,0.0,0.0,0.0,0.0,0.0,0.0,0.0,0.0,1.5602183088500379,1.5705849023985574
2.9589428901672363,0.008463978735330427,0.04456465409533332,0.997949898741701,0.9999759403097223,-0.0004608029326182558,-0.0069009169716836415,-0.0005327356704425225,0.00033459110916269773,0.02247634724452723,0.007515716216715111,0.0026408308080752333,0.006565440142551079,-6.256798619933553e-05,0.0,0.0,1.0,19.795898995080996,3.2625731496067223,19.84952024932534,2.1836301375421918e-07,21.483134065147645,2.9681658721555686,21.546620411991725,2.1836301375421918e-07,1.5664826659785438,1.5704211642216082,0.0014158569974824786,0.0,0.0,0.0,0.0,0.0,0.0,0.0,0.0,0.0,0.0,0.0,0.0,1.5610624697853106,1.5706151058837488
2.9692811965942383,0.00846505953678513,0.04478934747788958,0.9980233304590458,0.9999761941507324,-0.0004475986127596593,-0.006864894697591361,-0.0005329240943440421,0.00010808014547026602,0.02246933825562657,0.007343171734479711,0.0026367256985254705,0.007206056078115054,-5.256137669463871e-05,0.0,0.0,1.0,19.800878873261798,3.2587365269497117,19.85339175984778,0.1945841566500714,21.47960249618493,2.9679693085075436,21.54182445837157,0.1945841566462902,1.5675739034049976,1.5707963267948961,0.002026286005275324,0.0,0.0,0.0,0.0,0.0,0.0,0.0,0.0,0.0,0.0,0.0,0.0,1.5618367835272011,1.5705873999320143
2.9789857864379883,0.008463959524645955,0.04501394728692705,0.9980950379333277,0.9999764667992987,-0.00043443855149205384,-0.006825903450322894,-0.0005330598686814207,-0.00011000121391758482,0.022459980903746745,0.007170747428189753,0.002627631714066496,0.00779985296991118,-4.17031621705328e-05,0.0,0.0,1.0,19.805131559974473,3.2427948949728087,19.8575978139239,2.2412971689700356e-07,21.47556236568195,2.955657092055753,21.537663098029483,2.2412971689700356e-07,1.567875531636537,1.5704251986836977,0.0014929600001778454,0.0,0.0,0.0,0.0,0.0,0.0,0.0,0.0,0.0,0.0,0.0,0.0,1.5626563720811721,1.5706172466267116
2.9894919395446777,0.008460607441634151,0.04523843321162154,0.9981650039760567,0.999976757335758,-0.0004213895862695403,-0.0067840240409152534,-0.0005331387177406375,-0.000335208301180391,0.022448592469448896,0.00699660427290122,0.0026051843828934925,0.00837747943462111,-2.99138554284527e-05,0.0,0.0,1.0,19.809739016964336,3.239759054925493,19.861016852161512,0.1936203464071885,21.47248718327673,2.9561050674953564,21.53323198454656,0.1936203464033729,1.5689015330198457,1.5707963267948961,0.00206886901287362,0.0,0.0,0.0,0.0,0.0,0.0,0.0,0.0,0.0,0.0,0.0,0.0,1.5634019663033671,1.570589811206281
2.999441623687744,0.008455103409715298,0.04546278239541095,0.9982332314392255,0.9999770637155024,-0.0004084752482684555,-0.006739505515219831,-0.0005331569234693271,-0.0005504031918852249,0.022434918378940627,0.0068227463168766544,0.0025780617779013553,0.00890529245501613,-1.737869980294649e-05,0.0,0.0,1.0,19.813612141423434,3.2247387822308546,19.86475219039979,2.303565623806847e-07,21.468932984459272,2.9445383996632812,21.529452759182462,2.303565623806847e-07,1.5691427549106731,1.5704288648510525,0.001662044000113383,0.0,0.0,0.0,0.0,0.0,0.0,0.0,0.0,0.0,0.0,0.0,0.0,1.5641876186914354,1.570619313433226
3.009075880050659,0.008447393116427558,0.04568697526371356,0.9982997055802536,0.9999773849168457,-0.0003957598994439179,-0.006692445125416015,-0.0005331108822652597,-0.0007710293287739791,0.02241928683026134,0.006647414102811524,0.0025380816223615917,0.00941364712795239,-4.052152071405642e-06,0.0,0.0,1.0,19.81782281090831,3.2226175018974708,19.867696292604457,0.19275981693586525,21.466353443830165,2.945709913571351,21.525428952439697,0.19275981693200103,1.5700978348120234,1.5707963267948961,0.001443870016373694,0.0,0.0,0.0,0.0,0.0,0.0,0.0,0.0,0.0,0.0,0.0,0.0,1.5648954952941836,1.5705921064929156
3.0196096897125244,0.008437591717270355,0.04591098988284831,0.9983644318976328,0.9999777188341588,-0.00038326496789399387,-0.006643105943024627,-0.0005329977740520411,-0.0009801399157203165,0.022401461913474207,0.006472631737916083,0.002493846969585874,0.009869383549312613,9.837699271946929e-06,0.0,0.0,1.0,19.821291588600612,3.208619265148844,19.87094250892523,2.3679526772735215e-07,21.463320257085726,2.9349570539429353,21.52207500041282,2.3679526772735215e-07,1.5702725782648084,1.5704321226952982,0.0018410980119369924,0.0,0.0,0.0,0.0,0.0,0.0,0.0,0.0,0.0,0.0,0.0,0.0,1.565638686653875,1.5706212808217699
3.029064893722534,0.008425661011229033,0.04613480769996515,0.9984273990788859,0.9999780643793439,-0.00037105183716553065,-0.006591599858373549,-0.0005328151488716525,-0.001193070604132324,0.022381781711684052,0.0062967181253141,0.0024373503233359865,0.010302734426090891,2.4282528542560517e-05,0.0,0.0,1.0,19.825081143299368,3.2075125425549733,19.87339402132469,0.19201314551706206,21.461270547621716,2.9369216316939646,21.518500892464672,0.1920131455131385,1.5711519035149666,1.5707963267948961,0.001955451996764168,0.0,0.0,0.0,0.0,0.0,0.0,0.0,0.0,0.0,0.0,0.0,0.0,1.5663006711697225,1.5705942582322738
3.039346694946289,0.00841173048233969,0.04635840797639502,0.9984886162410479,0.9999784194227269,-0.00035913932161246633,-0.006538202044825398,-0.0005325615405615016,-0.0013930528889343089,0.022360027642987022,0.006121716216197318,0.00237712130211952,0.010681047126289091,3.90165481341577e-05,0.0,0.0,1.0,19.828120417410588,3.194620913567011,19.87613480963436,2.43169893110462e-07,21.458790511610957,2.9270387955613564,21.515614957703985,2.431698931382176e-07,1.5712549412900452,1.5704349376375317,0.001784652005881071,0.0,0.0,0.0,0.0,0.0,0.0,0.0,0.0,0.0,0.0,0.0,0.0,1.5669937043619002,1.5706231251697913
3.049250364303589,0.008395776954800763,0.04658177344673766,0.9985480764167926,0.9999787828465815,-0.0003475854181249561,-0.006483036795265562,-0.0005322358110206541,-0.0015953527538925833,0.022336547034264426,0.005946017574469755,0.0023053070937523786,0.011034494282412278,5.403726240452595e-05,0.0,0.0,1.0,19.831463864095685,3.1946124526439963,19.878077987836775,0.19138913423628143,21.457301116169322,2.9298535984644265,21.512531905793452,0.1913891342322909,1.5720547077169724,1.570796326794896,0.0016976000042632222,0.0,0.0,0.0,0.0,0.0,0.0,0.0,0.0,0.0,0.0,0.0,0.0,1.5676024524944923,1.5705962412366115
3.05924129486084,0.00837794321931309,0.046804884819259845,0.9986057931962187,0.9999791525343209,-0.00033640592778216226,-0.00642638905762661,-0.0005318378268539814,-0.0017833735487673245,0.022311137252218463,0.005771677942613027,0.0022303623683016826,0.011330948851505606,6.907707283114708e-05,0.0,0.0,1.0,19.834048086618665,3.182894798538343,19.880300107966185,2.4927817190989465e-07,21.455400294014932,2.9208837332425452,21.510154292761523,2.4927817190989465e-07,1.572081836880833,1.5704372816780787,0.001652673992794007,0.0,0.0,0.0,0.0,0.0,0.0,0.0,0.0,0.0,0.0,0.0,0.0,1.5682384889548466,1.570624824887795
3.069075584411621,0.008358219836764047,0.047027726357415485,0.9986617647060702,0.9999795273764237,-0.0003256551302622514,-0.006368392662140214,-0.0005313677277281707,-0.001972338254904345,0.022284153815564228,0.005597150985150498,0.0021445751722579073,0.01160063097200282,8.414204091550244e-05,0.0,0.0,1.0,19.83692046312581,3.184051145860511,19.88172236911011,0.19089468168528279,21.454494439515702,2.924592642188121,21.507599697956717,0.19089468168122026,1.5727993048308775,1.570796326794896,0.0016252920031547546,0.0,0.0,0.0,0.0,0.0,0.0,0.0,0.0,0.0,0.0,0.0,0.0,1.568787538658559,1.5705980330006926
3.079667091369629,0.008336761757437715,0.04725028044167114,0.9987160096524922,0.9999799053063955,-0.0003153454708669116,-0.006309339407043482,-0.0005308266136863679,-0.0021458079326331526,0.022255408425565844,0.005424494642201028,0.002056327688654838,0.011811950993445577,9.897576402080732e-05,0.0,0.0,1.0,19.83902448182317,3.1735568939091983,19.88341544151775,2.553036027863609e-07,21.453190928455548,2.916564535794448,21.505765341457106,2.5530360281411646e-07,1.5727473276217507,1.5704391335437111,0.0019791279919445515,0.0,0.0,0.0,0.0,0.0,0.0,0.0,0.0,0.0,0.0,0.0,0.0,1.5693606481117475,1.5706263606855788
3.089662790298462,0.00831357184090032,0.047472533079051575,0.9987685317419941,0.9999802852592,-0.00030552725050844715,-0.006249369350551253,-0.0005302157573372274,-0.0023189916537394006,0.022225263738043205,0.0052522089501874985,0.001958032656956482,0.011995253568464224,0.00011360211293344691,0.0,0.0,1.0,19.841401824989422,3.175927112042695,19.884307044586482,0.1905347041521889,21.45288309111276,2.921197613663785,21.503769785746627,0.19053470414804471,1.57338079975563,1.570796326794896,0.0018107870128005743,0.0,0.0,0.0,0.0,0.0,0.0,0.0,0.0,0.0,0.0,0.0,0.0,1.5698444594703194,1.5705996139510263
3.0994491577148438,0.008288815915841324,0.0476944685194111,0.9988193551398808,0.9999806652522639,-0.0002962092774635409,-0.006188777903735889,-0.0005295373101340044,-0.002475592505899622,0.022193544035952723,0.005082339788671207,0.001858003754967029,0.012119472055537997,0.00012778323790329368,0.0,0.0,1.0,19.843002085701844,3.166688090738194,19.885463695714897,2.605647473341577e-07,21.452185426557048,2.914126013955353,21.502505525603933,2.605647473341577e-07,1.5732474929857776,1.5704404786907376,0.0015183229988906533,0.0,0.0,0.0,0.0,0.0,0.0,0.0,0.0,0.0,0.0,0.0,0.0,1.5703496509396495,1.5706277157858648
3.1095058917999268,0.008262507574647056,0.0479160746993623,0.9988684892861007,0.9999810442972713,-0.0002874376748089468,-0.006127707824135012,-0.00052879348032972,-0.002630834119426803,0.02216061799512015,0.004913414621984034,0.0017487619703681675,0.01221513385040028,0.0001415640329819392,0.0,0.0,1.0,19.844862747310295,3.17030428284571,19.885818099973292,0.1903121781486005,21.45247998916057,2.919699793030534,21.501090401973038,0.1903121781443755,1.5737962338277705,1.570796326794896,0.0018165920046158135,0.0,0.0,0.0,0.0,0.0,0.0,0.0,0.0,0.0,0.0,0.0,0.0,1.5707636283748108,1.5706009676294181
3.1193275451660156,0.008234822134030897,0.0481373379055624,0.9989159638014995,0.9999814205241163,-0.0002792173874039947,-0.0060664547858963825,-0.0005279872655811889,-0.002768544061615869,0.02212632062000961,0.004747451539879046,0.0016385579543530594,0.012251659537864926,0.00015472666487951413,0.0,0.0,1.0,19.84593864773283,3.1623355431712517,19.886434400823415,2.650026121320259e-07,21.45238624935119,2.9135859671154085,21.5004131028657,2.650026121597815e-07,1.5735802629061415,1.5704413089159166,0.001508746005129069,0.0,0.0,0.0,0.0,0.0,0.0,0.0,0.0,0.0,0.0,0.0,0.0,1.5711968577252335,1.5706288760816292
3.129385471343994,0.008205782254785543,0.04835824816000659,0.9989617936597037,0.9999817930475907,-0.0002715902163478919,-0.006005160687681387,-0.0005271216140108991,-0.0029039879245352806,0.0220910254444191,0.0045829858204241535,0.001520004459985144,0.012259800936559264,0.00016733533294618121,0.0,0.0,1.0,19.8472645882903,3.1672136016492662,19.886248741779188,0.19022821860159386,21.453277097066128,2.9201039165309113,21.499589330325975,0.19022821859728906,1.5740443933061044,1.570796326794896,0.0018152530246879905,0.0,0.0,0.0,0.0,0.0,0.0,0.0,0.0,0.0,0.0,0.0,0.0,1.571537344179649,1.5706020807722416
3.138866901397705,0.008175571269187382,0.04857879392257823,0.9990060135904605,0.999982160131898,-0.00026455706508664913,-0.005944118174195639,-0.0005262001851103777,-0.0030210985598161638,0.022054576257164338,0.004421993075678662,0.0014012958820574077,0.012209412720251372,0.00017918979374503339,0.0,0.0,1.0,19.847799677004073,3.1605142464702647,19.88632467157307,2.686322773115535e-07,21.45377501520016,2.914936182450899,21.49950520154688,2.686322773115535e-07,1.5737452226210944,1.5704416219097626,0.0014092509809415787,0.0,0.0,0.0,0.0,0.0,0.0,0.0,0.0,0.0,0.0,0.0,0.0,1.5718954940548568,1.5706298302040493
3.1490018367767334,0.008144219173029044,0.048798967425207986,0.9990486435759472,0.9999825210144092,-0.00025815531682272673,-0.00588346484814885,-0.0005252265043017858,-0.0031352096158338626,0.02201735026297511,0.004262998548678963,0.0012751202835892866,0.012131500034469367,0.0001903693706027204,0.0,0.0,1.0,19.84857752853875,3.1666544797971663,19.885600223041997,0.19028215221860442,21.455246086510613,2.9223890324738,21.499273130119686,0.19028215221422037,1.5741256292773687,1.570796326794896,0.0014861450181342661,0.0,0.0,0.0,0.0,0.0,0.0,0.0,0.0,0.0,0.0,0.0,0.0,1.5721597409928907,1.5706029433048656
3.1595571041107178,0.008111915786122964,0.049018759405709544,0.9990897228139168,0.9999828741081254,-0.0002523816987965695,-0.0058234872124877934,-0.0005242047485793963,-0.0032303386906079416,0.021979198050155878,0.004107923796955941,0.0011496235771263981,0.011996286689828347,0.00020068759695088918,0.0,0.0,1.0,19.84856045355895,3.161208306711992,19.885140115934046,2.71430947496043e-07,21.456313983524193,2.9181431019583837,21.49977812000535,2.714309475237986e-07,1.573743458317831,1.5704414209064397,0.002161843003705144,0.0,0.0,0.0,0.0,0.0,0.0,0.0,0.0,0.0,0.0,0.0,0.0,1.5724405821763876,1.5706305695177272
3.169870138168335,0.0080786966649767,0.04923816439871067,0.999129275510924,0.9999832187852536,-0.0002472691234689628,-0.005764315358946479,-0.000523138899281554,-0.003321912114626382,0.021940499300112704,0.003955269700715703,0.0010175527113067187,0.011835051692721352,0.00021023452042050954,0.0,0.0,1.0,19.84878235308,3.1685958786134787,19.883882746106746,0.19047156707542096,21.458340466889286,2.9265089982784684,21.50012832539133,0.1904715670709584,1.5740417351986147,1.570796326794896,0.0020082580158486962,0.0,0.0,0.0,0.0,0.0,0.0,0.0,0.0,0.0,0.0,0.0,0.0,1.5726267073394509,1.5706035482875433
3.178706645965576,0.008044756558027931,0.04945717549264333,0.9991673444765213,0.9999835536147872,-0.00024281004660015693,-0.005706226792033187,-0.0005220335455218565,-0.003394010694876851,0.02190110939326612,0.0038068965597301643,0.0008870136108585368,0.011618316321836438,0.00021883407144681743,0.0,0.0,1.0,19.848207622310767,3.164371871250266,19.882895750093816,2.7325782125942055e-07,21.45994863751805,2.923148205273775,21.50120918857314,2.7325782128717613e-07,1.5735774667592763,1.5704407144987163,0.001493913005106151,0.0,0.0,0.0,0.0,0.0,0.0,0.0,0.0,0.0,0.0,0.0,0.0,1.5728288541764743,1.570631088074308
3.1890482902526855,0.008010134793265811,0.04967578958564476,0.9992039571863401,0.9999838781091439,-0.0002390328964346064,-0.005649341157794412,-0.0005208930368111289,-0.003462176476212059,0.0218614093001435,0.003661270981883211,0.0007507957259277932,0.011377649043412616,0.00022658369581273326,0.0,0.0,1.0,19.847871903175403,3.172977154536171,19.88111640277508,0.19079235015397933,21.462498437227545,2.9323928322612907,21.502123719890427,0.1907923501494418,1.573795886176213,1.570796326794896,0.0019291070057079196,0.0,0.0,0.0,0.0,0.0,0.0,0.0,0.0,0.0,0.0,0.0,0.0,1.5729357988311603,1.5706038918492233
3.1989948749542236,0.007975029480372322,0.049894002157485455,0.9992391590824187,0.999984190993813,-0.00023592579900291684,-0.005593924400906563,-0.0005197222964278957,-0.003510531289348923,0.021821257184069288,0.0035201896078552028,0.0006169739679527665,0.01108379394112011,0.00023331557264741302,0.0,0.0,1.0,19.846740539713263,3.1699299582441367,19.879616967977555,2.7388639728398445e-07,21.46461064178072,2.9298684141637388,21.503759338466786,2.7388639731174e-07,1.5732511189366358,1.5704395165699878,0.0017486170108895749,0.0,0.0,0.0,0.0,0.0,0.0,0.0,0.0,0.0,0.0,0.0,0.0,1.5730586684518821,1.570631382555748
3.2087695598602295,0.007939481938252639,0.05011181249882758,0.9992729798764909,0.9999844919207032,-0.00023351272154434094,-0.005540083096597592,-0.0005185259747342193,-0.0035547542119682184,0.02178103413421266,0.003382079407219717,0.00047836398291808914,0.010768621681363763,0.00023913263197491129,0.0,0.0,1.0,19.845852341317272,3.1797089443070248,19.877332164679213,0.19123873172705072,21.467645817446066,2.9399452523939584,21.50521305268026,0.1912387317224461,1.5733926213275353,1.570796326794896,0.001663062983425334,0.0,0.0,0.0,0.0,0.0,0.0,0.0,0.0,0.0,0.0,0.0,0.0,1.5730861613782756,1.570603973129211
3.218799352645874,0.007903692082126396,0.05032921848985755,0.9993054666316771,0.9999847797665797,-0.00023177743741373432,-0.005488069380939543,-0.0005173092654202666,-0.003578985612624165,0.021740599102997322,0.003248675518622647,0.00034301892884478906,0.01040302388231672,0.00024387438945275863,0.0,0.0,1.0,19.84417246314379,3.1777794514242834,19.875340532918678,2.7311565120591297e-07,21.470220647329473,2.938196826415384,21.507375715785717,2.7311565123366854e-07,1.572769655202252,1.5704378462670558,0.0015624399820808321,0.0,0.0,0.0,0.0,0.0,0.0,0.0,0.0,0.0,0.0,0.0,0.0,1.573129941371027,1.5706314522243088
3.229780912399292,0.007867701471315573,0.050546221811387945,0.9993366502717879,0.9999850543170996,-0.00023073951070018103,-0.005437974455095702,-0.000516077060815068,-0.0035990610810823116,0.021700332153039015,0.00311836401107469,0.00020376448123685218,0.010019184298506395,0.0002476485077052516,0.0,0.0,1.0,19.84274425770357,3.188674314314881,19.87257284776441,0.19180335170874996,21.473698659516185,2.94904765418872,21.50933747923739,0.1918033517040911,1.5728378466901909,1.570796326794896,0.002051724004559219,0.0,0.0,0.0,0.0,0.0,0.0,0.0,0.0,0.0,0.0,0.0,0.0,1.5730784719183448,1.5706037942304154
3.2394394874572754,0.007831710300539866,0.05076282272201624,0.9993665785172647,0.9999853145905391,-0.00023037837320577165,-0.005390034715238077,-0.0005148347654083279,-0.003599117077570691,0.021660091062829574,0.0029928245476903213,6.864142462122003e-05,0.00958806769446186,0.00025030177941334726,0.0,0.0,1.0,19.840531555721906,3.1877904281511227,19.87011548102093,2.719874247769649e-07,21.476690668700588,2.9480039628571304,21.511993972225017,2.719874248047205e-07,1.5721396917303883,1.5704357279488366,0.0019498849869705737,0.0,0.0,0.0,0.0,0.0,0.0,0.0,0.0,0.0,0.0,0.0,0.0,1.5730440968857513,1.570631298882484
3.2492358684539795,0.007795758668393916,0.05097902525957488,0.9993952825608676,0.9999855604967658,-0.00023070927676460424,-0.005344324010183842,-0.0005135874553134739,-0.003595163214594998,0.02162025375586433,0.00287040436029099,-6.953049268486626e-05,0.009142180303783737,0.0002519465437292323,0.0,0.0,1.0,19.838583545453947,3.199730283789627,19.866893921561186,0.1924773526939748,21.480565370178656,2.959559642343066,21.51442764528554,0.19247735268925795,1.5721388421371256,1.570796326794896,0.0015976169961504638,0.0,0.0,0.0,0.0,0.0,0.0,0.0,0.0,0.0,0.0,0.0,0.0,1.572914896149271,1.5706033601776772
3.2586803436279297,0.007760045568757485,0.05119483200807409,0.9994228099269539,0.9999857911825469,-0.0002317073452982288,-0.005301061379182447,-0.0005123406848041585,-0.003571309963643109,0.021580674849921117,0.0027527366086273135,-0.0002027113799951377,0.008652487789313327,0.00025243721524469684,0.0,0.0,1.0,19.835861643286943,3.199807705097161,19.864003846424556,2.697344479440922e-07,21.48392590862426,2.9591394257918977,21.517540076061948,2.6973444797184776e-07,1.571369226437882,1.5704331910817573,0.0014430359879042953,0.0,0.0,0.0,0.0,0.0,0.0,0.0,0.0,0.0,0.0,0.0,0.0,1.572804031290393,1.5706309268372798
3.268827199935913,0.007724608003941381,0.05141024929719986,0.9994491912682156,0.9999860066699285,-0.00023338360852160093,-0.0052603016613923335,-0.0005110996513658978,-0.003543756481610368,0.021541728912576455,0.0026381341261793073,-0.000338098708681874,0.008151826918292783,0.000251891301636858,0.0,0.0,1.0,19.833422152630074,3.21270891167972,19.860364282883488,0.19325046172294755,21.488148090832187,2.9713203863978843,21.520405108046404,0.1932504617181839,1.5713042779599937,1.570796326794896,0.0018301719974260777,0.0,0.0,0.0,0.0,0.0,0.0,0.0,0.0,0.0,0.0,0.0,0.0,1.5725990591686057,1.5706026788722052
3.2782673835754395,0.007689642342441522,0.05162528195304893,0.999474473212486,0.9999862062192241,-0.00023570893457549195,-0.005222245223649594,-0.0005098699906010334,-0.0034965661499858753,0.02150326558490656,0.002528194427036693,-0.0004676458378733297,0.007611095889832606,0.00025017184259332913,0.0,0.0,1.0,19.830222970027272,3.2136515292922634,19.85708150323951,2.661902878675626e-07,21.491825674557667,2.971433013158744,21.52393133679459,2.6619028792307375e-07,1.5704676936055553,1.5704302702110922,0.0013202959962654859,0.0,0.0,0.0,0.0,0.0,0.0,0.0,0.0,0.0,0.0,0.0,0.0,1.5724140904245183,1.570630342861161
3.28900408744812,0.007655180931402827,0.051839938505474636,0.9994986852308418,0.9999863899514279,-0.00023869029091422943,-0.005186926543042612,-0.0005086569516574071,-0.0034461411038695026,0.021465655242570693,0.0024212018355928566,-0.0005985890112773616,0.007063469380525282,0.0002474020387011685,0.0,0.0,1.0,19.82732847740467,3.227419041221711,19.853066720622998,0.19411110864332407,21.496343606401936,2.984150787552393,21.527183333316618,0.19411110863852996,1.5703442947538617,1.570796326794896,0.0014478979865089059,0.0,0.0,0.0,0.0,0.0,0.0,0.0,0.0,0.0,0.0,0.0,0.0,1.572136033736095,1.5706017610540084
3.2989699840545654,0.007621416159082856,0.05205422591351253,0.999521872532948,0.9999865572247655,-0.00024229441317964197,-0.005154526288036453,-0.0005074661817830938,-0.003376477231997162,0.021428740803789422,0.0023187302106202246,-0.0007228674932658987,0.006479712838064876,0.00024345333931505696,0.0,0.0,1.0,19.823691899259032,3.2291212026852656,19.84943783822145,2.615824530316502e-07,21.50028470265147,2.984698648768043,21.531077709648468,2.615824530316502e-07,1.569445977322036,1.570427004814978,0.0016941400244832039,0.0,0.0,0.0,0.0,0.0,0.0,0.0,0.0,0.0,0.0,0.0,0.0,1.5718800710243475,1.5706295561598496
3.3089935779571533,0.007588374254822643,0.05226815478786038,0.9995440629529866,0.9999867082458861,-0.0002465243984392597,-0.005125057525350484,-0.0005063029147257539,-0.0033041904260213066,0.021392887434784465,0.002219042003863589,-0.0008477700231570085,0.00589334331262675,0.0002384543489741778,0.0,0.0,1.0,19.8203866039023,3.24365032517556,19.845097083629007,0.19504668745177836,21.505044804333274,2.997857812412652,21.534669087741932,0.19504668744696885,1.569270404860369,1.570796326794896,0.001879206974990666,0.0,0.0,0.0,0.0,0.0,0.0,0.0,0.0,0.0,0.0,0.0,0.0,1.5715323433525887,1.5706006202534393
3.3190042972564697,0.0075562423548664855,0.052481734084204125,0.999565299949245,0.9999868424556999,-0.0002513430005384763,-0.005098680483977368,-0.0005051727417705292,-0.0032131899956157413,0.021357929634374336,0.0021236996258433122,-0.0009652135075295913,0.005274932064930902,0.0002322848162820895,0.0,0.0,1.0,19.81636006661705,3.2459980821058756,19.841174890612628,2.5604003592305524e-07,21.50919429867943,2.998737825768784,21.538882922524564,2.5604003592305524e-07,1.5683162916903934,1.5704234386154938,0.001584666024427861,0.0,0.0,0.0,0.0,0.0,0.0,0.0,0.0,0.0,0.0,0.0,0.0,1.5712092092822716,1.5706285783307903
3.3287911415100098,0.007525039214931184,0.05269497634874388,0.9995856094513519,0.999986960134184,-0.00025674966994092567,-0.005075386067504682,-0.000504080815218096,-0.0031203139935301765,0.021324226453975238,0.002030950210681493,-0.0010825538012891175,0.004658340846496373,0.00022507868034575578,0.0,0.0,1.0,19.81269538402201,3.26117566682581,19.83656340817337,0.19604372655104219,21.51414151870115,3.012237471111303,21.542763326950652,0.19604372654623214,1.5680954354296046,1.570796326794896,0.0015725389821454883,0.0,0.0,0.0,0.0,0.0,0.0,0.0,0.0,0.0,0.0,0.0,0.0,1.5707959353405747,1.5705992726571765
3.3390214443206787,0.007494945538510812,0.05290789237258898,0.9996050330158527,0.9999870607910885,-0.0002627033642202641,-0.005055313594942832,-0.0005030326041342818,-0.003009367642037173,0.021291602384510146,0.001942356450082652,-0.0011916777746350388,0.004013890284541219,0.00021672381045536462,0.0,0.0,1.0,19.808333257354324,3.2640481323784383,19.832406304576548,2.4959272393321186e-07,21.518443082456987,3.013342721408884,21.547245291310844,2.4959272396096743e-07,1.5670921578219768,1.5704196192127386,0.0019803399918600917,0.0,0.0,0.0,0.0,0.0,0.0,0.0,0.0,0.0,0.0,0.0,0.0,1.5704101496390075,1.5706274232482793
3.3489508628845215,0.007465971368130122,0.05312049646793501,0.9996235945766643,0.9999871447692278,-0.00026920014325451116,-0.005038431335637305,-0.0005020331144705119,-0.0028974170380689774,0.02126040953460341,0.0018561560811608977,-0.0013000225006517079,0.0033757869476453398,0.00020735945133072115,0.0,0.0,1.0,19.804367095540943,3.2797538891623246,19.82758466575613,0.19708807359149697,21.523521235525404,3.027078063663872,21.551361982967133,0.19708807358670377,1.566833497156292,1.570796326794896,0.0016811289824545383,0.0,0.0,0.0,0.0,0.0,0.0,0.0,0.0,0.0,0.0,0.0,0.0,1.5699361508080032,1.5705977369574877
3.3587067127227783,0.0074382898918306265,0.05333280107716006,0.9996413338046269,0.9999872116355207,-0.0002761953896612312,-0.005024857481931204,-0.0005010876280129044,-0.002768147629949538,0.021230460922505152,0.0017739227962634164,-0.0013994378473053096,0.0027140499484808664,0.00019688140487016706,0.0,0.0,1.0,19.799729872522217,3.283024598197876,19.823255898688,2.4230415796022697e-07,21.527917659084064,3.0282994585474343,21.556058483313162,2.4230415798798255e-07,1.5657883609122798,1.5704155976303507,0.0013845089997630566,0.0,0.0,0.0,0.0,0.0,0.0,0.0,0.0,0.0,0.0,0.0,0.0,1.5694929145720444,1.5706261069342604
3.370037317276001,0.007411901323390645,0.053544822086889994,0.9996582727027215,0.9999872617876364,-0.00028368206162997434,-0.00501453746362628,-0.0005002009401481171,-0.0026388568439981303,0.02120210097299341,0.0016938898094563419,-0.0014974556256431674,0.002063228391696827,0.0001854342914526951,0.0,0.0,1.0,19.79552573516606,3.2991324138027585,19.8182891684777,0.19816508108312028,21.53306974634217,3.0421634491951712,21.560356715417413,0.19816508107836267,1.565499935044487,1.570796326794896,0.002044788998318836,0.0,0.0,0.0,0.0,0.0,0.0,0.0,0.0,0.0,0.0,0.0,0.0,1.5689636926206494,1.570596034176559
3.3786027431488037,0.007386970356373885,0.05375657338595226,0.9996744492141014,0.9999872948407427,-0.000291612225160612,-0.0050075683657202245,-0.0004993780807892344,-0.002493096701676062,0.021175129906226452,0.0016176511379953633,-0.0015858825656694918,0.001392994954536841,0.0001729217041030678,0.0,0.0,1.0,19.79067906553631,3.302670674571483,19.81385592246273,2.3446634378476716e-07,21.537503268553184,3.043391355114877,21.56521226855357,2.3446634381252274e-07,1.5644208931383914,1.570411427812091,0.0015185459924396127,0.0,0.0,0.0,0.0,0.0,0.0,0.0,0.0,0.0,0.0,0.0,0.0,1.568468870109769,1.57062464740775
3.3887417316436768,0.007363486390591565,0.05396807222413625,0.9996898836043883,0.999987311242336,-0.00029997605935207016,-0.005003872822517766,-0.0004986235702503818,-0.0023483965782319658,0.02114988381839928,0.001543439028688408,-0.0016723580709981796,0.0007382363284363061,0.00015949385607463986,0.0,0.0,1.0,19.78630501635605,3.3190499333128103,19.808812690576122,0.19925979038789896,21.542671806714285,3.0572762736115475,21.569635671948337,0.1992597903831925,1.5641112632144782,1.5707963267948961,0.0018035800021607429,0.0,0.0,0.0,0.0,0.0,0.0,0.0,0.0,0.0,0.0,0.0,0.0,1.5678905876852867,1.5705941874655132
3.3994827270507812,0.0073416047543656245,0.05417933371374637,0.9997046123593512,0.9999873106500213,-0.0003087226102806288,-0.0050035270492782506,-0.0004979421212954228,-0.0021881636225940335,0.0211261489610118,0.00147287549628829,-0.001748640530053515,6.824004667919893e-05,0.00014506207301231172,0.0,0.0,1.0,19.78131861754395,3.3227221719979996,19.804345058269103,2.265888542629657e-07,21.547084462564836,3.058402107880322,21.574593297936538,2.265888542629657e-07,1.5630068781266229,1.5704071660689969,0.0014200250152498484,0.0,0.0,0.0,0.0,0.0,0.0,0.0,0.0,0.0,0.0,0.0,0.0,1.5673506841894569,1.5706230645125678
3.4095704555511475,0.0073213031838355565,0.054390376239368966,0.9997186542984253,0.9999872935592664,-0.00031783963505884665,-0.005006431162147676,-0.0004973379131264109,-0.002030157053006805,0.021104252562259854,0.0014041939074148071,-0.0018224890227004004,-0.0005817775631201402,0.00012978254131749422,0.0,0.0,1.0,19.776846139319925,3.33923908547451,19.799296364074667,0.2003571135177152,21.552211840197913,3.0722011122209762,21.579084289355993,0.20035711351306754,1.5626850785449822,1.5707963267948961,0.0017432839958928525,0.0,0.0,0.0,0.0,0.0,0.0,0.0,0.0,0.0,0.0,0.0,0.0,1.5667301404661949,1.570592221877772
3.4193475246429443,0.0073027269183031165,0.05460121589843269,0.9997320447991719,0.9999872596702328,-0.00032727349668065445,-0.005012640408085856,-0.0004968152744111378,-0.0018576265532440268,0.02108396590637216,0.001339050074656942,-0.0018856095748630913,-0.0012428389272723505,0.00011357433088920247,0.0,0.0,1.0,19.771793242746856,3.3429102100030748,19.79486562516164,2.1997641397319967e-07,21.556546522917863,3.073118889092935,21.584085278574385,2.1997641400095524e-07,1.5615644673272895,1.5704028704723616,0.0017571430071257055,0.0,0.0,0.0,0.0,0.0,0.0,0.0,0.0,0.0,0.0,0.0,0.0,1.56615227447745,1.5706213797230755
3.429187059402466,0.007285841368188115,0.05481187196779489,0.9997448015906845,0.9999872095312954,-0.000337009924372556,-0.005022032161491893,-0.000496377975124776,-0.001688555011500131,0.02106560693622026,0.0012756791512547386,-0.001945892413085126,-0.001879373080643031,9.660006883022093e-05,0.0,0.0,1.0,19.767297560447236,3.359429222233453,19.789882298418135,0.2014420149854058,21.56157709430278,3.0867275578228126,21.588583866124672,0.20144201498079808,1.5612399318526926,1.5707963267948961,0.00144771600025706,0.0,0.0,0.0,0.0,0.0,0.0,0.0,0.0,0.0,0.0,0.0,0.0,1.5654968734559986,1.5705901641158306
3.43940806388855,0.007270781021698938,0.055022361279397525,0.9997569593407778,0.9999871428840308,-0.0003469929771927355,-0.005034641680965675,-0.0004960298904046869,-0.0015060346489176226,0.021048931160263476,0.0012157750093352536,-0.0019949880826143434,-0.0025229531145834444,7.878657296675778e-05,0.0,0.0,1.0,19.76225369952894,3.362964057151081,19.785559597009783,2.1527992472014645e-07,21.56577808663501,3.0873354026532502,21.593568111781373,2.1527992472014645e-07,1.5601126915446237,1.5703986001812493,0.0019772509986069053,0.0,0.0,0.0,0.0,0.0,0.0,0.0,0.0,0.0,0.0,0.0,0.0,1.5648887389412407,1.5706196159271257
3.449145793914795,0.007257498350528158,0.05523270374866778,0.9997685350754555,0.9999870603299655,-0.00035720678512358626,-0.005050325116407653,-0.0004957743096821647,-0.0013282671170780588,0.02103424692702597,0.0011575734677660224,-0.0020409278093785166,-0.0031377608936055804,6.030346167964793e-05,0.0,0.0,1.0,19.757809811085178,3.3793492612723277,19.780713500129785,0.20249969614514668,21.570655749850673,3.1006531766919934,21.59801507847223,0.20249969614054653,1.5597951819472413,1.5707963267948961,0.0014520979893859476,0.0,0.0,0.0,0.0,0.0,0.0,0.0,0.0,0.0,0.0,0.0,0.0,1.5642064464560097,1.5705880422491434
3.4591870307922363,0.007246116551930695,0.05544291668185911,0.9997795631573465,0.9999869616538616,-0.0003675935172353276,-0.005069098881584253,-0.0004956145822839689,-0.0011381798597462937,0.02102129331913335,0.0011028081891026257,-0.0020753037467327222,-0.0037558454257547204,4.1085333614467436e-05,0.0,0.0,1.0,19.75284953599119,3.382613881255928,19.77657052045691,2.1094040386637758e-07,21.574666975590574,3.100854633597352,21.602923640019046,2.1094040386637758e-07,1.5586713122713645,1.5703944146924667,0.001603730022907257,0.0,0.0,0.0,0.0,0.0,0.0,0.0,0.0,0.0,0.0,0.0,0.0,1.5635762658119,1.570617797184251
3.468991994857788,0.007236574736542795,0.055653020369923034,0.9997900602918637,0.9999868475165273,-0.0003781361467523621,-0.005090798935251953,-0.0004955534419469259,-0.0009541815387900231,0.02101036880639238,0.0010497134517192842,-0.0021062938452598525,-0.004341119373228871,2.1309560839805304e-05,0.0,0.0,1.0,19.748531502186513,3.398730141442742,19.771933009931683,0.20351574939843528,21.579336012409062,3.113785883700312,21.60726052510606,0.20351574939384273,1.55837082503912,1.5707963267948961,0.001661341986618936,0.0,0.0,0.0,0.0,0.0,0.0,0.0,0.0,0.0,0.0,0.0,0.0,1.562875558163252,1.5705858853997103
3.4787065982818604,0.007228984413873502,0.055863032326180145,0.9998000609417946,0.9999867177518649,-0.0003887753891395929,-0.005115423784842585,-0.0004955936354826618,-0.0007590322669292701,0.021001195625711462,0.0010000649930989815,-0.002125430642598397,-0.004926088687204258,9.186771325047103e-07,0.0,0.0,1.0,19.7437283585488,3.401592863953868,19.768039910338803,2.070145724009098e-07,21.583102478462866,3.11349080563337,21.61203486666582,2.070145724286654e-07,1.5572606386138101,1.5703903731422917,0.0014042969851288944,0.0,0.0,0.0,0.0,0.0,0.0,0.0,0.0,0.0,0.0,0.0,0.0,1.5622320248598047,1.5706159484561655
3.489889144897461,0.007223271070676546,0.05607297295094224,0.9998095818628226,0.9999865730889888,-0.0003994935571402074,-0.005142790215867167,-0.0004957372641332815,-0.0005713343196956248,0.020994062476209496,0.0009520921028018585,-0.0021410507949057352,-0.0054744127138548395,-1.9901972054812393e-05,0.0,0.0,1.0,19.739608700580945,3.4173074338879297,19.763679966554804,0.20447630290764046,21.5875086952179,3.1259462073524875,21.616203719576102,0.20447630290305494,1.5569873097503408,1.5707963267948961,0.0025716030213516206,0.0,0.0,0.0,0.0,0.0,0.0,0.0,0.0,0.0,0.0,0.0,0.0,1.5615218268246627,1.5705837234113265
3.500230073928833,0.007219534243127504,0.0562828596969486,0.9998186579373713,0.9999864134179176,-0.0004102304181898481,-0.005172880055310771,-0.0004959863992406768,-0.0003736827549042042,0.020988674600635793,0.0009076074548707369,-0.0021446290542120232,-0.006019095944840273,-4.120283805065237e-05,0.0,0.0,1.0,19.735033904414433,3.419641130295999,19.760103832773137,2.0316771212613993e-07,21.590977384904868,3.1250726449130317,21.620786340032215,2.0316771212613993e-07,1.5559012865154076,1.5703865335907237,0.003040748997591436,0.0,0.0,0.0,0.0,0.0,0.0,0.0,0.0,0.0,0.0,0.0,0.0,1.5608740386711881,1.570614095323265
3.509626865386963,0.007217685660021991,0.056492712806460094,0.9998273062307764,0.9999862395453106,-0.0004209681522239436,-0.005205492294433536,-0.0004963424396757863,-0.0001848583105512815,0.020985310951149562,0.0008648293405028183,-0.0021446652004684045,-0.006523575034774765,-6.27910717032326e-05,0.0,0.0,1.0,19.731181872920327,3.4348258282246906,19.756087092867812,0.20536827572242777,21.59506860266186,3.1369708480333616,21.624731022689982,0.20536827571785693,1.555665195544939,1.5707963267948961,0.0018587730010040104,0.0,0.0,0.0,0.0,0.0,0.0,0.0,0.0,0.0,0.0,0.0,0.0,1.5601636455060766,1.5705815865043304
3.5185160636901855,0.007217812541136401,0.056702549404831014,0.9998355622845535,0.9999860514258965,-0.0004316461113753072,-0.005240593321963789,-0.0004968067168915427,1.2688111441054882e-05,0.02098365983709189,0.0008256053777121555,-0.002132577214858976,-0.007021325652913496,-8.47113158905301e-05,0.0,0.0,1.0,19.726902396648697,3.436509591129668,19.752891311088543,1.9920833954634176e-07,21.59818855059104,3.1354461583382127,21.629066926147495,1.9920833951858619e-07,1.5546137987993287,1.5703829518096157,0.0014352060097735375,0.0,0.0,0.0,0.0,0.0,0.0,0.0,0.0,0.0,0.0,0.0,0.0,1.5595210097973426,1.570612263688697
3.529404401779175,0.007219812292556547,0.05691238931237524,0.999843443653189,0.9999858499557351,-0.000442246894415647,-0.005277965448483102,-0.000497379851116748,0.00019997514201459994,0.020983990754422633,0.0007881368635474185,-0.0021170317961840975,-0.007475536042616262,-0.00010676069258818067,0.0,0.0,1.0,19.723381067580682,3.4510424665513333,19.74928019195798,0.2061795476829855,21.60191352817327,3.1467148051006903,21.63273535569145,0.20617954767844213,1.5544248494729807,1.5707963267948961,0.0016394050035160035,0.0,0.0,0.0,0.0,0.0,0.0,0.0,0.0,0.0,0.0,0.0,0.0,1.5588199796547693,1.5705795048488282
3.5391275882720947,0.0072237592607482595,0.057122249066875665,0.999850986665444,0.99998563516737,-0.00045271001332044836,-0.005317560201920896,-0.0004980623011418966,0.00039469681917132587,0.020985975450042892,0.0007543012255068604,-0.002089394831739512,-0.0079200458320084,-0.00012896677534321782,0.0,0.0,1.0,19.719457191832735,3.4519634328711866,19.746524644121795,1.950836757136365e-07,21.604634742746114,3.1444767611879834,21.636773912274315,1.950836757136365e-07,1.5534184185226307,1.5703796803672663,0.001500785001553595,0.0,0.0,0.0,0.0,0.0,0.0,0.0,0.0,0.0,0.0,0.0,0.0,1.5581921039145137,1.5706104794125522
3.549079656600952,0.007229536762354598,0.057332147810376974,0.9998582094399834,0.9999854080615189,-0.00046301907730400744,-0.005359143794864772,-0.0004988538455524235,0.0005777501606337858,0.02098987435013108,0.0007222774539311878,-0.0020585033153774296,-0.008317795896067365,-0.00015113047875508676,0.0,0.0,1.0,19.716324874771146,3.465731040045385,19.74337544569061,0.2068991673720713,21.607946251278882,3.1550539371604645,21.640116496254723,0.20689916736756983,1.553286121350511,1.5707963267948961,0.0016590069863013923,0.0,0.0,0.0,0.0,0.0,0.0,0.0,0.0,0.0,0.0,0.0,0.0,1.5575101488585303,1.5705775081203686
3.5591681003570557,0.007237206590939539,0.057542101240629924,0.9998651491395332,0.9999851687599695,-0.0004731143462744387,-0.005402653857909512,-0.0004997541436251203,0.0007669828584940817,0.020995343025294905,0.0006939699549736709,-0.0020156704259964822,-0.008703065964606118,-0.00017328966071461605,0.0,0.0,1.0,19.71281308123566,3.4657866024318205,19.741110798866643,1.9077078400320246e-07,21.610226255296034,3.1520518622196794,21.643808574740692,1.9077078400320246e-07,1.5523345032475773,1.5703767675154294,0.0018654950254131109,0.0,0.0,0.0,0.0,0.0,0.0,0.0,0.0,0.0,0.0,0.0,0.0,1.5569067163573846,1.5706087679310154
3.568979263305664,0.00724663848599818,0.057752127573048706,0.9998718244521078,0.9999849183775603,-0.0004829810043891605,-0.0054478421465346365,-0.0005007621407923784,0.0009431895058640935,0.02100263324187792,0.0006675312574629484,-0.0019698986136542315,-0.009038685035547384,-0.00019523608730176434,0.0,0.0,1.0,19.710123107947567,3.478685665086156,19.738470097485827,0.20751752351468994,21.61308475453908,3.161886563672511,21.646778068381728,0.20751752351024627,1.5522676535408928,1.5707963267948961,0.0015014910022728145,0.0,0.0,0.0,0.0,0.0,0.0,0.0,0.0,0.0,0.0,0.0,0.0,1.5562535430559836,1.570575625014503
3.5789053440093994,0.007257882108000448,0.0579622414249182,0.9998782733301338,0.9999846571312183,-0.0004925606434124893,-0.005494634291737092,-0.000501876652293299,0.0011243622002268523,0.021011385186949796,0.0006448878026037792,-0.0019124521350824034,-0.009359424316057028,-0.00021700737420735007,0.0,0.0,1.0,19.707073984206882,3.4777847975903375,19.736737850774407,1.874858284178771e-07,21.614887740930122,3.158081573242009,21.650077401376823,1.874858284178771e-07,1.551380007641706,1.5703742562282934,0.0015949980006553233,0.0,0.0,0.0,0.0,0.0,0.0,0.0,0.0,0.0,0.0,0.0,0.0,1.5556841302681135,1.5706071538402735
3.588472604751587,0.0072707942953170665,0.058172459851046854,0.9998845149310049,0.9999843862543202,-0.0005018405883539395,-0.0055427699058053035,-0.0005030957835541628,0.0012912187316618318,0.021021842612864983,0.0006241600871163837,-0.0018524953054143156,-0.0096280841620422,-0.00023839366169944845,0.0,0.0,1.0,19.704872752054897,3.4897240017169775,19.73464320738234,0.2080264694819377,21.617259708174455,3.1671343943606947,21.652630061137653,0.20802646947753925,1.5513865107270555,1.5707963267948961,0.001448833994800225,0.0,0.0,0.0,0.0,0.0,0.0,0.0,0.0,0.0,0.0,0.0,0.0,1.555069255607198,1.5705738827528477
3.5996265411376953,0.007285413157761311,0.05838279616414613,0.999890587828744,0.9999841060607277,-0.0005107643469055465,-0.005592164936932296,-0.0005044175144783361,0.0014618862444244585,0.021033631309927237,0.0006072897738964734,-0.0017812470906143837,-0.009879927832396867,-0.00025943546857976204,0.0,0.0,1.0,19.702329028081465,3.4877891662081404,19.73347539915429,1.8590958877906516e-07,21.61855599549741,3.1625000255499987,21.655494487495865,1.8590958877906516e-07,1.5505710631004108,1.5703721834212854,0.001799777994165197,0.0,0.0,0.0,0.0,0.0,0.0,0.0,0.0,0.0,0.0,0.0,0.0,1.554543149195749,1.5706056604731404
3.6091723442077637,0.007301583502443882,0.058593266041809144,0.9998965114176239,0.9999838179025655,-0.0005193219338988445,-0.005642549469000681,-0.0005058391335815297,0.0016170344682571091,0.021046987766301692,0.0005923588879995834,-0.0017080266504469169,-0.010077786638804733,-0.00027992420907740553,0.0,0.0,1.0,19.70065431287249,3.4986910562128375,19.731954548384085,0.20841948022839227,21.620414089172428,3.1707436827917928,21.65759118080551,0.20841948022400997,1.5506576889988137,1.5707963267948961,0.0013734659878537059,0.0,0.0,0.0,0.0,0.0,0.0,0.0,0.0,0.0,0.0,0.0,0.0,1.5539757083249865,1.5705723066085897
3.61922287940979,0.007319332649115839,0.05880388128759921,0.9999023245810684,0.9999835221884554,-0.0005274593413024971,-0.005693832299355237,-0.0005073578249564818,0.0017749146671956655,0.02106152457900682,0.0005813163444536101,-0.0016240115453091829,-0.010257399324945876,-0.00029990659171899136,0.0,0.0,1.0,19.698649574364335,3.4956598654516453,19.731372925926493,1.8433938903106295e-07,21.621180514741987,3.165266154657852,21.659983544005843,1.8433938903106295e-07,1.5499214891027433,1.5703705790515876,0.0016631990147288889,0.0,0.0,0.0,0.0,0.0,0.0,0.0,0.0,0.0,0.0,0.0,0.0,1.5535017055641047,1.5706043094923479
3.6294546127319336,0.007338494430086573,0.05901465600590373,0.9999080465745364,0.9999832203849471,-0.0005351697922801337,-0.0057457367907202085,-0.0005089701140193793,0.001916178097073401,0.02107747183045174,0.0005721993467959148,-0.00153866581451801,-0.01038168321513277,-0.00031917822260277236,0.0,0.0,1.0,19.69752948522352,3.505462501772163,19.730442996011732,0.20869177670278408,21.62250411683058,3.172685713832709,21.66159059599294,0.20869177669842853,1.550093654655477,1.5707963267948961,0.002034676988841966,0.0,0.0,0.0,0.0,0.0,0.0,0.0,0.0,0.0,0.0,0.0,0.0,1.5529902460696245,1.5705709194293822
3.6389055252075195,0.0073590863050433265,0.05922560030922176,0.9999137161329115,0.9999829129888745,-0.0005424023018139821,-0.005798167268165447,-0.0005106724585217223,0.002059187495675316,0.02109443033180341,0.0005669558375066497,-0.0014431296729883324,-0.010486826802257869,-0.0003377951010933446,0.0,0.0,1.0,19.69608730191271,3.5012891590504998,19.730458380231553,1.8275715871207687e-07,21.622724622383615,3.1663639300462667,21.66347961273564,1.8275715871207687e-07,1.54944235695936,1.5703694653818976,0.0012672320008277893,0.0,0.0,0.0,0.0,0.0,0.0,0.0,0.0,0.0,0.0,0.0,0.0,1.552576447296175,1.5706031204815984
3.6488988399505615,0.007380932359551371,0.05943672655637268,0.9999193518608929,0.9999826015719935,-0.0005491537758043877,-0.005850843312495799,-0.0005124607032891696,0.0021846054508044993,0.02111262471509199,0.0005635727981374902,-0.0013469991763023488,-0.010535885553979387,-0.00035555973534843273,0.0,0.0,1.0,19.695539590995093,3.5099475283007657,19.730125394659346,0.20884040558011735,21.623500469722465,3.1729567882316188,21.664569675980715,0.20884040557579975,1.5497039381806592,1.5707963267948963,0.00169945097877644,0.0,0.0,0.0,0.0,0.0,0.0,0.0,0.0,0.0,0.0,0.0,0.0,1.5521287201052014,1.5705697411816413
3.658162832260132,0.007404041278603163,0.05964804301236045,0.9999249917563252,0.999982286708161,-0.0005553767473447843,-0.005903667550224696,-0.0005143306756201,0.002310891905179224,0.021131645598776876,0.0005639895432382457,-0.001241381350231363,-0.010565464608019218,-0.0003725400301507648,0.0,0.0,1.0,19.694672992587005,3.5046039540263005,19.730737355962482,1.8112557689797804e-07,21.623166727375292,3.1658020707478713,21.66593081795072,1.811255769257336e-07,1.549141618140787,1.5703688564731795,0.0012654850143007934,0.0,0.0,0.0,0.0,0.0,0.0,0.0,0.0,0.0,0.0,0.0,0.0,1.5517823226874097,1.5706021105549635
3.668654680252075,0.007428228780606942,0.05985956014439608,0.9999306531475698,0.9999819700600567,-0.0005610722221598696,-0.005956358800758723,-0.0005162776459711884,0.002418750200377928,0.021151713203562492,0.0005661391244604743,-0.0011359886660662233,-0.010538806932743615,-0.0003885476064129167,0.0,0.0,1.0,19.694704711273243,3.5120910465646675,19.730996075250555,0.20886429493153721,21.623389530127174,3.1715776896028633,21.666483733464542,0.2088642949272688,1.5494948063281266,1.5707963267948963,0.0012510220112744719,0.0,0.0,0.0,0.0,0.0,0.0,0.0,0.0,0.0,0.0,0.0,0.0,1.5514050791807492,1.57056878854328
3.6795456409454346,0.007453495998322537,0.060071284241505554,0.9999363726059411,0.9999816522627016,-0.0005661966894075998,-0.006008820813020687,-0.0005182969275751391,0.0025267217715594743,0.021172409710947502,0.0005719458371379802,-0.0010218991530181719,-0.010492894399901824,-0.0004036642162479377,0.0,0.0,1.0,19.694416007360434,3.5055676489162018,19.732192971904684,1.794098634100294e-07,21.622501501312385,3.1636132816745492,21.66730007262266,1.794098634100294e-07,1.5490238241973262,1.57036875783437,0.0015416219830513,0.0,0.0,0.0,0.0,0.0,0.0,0.0,0.0,0.0,0.0,0.0,0.0,1.551132183058946,1.5706012940077967
3.6893086433410645,0.007479651790267639,0.0602832237618797,0.9999421654794953,0.9999813350504726,-0.0005707556021855617,-0.006060774694585709,-0.0005203833397840127,0.002615579194510264,0.021193952037415066,0.0005792873554146997,-0.00090892361574394,-0.010391203194937379,-0.00041771215295231416,0.0,0.0,1.0,19.695023507781766,3.5118751568497464,19.733027101014233,0.20876426950036991,21.622174458702567,3.1685927060386505,21.667303659348416,0.2087642694961627,1.549469034848168,1.5707963267948963,0.0015650179993826896,0.0,0.0,0.0,0.0,0.0,0.0,0.0,0.0,0.0,0.0,0.0,0.0,1.5508309889358574,1.57056807455445
3.698702335357666,0.007506691074831257,0.060495382920065045,0.999948066163025,0.9999810190992828,-0.0005747097741597496,-0.006112128135348729,-0.0005225318114434952,0.0027039284563617726,0.021215915818534273,0.0005900683529672433,-0.0007881152860153371,-0.010271045723668775,-0.00043078817872490454,0.0,0.0,1.0,19.695304448434232,3.504181199517092,19.73478648165403,1.7759121670457567e-07,21.620740814802655,3.1598530753533103,21.66756660877755,1.775912166768201e-07,1.5490899555265951,1.5703691663034909,0.0013878800091333687,0.0,0.0,0.0,0.0,0.0,0.0,0.0,0.0,0.0,0.0,0.0,0.0,1.5506364240661874,1.5706006820173708
3.7091329097747803,0.0075344174586053445,0.06070776807830865,0.9999540872861016,0.9999807061914585,-0.0005780693732257812,-0.006162607555113701,-0.0005247368435642505,0.0027726383774087726,0.0212385158243605,0.0006021123076543294,-0.0006693630933290017,-0.010096172483656763,-0.00044272609769115194,0.0,0.0,1.0,19.696473718934545,3.5093197967116048,19.7361692339615,0.20854302845103537,21.619875963197007,3.164068271295657,21.667017316979177,0.20854302844690048,1.5496257969491471,1.5707963267948963,0.001307221973547712,0.0,0.0,0.0,0.0,0.0,0.0,0.0,0.0,0.0,0.0,0.0,0.0,1.5504154999891029,1.5705676083439595
3.718595266342163,0.007562821074376193,0.060920381309705764,0.9999602603040637,0.9999803970196699,-0.0005807998259003468,-0.006212127349237715,-0.0005269931159181041,0.0028403615770847784,0.02126132313971087,0.0006173017962113885,-0.0005436996756369902,-0.009904174502100632,-0.00045363804491949935,0.0,0.0,1.0,19.697305977102417,3.5004833366924837,19.738458583411305,1.756754104964564e-07,21.61791431145434,3.154598252023789,21.66672720605349,1.7567541046870083e-07,1.5493373713083325,1.570370070151608,0.0013141760136932135,0.0,0.0,0.0,0.0,0.0,0.0,0.0,0.0,0.0,0.0,0.0,0.0,1.5503026852691093,1.5706002824083791
3.7290871143341064,0.0075917019561089205,0.06113322682548475,0.9999665944047522,0.999980093386639,-0.0005829161938146916,-0.006260422191982463,-0.0005292949458192575,0.0028880881732727486,0.021284551577898613,0.0006334100688498989,-0.00042107019777618443,-0.009659112131343989,-0.00046336945622097884,0.0,0.0,1.0,19.6990132837219,3.5044825199011136,19.74035357016522,0.20820508645363864,21.61653265585508,3.1580913012283376,21.66563057942305,0.20820508644958635,1.5499606758838402,1.5707963267948963,0.001355393003905192,0.0,0.0,0.0,0.0,0.0,0.0,0.0,0.0,0.0,0.0,0.0,0.0,1.5501647832747125,1.570567394943126
3.738806962966919,0.007621046944065278,0.06134630452286491,0.9999731173787648,0.9999797959746184,-0.0005843887163251963,-0.006307415841656773,-0.0005316368975285547,0.0029344987956357402,0.021307769738015615,0.0006522974012567921,-0.0002924909339173925,-0.009398798073842562,-0.00047204745106393985,0.0,0.0,1.0,19.700369222762287,3.494549905849114,19.743131357219195,1.736959204801103e-07,21.61406953017236,3.1479451135364878,21.66479701463901,1.736959204801103e-07,1.5497598850814043,1.570371449404215,0.001576144015416503,0.0,0.0,0.0,0.0,0.0,0.0,0.0,0.0,0.0,0.0,0.0,0.0,1.5501356250760165,1.5706000994933789
3.7491424083709717,0.007650654219310414,0.061559616439648454,0.9999798343139529,0.9999795065763517,-0.0005852374335845189,-0.006352854030267532,-0.000534013234126199,0.0029607275245136315,0.021331191678354698,0.0006716935188104919,-0.0001679402317335329,-0.009087631690491219,-0.0004795285587463093,0.0,0.0,1.0,19.702582011238643,3.497457393832338,19.745493752388576,0.20775667999602984,21.612200926194426,3.1507672985498294,21.663167919984662,0.20775667999206832,1.550465802217489,1.5707963267948963,0.0018165240180678666,0.0,0.0,0.0,0.0,0.0,0.0,0.0,0.0,0.0,0.0,0.0,0.0,1.5500819479339292,1.5705674351949268
3.758953809738159,0.007680508859063374,0.061773160295753755,0.99998676869808,0.9999792258345179,-0.0005854375039565657,-0.006396672376307485,-0.0005364185295824267,0.0029854639752959914,0.021354385610530054,0.0006934384127134398,-3.842229737241308e-05,-0.00876358614985316,-0.000485953840526881,0.0,0.0,1.0,19.704425684367532,3.4864923330305393,19.74871072092411,1.717108815690871e-07,21.609271518159503,3.140007479794477,21.66180989742699,1.7171088159684267e-07,1.5503479626476637,1.5703732763656444,0.0013934690214227885,0.0,0.0,0.0,0.0,0.0,0.0,0.0,0.0,0.0,0.0,0.0,0.0,1.5501367842601521,1.5706001339949225
3.769111394882202,0.007710408920113164,0.06198693596606473,0.9999939209726938,0.9999789554998874,-0.0005850139341216275,-0.006438630276993504,-0.0005388471109270737,0.0029900061049789256,0.021377567031096997,0.0007152274613800454,8.607498558262241e-05,-0.008391421861351271,-0.0004911898144471826,0.0,0.0,1.0,19.70710368243639,3.488373038037866,19.751488636033677,0.2072056415999974,21.606954286823708,3.142218289056089,21.65967249529501,0.2072056415961323,1.551130108739141,1.5707963267948963,0.0017331779818050563,0.0,0.0,0.0,0.0,0.0,0.0,0.0,0.0,0.0,0.0,0.0,0.0,1.5501669526012252,1.5705677257621684
3.7784829139709473,0.007740339254165208,0.06220093902551556,1.0000013098164107,0.9999786961456623,-0.0005839468248721155,-0.006478677495278852,-0.0005412936733193876,0.0029930334052044203,0.021400305945082954,0.000738884371692902,0.00021455237687275839,-0.008009207825309988,-0.0004953899122427925,0.0,0.0,1.0,19.70939195001025,3.47645544135759,19.755089208280822,1.6979557487806218e-07,21.60360196605711,3.1309147214496393,21.657818291987255,1.697955748503066e-07,1.5510890300279303,1.5703755163247552,0.0012340499961283058,0.0,0.0,0.0,0.0,0.0,0.0,0.0,0.0,0.0,0.0,0.0,0.0,1.5503045463352132,1.5706003830525581
3.789170742034912,0.0077700995012196065,0.06241516723118267,1.0000089306305522,0.9999784494483547,-0.0005822660720315613,-0.00651658945126055,-0.0005437527113837634,0.0029760247054398613,0.02142282056671102,0.00076208141414466,0.0003370326327371325,-0.007582080172798916,-0.0004984293671206045,0.0,0.0,1.0,19.712488221228462,3.4773906642684036,19.758224982019076,0.2065612917233761,21.6008824529451,3.13258132179976,21.655205906612114,0.20656129171961024,1.5519396702407153,1.5707963267948963,0.0013918420008849353,0.0,0.0,0.0,0.0,0.0,0.0,0.0,0.0,0.0,0.0,0.0,0.0,1.5504166154341728,1.5705682592343007
3.7987732887268066,0.007799675809005516,0.06262961407776638,1.0000167969471425,0.9999782158823582,-0.0005799566495795869,-0.0065523320790382405,-0.0005462191391566847,0.0029576307785909193,0.02144468465837052,0.0007866316590251727,0.0004625198278293718,-0.007148137538759962,-0.0005004725800385705,0.0,0.0,1.0,19.71517181301011,3.464615455067937,19.76214857233939,1.680262688708023e-07,21.59715819156975,3.1208104840975643,21.65289283114709,1.680262688708023e-07,1.5519678162138926,1.570378128226228,0.001479672995628789,0.0,0.0,0.0,0.0,0.0,0.0,0.0,0.0,0.0,0.0,0.0,0.0,1.5506341946922502,1.5706008403143858
3.808688163757324,0.007828871060058498,0.06284427527891523,1.000024898916185,0.9999779970187833,-0.0005770531328040618,-0.006585698883763694,-0.0005486877055933813,0.0029195251052981613,0.021466120114884628,0.0008101969042542988,0.0005810754628871327,-0.0066728988628390875,-0.000501401663097171,0.0,0.0,1.0,19.71863407607997,3.464700693637984,19.76558037193409,0.20583426349053102,21.594089795373172,3.122006242055029,21.649847330507846,0.20583426348686415,1.5528780716059152,1.5707963267948963,0.0015986109792720526,0.0,0.0,0.0,0.0,0.0,0.0,0.0,0.0,0.0,0.0,0.0,0.0,1.5508247120524847,1.5705690243017918
3.8185110092163086,0.007857674174004556,0.06305914234320838,1.0000332447774394,0.9999777932058728,-0.0005735451818905439,-0.006616673690622708,-0.0005511536180801997,0.002880311394605763,0.021486706429314155,0.000834586125430878,0.0007017023712855555,-0.006194423968872284,-0.0005013892954381242,0.0,0.0,1.0,19.721659083117746,3.4511749454283667,19.769763215526954,1.6647102271671876e-07,21.590050845274785,3.109849273217119,21.64712080769918,1.6647102271671876e-07,1.5529668334697062,1.5703810656366701,0.001593563996721059,0.0,0.0,0.0,0.0,0.0,0.0,0.0,0.0,0.0,0.0,0.0,0.0,1.5511180491315462,1.570601496086521
3.828880548477173,0.007885892853681478,0.06327420904574088,1.0000418194161016,0.9999776058808045,-0.0005694717584800295,-0.006645069798870358,-0.0005536119404765214,0.002821867967692244,0.021506670253250582,0.0008574638662326564,0.0008145220429377916,-0.00567861241857528,-0.0005003220029356134,0.0,0.0,1.0,19.72543114211623,3.450517500992865,19.773426759584712,0.20503623417691527,21.58669268332046,3.1106523537042134,21.64369162160077,0.20503623417334468,1.5539270046795066,1.5707963267948963,0.0020108710159547627,0.0,0.0,0.0,0.0,0.0,0.0,0.0,0.0,0.0,0.0,0.0,0.0,1.5513821611798548,1.5705700060222567
3.838817834854126,0.007913520194230778,0.06348946503240842,1.000050625835337,0.9999774352416889,-0.0005648269400019089,-0.006670890288124583,-0.0005560582229361953,0.0027627340549298855,0.021525598666753222,0.0008806419235414636,0.0009285312202699508,-0.005163416084637389,-0.000498378265576778,0.0,0.0,1.0,19.728740324052083,3.4363582359181204,19.77780348445109,1.6517880604971502e-07,21.582401248078874,3.0981939093692237,21.6406041822643,1.6517880604971502e-07,1.554066987770983,1.5703842780906694,0.0015596330049447715,0.0,0.0,0.0,0.0,0.0,0.0,0.0,0.0,0.0,0.0,0.0,0.0,1.5517457102512338,1.5706023375612053
3.848206043243408,0.007940370190483778,0.06370490227282648,1.000059643842148,0.9999772825672117,-0.0005596537040066961,-0.006693969563393298,-0.0005584878804562314,0.0026849996253000778,0.021543724041805854,0.0009018006811027994,0.0010339316940522103,-0.004615104802174229,-0.0004954466955438848,0.0,0.0,1.0,19.73276334157867,3.4350749555458746,19.781633536424742,0.20417971548980504,21.57881676800162,3.0986861667415275,21.63684717615131,0.20417971548632616,1.555066828963914,1.5707963267948963,0.0013180789828766137,0.0,0.0,0.0,0.0,0.0,0.0,0.0,0.0,0.0,0.0,0.0,0.0,1.5520773213254837,1.5705711862082716
3.8597452640533447,0.007966441422584562,0.06392050870034177,1.000068871455861,0.9999771478859308,-0.0005539502000363153,-0.0067143309302441865,-0.0005608968318906646,0.0026071232100783924,0.021560642751529465,0.0009227613712803831,0.0011397090311998077,-0.004071454466079908,-0.0004917092647297496,0.0,0.0,1.0,19.736297359177613,3.4204067200118464,19.786138596984983,1.641721819600761e-07,21.574338525004364,3.0860132206928257,21.633457214279286,1.641721819600761e-07,1.5552481204310789,1.5703877121813679,0.0017559389816597104,0.0,0.0,0.0,0.0,0.0,0.0,0.0,0.0,0.0,0.0,0.0,0.0,1.5525043938452594,1.570603349149218
3.8688082695007324,0.007991555521170014,0.06413627463782633,1.0000782837798636,0.9999770322985904,-0.0005477629855526237,-0.006731830783185183,-0.0005632808571398324,0.002511409858545272,0.021576593748454987,0.0009412324002606606,0.0012361635082190161,-0.003499087620954325,-0.00048705453089666685,0.0,0.0,1.0,19.74051104871264,3.4186215927997567,19.79007031108284,0.2032778299587651,21.570593981972046,3.0862790692856614,21.62943334246025,0.20327782995537177,1.5562771135752316,1.5707963267948963,0.0017367519903928041,0.0,0.0,0.0,0.0,0.0,0.0,0.0,0.0,0.0,0.0,0.0,0.0,1.5528963547860908,1.5705725438680964
3.8784701824188232,0.008015717747732918,0.0643521864802937,1.0000878742803432,0.9999769356502783,-0.0005410938754642228,-0.006746513212948559,-0.0005656362492261346,0.002416222656290367,0.02159118424673675,0.0009590500479473034,0.0013322636409735158,-0.002935539276759557,-0.0004816660481525273,0.0,0.0,1.0,19.74420959042089,3.4035740460913773,19.79463923122843,1.6356192533706349e-07,21.565996531812623,3.073479803721233,21.625803693456046,1.6356192536481906e-07,1.556489544457954,1.570391312676426,0.0014580199785996228,0.0,0.0,0.0,0.0,0.0,0.0,0.0,0.0,0.0,0.0,0.0,0.0,1.5533793203273967,1.5706045128576394
3.8890554904937744,0.008038758566146588,0.0645682330862121,1.000097613887531,0.9999768588501587,-0.0005339925317484413,-0.006758257064687972,-0.0005679591492380827,0.002304081841367082,0.021604660591839634,0.0009739607187783533,0.0014184219289375332,-0.0023477650648230774,-0.00047543074244736595,0.0,0.0,1.0,19.748553231594897,3.4014160349143645,19.798609257995416,0.20234410534058497,21.56215948474341,3.0736053363525726,21.621577589386618,0.2023441053372685,1.5575371510349025,1.5707963267948963,0.001468161994125694,0.0,0.0,0.0,0.0,0.0,0.0,0.0,0.0,0.0,0.0,0.0,0.0,1.5538236380603334,1.5705740556888945
3.8986940383911133,0.008060690984117911,0.06478439950787256,1.0001074920745356,0.9999768015515406,-0.0005264639861274946,-0.006767127431709675,-0.0005702462161508578,0.002193241797132307,0.021616642166046383,0.0009878187004698413,0.0015035844449745564,-0.0017730103614385744,-0.0004685326174238784,0.0,0.0,1.0,19.752355875420584,3.3861219150485873,19.80317968585132,1.6536880542705745e-07,21.55751084996406,3.060768370441187,21.61777422852461,1.6536880542705745e-07,1.557770519696473,1.5703950235183517,0.0014718830061610788,0.0,0.0,0.0,0.0,0.0,0.0,0.0,0.0,0.0,0.0,0.0,0.0,1.5543541399138432,1.5706058087040375
3.908642053604126,0.008081355336660474,0.06500067334010497,1.000117476248727,0.9999767644645774,-0.0005185604759062864,-0.006773025666717851,-0.0005724939368779525,0.0020664352542562924,0.02162738322324118,0.0009984174191339358,0.0015782920361643812,-0.001178531771953953,-0.000460855800267837,0.0,0.0,1.0,19.756769199265023,3.383722645638551,19.807127264362276,0.2013922788052811,21.55364857956256,3.0608403352187343,21.613412833649146,0.20139227880199176,1.5588263854053444,1.5707963267948963,0.001630476996069774,0.0,0.0,0.0,0.0,0.0,0.0,0.0,0.0,0.0,0.0,0.0,0.0,1.5548421941685047,1.5705756965346538
3.9195854663848877,0.008100773310885512,0.06521703850403211,1.000127552590071,0.9999767470497565,-0.0005102897425006734,-0.00677603754875892,-0.0005746993178079709,0.0019417974225038415,0.02163651639271437,0.001007634134397882,0.0016514638765465215,-0.0006012102882669588,-0.0004525838778691183,0.0,0.0,1.0,19.760616564342037,3.368315093709878,19.811639844900533,1.675362892306076e-07,21.549015714222545,3.0480533622014407,21.609503060539343,1.675362892306076e-07,1.5590706678521402,1.5703987887362174,0.0017536130035296082,0.0,0.0,0.0,0.0,0.0,0.0,0.0,0.0,0.0,0.0,0.0,0.0,1.5554113643451961,1.57060721514326
3.929090976715088,0.008118795986758345,0.06543348154742949,1.0001376857518707,0.9999767498179911,-0.0005017060426687063,-0.006776086480740637,-0.0005768591690347717,0.0018022675872833296,0.021644304339738036,0.001013316179963497,0.0017137789072999312,-8.57537797566523e-06,-0.00044359757097421377,0.0,0.0,1.0,19.765040990868346,3.3658064472520914,19.815507330928604,0.2004360724331515,21.545193955263905,3.048158004606515,21.60507355475865,0.20043607242988204,1.5601248379853674,1.5707963267948963,0.0013944240054115653,0.0,0.0,0.0,0.0,0.0,0.0,0.0,0.0,0.0,0.0,0.0,0.0,1.5559341219890452,1.5705774399422539
3.9384849071502686,0.008135454510720714,0.06564998548551898,1.0001478593943522,0.9999767720416949,-0.0004928192970560182,-0.006773278305195941,-0.0005789708237821896,0.0016658523962368602,0.02165039380894913,0.0010173642481598657,0.0017741242934279147,0.0005628893349043394,-0.0004340802618621392,0.0,0.0,1.0,19.768875683299687,3.350417032302912,19.81990624996742,1.69849792341914e-07,21.540641458537184,3.035506966275706,21.601124229702464,1.6984979236966957e-07,1.5603703731753398,1.5704025534147432,0.0013903469953220338,0.0,0.0,0.0,0.0,0.0,0.0,0.0,0.0,0.0,0.0,0.0,0.0,1.5565327957028054,1.5706087094926313
3.949094533920288,0.008150611370744127,0.0658665360476571,1.000158036230514,0.9999768140348076,-0.00048368521290852737,-0.0067675581955192665,-0.0005810313957401188,0.0015156860023412197,0.021655056213812213,0.0010176836161724294,0.0018233248145227308,0.0011453130198413714,-0.000423909699173856,0.0,0.0,1.0,19.7732544801833,3.3479292843933295,19.823640296801422,0.1994890098692825,21.53692247889624,3.0357292435388605,21.596693181923122,0.1994890098660286,1.561413436667276,1.5707963267948963,0.0013061169884167612,0.0,0.0,0.0,0.0,0.0,0.0,0.0,0.0,0.0,0.0,0.0,0.0,1.5570810210560246,1.5705792586243617
3.9586617946624756,0.00816430775967651,0.06608311557797511,1.0001681982067154,0.9999768748881115,-0.0004743153437366659,-0.0067590517111207615,-0.0005830385315679177,0.0013696388932382894,0.021657953031800896,0.0010161976201481253,0.0018702310826952408,0.0017026228012089382,-0.00041327012139631773,0.0,0.0,1.0,19.777020515215295,3.3326861927345455,19.82787507372249,1.7218171449728814e-07,21.53251004211748,3.02329752044077,21.59277072180599,1.7218171446953257e-07,1.5616510558633911,1.5704062644387584,0.0014244329940993339,0.0,0.0,0.0,0.0,0.0,0.0,0.0,0.0,0.0,0.0,0.0,0.0,1.5576999375719176,1.5706102683630094
3.969125986099243,0.008176418109739458,0.06629970922410151,1.0001783069190167,0.9999769547320806,-0.000464766276145688,-0.006747724370849265,-0.0005849896409709696,0.001211035006294773,0.021659364612640578,0.0010108712301127537,0.001905818542821613,0.0022668221821794355,-0.00040203752834776273,0.0,0.0,1.0,19.78129964765543,3.330346292556106,19.83142699865149,0.19856425953602497,21.528951813915334,3.0237202980481,21.58840272304236,0.19856425953278478,1.5626742471944528,1.5707963267948963,0.0013428560050670058,0.0,0.0,0.0,0.0,0.0,0.0,0.0,0.0,0.0,0.0,0.0,0.0,1.558264383042128,1.5705811249452593
3.978515386581421,0.008186994163989164,0.06651629889960632,1.0001883434074383,0.9999770524951481,-0.00045505064770145196,-0.006733719680723144,-0.0005868826861225805,0.0010576054249704927,0.02165896755048103,0.0010036488421606988,0.001938896727374818,0.0028023180857491567,-0.00039039876214896793,0.0,0.0,1.0,19.784945421889944,3.3153727781489555,19.835450725388878,1.7446047673175258e-07,21.524735925335715,3.0115879804044816,21.584569627514668,1.7446047675950815e-07,1.5628953489069433,1.5704098710749175,0.0013294389937072992,0.0,0.0,0.0,0.0,0.0,0.0,0.0,0.0,0.0,0.0,0.0,0.0,1.5588943636353174,1.5706118680666359
3.9888482093811035,0.008195922642287178,0.06673286941152477,1.00019826896686,0.999977168141027,-0.0004452253652507689,-0.006717022050438637,-0.0005887153829971639,0.0008928478298013238,0.02165705119184475,0.0009925559421717187,0.001960593838638151,0.0033409252203192327,-0.00037822987572982264,0.0,0.0,1.0,19.78907552202181,3.3133028989818163,19.838775472974724,0.19767449535132317,21.52139303807913,3.0122913026076517,21.580324863303183,0.1976744953480949,1.5638906019221166,1.5707963267948963,0.0012319059751462191,0.0,0.0,0.0,0.0,0.0,0.0,0.0,0.0,0.0,0.0,0.0,0.0,1.5594659329598355,1.5705830113535333
3.998936176300049,0.008203266149521281,0.06694940248540249,1.0002080645248799,0.9999773004550586,-0.0004353036101920463,-0.0066977915487427455,-0.0005904860302125479,0.0007343507234103929,0.02165330738777084,0.0009795558019811002,0.0019796745336781284,0.003847516162490182,-0.0003657223266842705,0.0,0.0,1.0,19.792553667725617,3.298715934052604,19.8425455340204,1.7659659445889986e-07,21.517425877633755,3.0005344623559145,21.576639463570697,1.7659659445889986e-07,1.5640872058201343,1.570413325439647,0.0016093100130092353,0.0,0.0,0.0,0.0,0.0,0.0,0.0,0.0,0.0,0.0,0.0,0.0,1.5600980285258756,1.5706134849880138
4.008648633956909,0.008208923847313247,0.06716588282942434,1.0002176918736652,0.9999774492529211,-0.00042534207099668796,-0.006676030076041888,-0.000592192679676978,0.0005657697791966226,0.021648034402185188,0.0009627348785238094,0.0019874194436331535,0.004353720080978224,-0.00035275406535586004,0.0,0.0,1.0,19.796489530676727,3.2970321185370075,19.845602519846526,0.19683176400841046,21.51434826353078,3.001594732011657,21.572573837749758,0.19683176400519345,1.5650471921280886,1.5707963267948963,0.001569047017255798,0.0,0.0,0.0,0.0,0.0,0.0,0.0,0.0,0.0,0.0,0.0,0.0,1.560667910996484,1.5705848907668185
4.019196033477783,0.008212969352299164,0.06738229222190245,1.000227132603076,0.9999776131979647,-0.00041535394943169513,-0.006651912895877433,-0.0005938340050478202,0.0004045504985916212,0.021640939247811075,0.0009440729410942256,0.0019925453008323756,0.00482486876520509,-0.00033952284389620946,0.0,0.0,1.0,19.799756688113625,3.282941102695241,19.84908097760533,1.7848782962737175e-07,21.5106769215573,2.990284580976058,21.569090131562877,1.7848782962737175e-07,1.565211975369512,1.5704165828961918,0.0012479359866119921,0.0,0.0,0.0,0.0,0.0,0.0,0.0,0.0,0.0,0.0,0.0,0.0,1.5612935225867133,1.5706150959136869
4.028868675231934,0.008215314254838119,0.06759861551079913,1.0002363497420763,0.9999777919793895,-0.0004053952044866623,-0.006625457836627509,-0.0005954084392447567,0.00023449025389542333,0.021632328889667162,0.000921713900023405,0.001986482669310514,0.00529244480732165,-0.0003259098549405363,0.0,0.0,1.0,19.803457267783113,3.2817519297254134,19.851834188407008,0.19604734668620089,21.507909475204453,2.991773600452308,21.56525496149249,0.19604734668299534,1.5661301276170958,1.5707963267948963,0.0016232890193350613,0.0,0.0,0.0,0.0,0.0,0.0,0.0,0.0,0.0,0.0,0.0,0.0,1.5618533015556846,1.5705867369111877
4.038435697555542,0.008216043218764598,0.06781483476259936,1.0002453262436155,0.9999779841620033,-0.00039547855836740423,-0.006596853825440891,-0.0005969150805399497,7.289639264791237e-05,0.021621925180023045,0.000897650153923068,0.001977898108713641,0.005722232898055866,-0.0003121199601081048,0.0,0.0,1.0,19.806474404768277,3.268257407886375,19.854987603611924,1.8002675364336973e-07,21.504576043808694,2.98097551040028,21.56202212742797,1.8002675364336973e-07,1.566256450353155,1.5704196024331738,0.0015279760118573904,0.0,0.0,0.0,0.0,0.0,0.0,0.0,0.0,0.0,0.0,0.0,0.0,1.5624642767073147,1.570616678323146
4.049057960510254,0.008215080457182505,0.06803093519669295,1.0002540270577784,0.9999781893308315,-0.00038565876293957636,-0.006566133101327336,-0.0005983527785211909,-9.627615820922774e-05,0.021610043409359344,0.0008700814162916872,0.0019583676862880164,0.006145566281575811,-0.00029803484567106277,0.0,0.0,1.0,19.809904071689793,3.2676626895608822,19.857404822040273,0.19533161482382114,21.50215959865517,2.982959431980222,21.558462878109413,0.19533161482062852,1.5671269603203826,1.5707963267948963,0.0012579169997479767,0.0,0.0,0.0,0.0,0.0,0.0,0.0,0.0,0.0,0.0,0.0,0.0,1.5630060157995775,1.5705885246245785
4.0588459968566895,0.008212522079416746,0.06824689939377054,1.0002624371634508,0.9999784059731083,-0.00037594758629751017,-0.006533497193883216,-0.0005997210294943147,-0.00025583777657589514,0.021596419707759093,0.0008410105672380508,0.001936507296553484,0.006528591305797302,-0.00028385401142618503,0.0,0.0,1.0,19.812638876751024,3.2548551092816886,19.860203288347606,1.8110907332169468e-07,21.499202590377255,2.9727319465699686,21.55552299460197,1.8110907334945026e-07,1.567208849652507,1.5704223470342213,0.001375638006720692,0.0,0.0,0.0,0.0,0.0,0.0,0.0,0.0,0.0,0.0,0.0,0.0,1.5635947221596926,1.5706182106489097
4.0686469078063965,0.008208304652482958,0.06846271316661776,1.0002705240678191,0.9999786335882825,-0.00036639812884681444,-0.006498991873322892,-0.000601019096918038,-0.0004217426933787736,0.02158137728472073,0.000808690436839361,0.0019040324653253665,0.0069024555195514375,-0.00026946440987605174,0.0,0.0,1.0,19.81576739517226,3.2549445188413424,19.862257303599723,0.1946938818945517,21.497172447646616,2.97527013258328,21.552279069450726,0.19469388189137454,1.5680266801063867,1.5707963267948963,0.001600024988874793,0.0,0.0,0.0,0.0,0.0,0.0,0.0,0.0,0.0,0.0,0.0,0.0,1.5641110260872375,1.5705902301325256
4.07921290397644,0.008202535287127343,0.06867835982486455,1.0002782753738735,0.9999788706070621,-0.0003570207600918793,-0.006462830193388074,-0.0006022470378013945,-0.0005769365355615422,0.021564665824678766,0.000775130605436671,0.0018695082003176349,0.0072337067147926655,-0.0002550932131235093,0.0,0.0,1.0,19.81818973107219,3.2429029454004024,19.864676943729854,1.8164746878879257e-07,21.494622846876975,2.965663697126249,21.549670760991553,1.8164746878879257e-07,1.5680589004677803,1.5704247840600019,0.0014003300166223198,0.0,0.0,0.0,0.0,0.0,0.0,0.0,0.0,0.0,0.0,0.0,0.0,1.5646704052328302,1.5706196725128643
4.089158058166504,0.008195162380499627,0.0688938259841184,1.00028566168755,0.9999791164668523,-0.0003478665273547632,-0.006425069791478582,-0.0006034046974159255,-0.0007372906627716415,0.021546615925385742,0.0007386313676513927,0.0018247808490751668,0.0075534238865548236,-0.000240633618039684,0.0,0.0,1.0,19.820988108245185,3.243754832273369,19.866345365987776,0.19414224312632505,21.493007606138697,2.968807331900165,21.546778666544625,0.19414224312316675,1.5688198357921972,1.5707963267948963,0.001334768981905654,0.0,0.0,0.0,0.0,0.0,0.0,0.0,0.0,0.0,0.0,0.0,0.0,1.5651544759806801,1.5705918313053124
4.098500728607178,0.008186303552556236,0.06910909588447936,1.0002926737211477,0.9999793695666669,-0.00033894401188435134,-0.0063859334922729835,-0.0006044927149277128,-0.0008858827943390927,0.021526990036096226,0.0007012033597759309,0.0017783623137759635,0.007828574093701827,-0.00022631112898791153,0.0,0.0,1.0,19.82306989308817,3.2325461343643487,19.868366642840197,1.8158034043036508e-07,21.49089005043161,2.959863358452113,21.544536639107136,1.8158034043036508e-07,1.5687979375426093,1.5704268856459807,0.0013661980046890676,0.0,0.0,0.0,0.0,0.0,0.0,0.0,0.0,0.0,0.0,0.0,0.0,1.565678098810897,1.5706210449466815
4.109256029129028,0.008175918301062604,0.06932415713969005,1.0002992855952255,0.9999796293072426,-0.0003303018699700912,-0.0063454887160098936,-0.0006055115036884029,-0.0010385251493630922,0.021506125521068276,0.0006611874077691732,0.0017222194346440717,0.008090233998317781,-0.00021201807208440647,0.0,0.0,1.0,19.825511927209327,3.2342268755269967,19.869631760370876,0.19368348210079997,21.48971149506481,2.963654857710708,21.54202806643913,0.19368348209766464,1.5694986125088832,1.5707963267948963,0.0015760149981360883,0.0,0.0,0.0,0.0,0.0,0.0,0.0,0.0,0.0,0.0,0.0,0.0,1.5661237900582845,1.5705933079037242
4.118635177612305,0.008164134124597443,0.06953899510507282,1.000305491490148,0.9999798940815383,-0.000321946547778326,-0.0063039659422380444,-0.0006064622798279076,-0.0011784176465160607,0.021483796538276548,0.000620589492241773,0.0016648127579101035,0.00830579626915037,-0.00019798000016270936,0.0,0.0,1.0,19.82722821537813,3.2239051370031913,19.87123975065332,1.808745471454376e-07,21.488043724834963,2.9554051779001584,21.540181693553897,1.808745471454376e-07,1.56941892635911,1.5704286288486025,0.0012063199828844517,0.0,0.0,0.0,0.0,0.0,0.0,0.0,0.0,0.0,0.0,0.0,0.0,1.566605907551227,1.570622310602463
4.1292335987091064,0.00815092076724793,0.06975359857038886,1.0003112693226126,0.9999801632789965,-0.00031392401813314997,-0.006261440013971349,-0.0006073460099974526,-0.0013213357349511905,0.02146034653160403,0.0005777832464760193,0.0015982187276475108,0.008506384028846915,-0.0001840863642757454,0.0,0.0,1.0,19.829291120369813,3.2264684388264797,19.8720882114889,0.19332299006270098,21.48731692160375,2.959877439025825,21.538082603378808,0.19332299005959283,1.5700567963260508,1.5707963267948963,0.001462562009692192,0.0,0.0,0.0,0.0,0.0,0.0,0.0,0.0,0.0,0.0,0.0,0.0,1.5670077673809246,1.570594641780483
4.139028549194336,0.008136414842751656,0.06996795417213268,1.0003166169621789,0.999980435310838,-0.00030623828880595183,-0.006218146801705823,-0.0006081644613544101,-0.0014505924496274508,0.0214355601743825,0.0005347639566222541,0.0015308487247040956,0.008659796324749438,-0.00017056057167625524,0.0,0.0,1.0,19.83062049280562,3.21707451947583,19.873272337169304,1.8111055147262967e-07,21.48610984905974,2.95234376756383,21.536655281389397,1.8111055147262967e-07,1.5699164288693752,1.5704299957621297,0.0017573160002939403,0.0,0.0,0.0,0.0,0.0,0.0,0.0,0.0,0.0,0.0,0.0,0.0,1.567443342944514,1.5706234539253991
4.148882150650024,0.008120595346707718,0.07018205203434173,1.0003215162584422,0.9999807095788813,-0.000298932404483276,-0.006174166100616843,-0.0006089191213381103,-0.001581949604393803,0.02140978622090507,0.0004899296263415248,0.0014548770586310343,0.008797244071750546,-0.00015728778115773465,0.0,0.0,1.0,19.832285140902503,3.2205610637504862,19.87369511882948,0.1930647080106586,21.485842988505176,2.9575197026937174,21.53498544663518,0.1930647080075544,1.5704897538916311,1.5707963267948963,0.001755270001012832,0.0,0.0,0.0,0.0,0.0,0.0,0.0,0.0,0.0,0.0,0.0,0.0,1.56779664093378,1.5705958170449321
4.158217906951904,0.008103607129539926,0.07039588022012849,1.0003259688453534,0.9999809845346704,-0.0002920076747675434,-0.006129736819126721,-0.0006096122677875203,-0.0016988217167791702,0.0213828185786762,0.000445258691119161,0.001378668977988329,0.008886909174506375,-0.00014448774645012366,0.0,0.0,1.0,19.833209953941992,3.212122487488993,19.87444913005491,1.8449945593523864e-07,21.485100592580665,2.9507133934235665,21.533994199695734,1.8449945593523864e-07,1.5702865730681372,1.5704309735744502,0.0012379320105537772,0.0,0.0,0.0,0.0,0.0,0.0,0.0,0.0,0.0,0.0,0.0,0.0,1.5681813713563302,1.570624461294927
4.169025182723999,0.00808543733531678,0.07060943032512167,1.0003299604926958,0.9999812596135944,-0.00028550401823633026,-0.006084941170410422,-0.0006102458659831265,-0.0018169794223146193,0.021355010499317983,0.0003991647342378571,0.0012944842842672888,0.008960126561449486,-0.00013204069717151154,0.0,0.0,1.0,19.834461167548202,3.2165598881356687,19.874441506110596,0.19291110594083558,21.485294998643308,2.9566057384953037,21.53276686276563,0.19291110593767472,1.5707943861018532,1.5707963267948961,0.001619932008907199,0.0,0.0,0.0,0.0,0.0,0.0,0.0,0.0,0.0,0.0,0.0,0.0,1.568482114458017,1.5705968201920018
4.1783223152160645,0.008066238077213086,0.07082269196260449,1.0003334965277886,0.9999815333264915,-0.0002794198290848674,-0.006040018728318564,-0.000610822657758261,-0.0019199258103694708,0.021326163748282907,0.0003536035092759468,0.0012106459602034378,0.008985428659569807,-0.00012016206584111491,0.0,0.0,1.0,19.834967858369122,3.2090909918553794,19.87476343339802,1.8719001648737077e-07,21.48501445843857,2.9505277730912534,21.532222093699968,1.8719001648737077e-07,1.5705269928508931,1.5704315545159986,0.0013797770079690963,0.0,0.0,0.0,0.0,0.0,0.0,0.0,0.0,0.0,0.0,0.0,0.0,1.568812438978565,1.5706253211352723
4.1889259815216064,0.008046003455505006,0.07103565831496063,1.0003365664840975,0.9999818051602721,-0.00027379174865955623,-0.005995051603099155,-0.0006113450398823503,-0.0020234621708079656,0.021296635235613304,0.000306995630904896,0.0011194860628602223,0.008994304089135315,-0.00010872708802262022,0.0,0.0,1.0,19.83579469426851,3.2144939956300562,19.874324928692342,0.19286321190439026,21.48566482305505,2.95713911691906,21.53144384589965,0.19286321190117778,1.5709690590503316,1.5707963267948961,0.001413116988260299,0.0,0.0,0.0,0.0,0.0,0.0,0.0,0.0,0.0,0.0,0.0,0.0,1.5690573752460404,1.5705976401896617
4.198347806930542,0.008024891795847686,0.07124832064630228,1.0003391791755458,0.9999820737003533,-0.000268615081034598,-0.005950277712095843,-0.0006118161717118366,-0.0021111659657320468,0.021266233134164626,0.0002612691448209859,0.0010292900412621853,0.008955595999686658,-9.794695089379949e-05,0.0,0.0,1.0,19.83587403017607,3.2079964252194806,19.87421705221861,1.8912378782487416e-07,21.48583684031812,2.9517804139516275,21.531349356629665,1.8912378785262973e-07,1.5706367524894487,1.5704317356615194,0.0014129880000837147,0.0,0.0,0.0,0.0,0.0,0.0,0.0,0.0,0.0,0.0,0.0,0.0,1.5693304729323676,1.5706260239904095
4.208379507064819,0.0080029028960949,0.07146067381737957,1.000341327612507,0.9999823384994431,-0.0002639230772901141,-0.0059057766126304635,-0.0006122388390370334,-0.002198889975278494,0.021235317107728538,0.00021484369611403278,0.0009324498569054559,0.008900972309379467,-8.769255979669907e-05,0.0,0.0,1.0,19.836270018123358,3.2143673306335785,19.873351438587413,0.19292063668369888,21.48693162018082,2.959103436540275,21.53102027458263,0.19292063668044046,1.5710135169325512,1.5707963267948961,0.001279232994420454,0.0,0.0,0.0,0.0,0.0,0.0,0.0,0.0,0.0,0.0,0.0,0.0,1.569517084297665,1.5705982685148538
4.218826770782471,0.007980200188156093,0.07167271081960006,1.000343023770657,0.9999825982288545,-0.00025970780961715123,-0.005861782344257114,-0.0006126165778105113,-0.0022702707938807285,0.021203700222048733,0.00016961581498975566,0.0008372191868703328,0.00879954114626562,-7.817128245700712e-05,0.0,0.0,1.0,19.835917360572978,3.2088305165392805,19.87282029545698,1.9020928440638407e-07,21.48754090710149,2.9544451576160884,21.531373478948524,1.9020928440638407e-07,1.5706162554471612,1.5704315187924445,0.0013177760120015591,0.0,0.0,0.0,0.0,0.0,0.0,0.0,0.0,0.0,0.0,0.0,0.0,1.5697308603883628,1.5706265625548599
4.229506015777588,0.007956787863924864,0.07188442825956885,1.0003442637453805,0.9999828525175126,-0.00025599906339994255,-0.0058183695841157144,-0.0006129525269262762,-0.0023412324231229277,0.021171743996880227,0.0001239974723557389,0.0007360366166448534,0.008683170913802654,-6.925054371335658e-05,0.0,0.0,1.0,19.83588073918047,3.2161596920215842,19.871535606427585,0.19308163294185615,21.489062879826914,2.9624629798208293,21.53148744543312,0.19308163293855962,1.5709288017356604,1.5707963267948961,0.0014671630051452667,0.0,0.0,0.0,0.0,0.0,0.0,0.0,0.0,0.0,0.0,0.0,0.0,1.5698573453967626,1.5705986991602292
4.238881826400757,0.007932833319069393,0.07209582090802584,1.0003450622606227,0.9999831001299402,-0.0002527855727890732,-0.005775766417626796,-0.0006132505659744808,-0.0023954544855470878,0.021139264845698336,7.985152421833769e-05,0.0006371302154453566,0.00852118453607101,-6.113461366500591e-05,0.0,0.0,1.0,19.83509624543295,3.2115616256314703,19.870591969972068,1.9039611584559246e-07,21.490088809951104,2.9584771339489255,21.532279783696723,1.9039611584559246e-07,1.5704671674788302,1.5704309101733382,0.0013139689981471747,0.0,0.0,0.0,0.0,0.0,0.0,0.0,0.0,0.0,0.0,0.0,0.0,1.5700104105880337,1.5706269316794674
4.24835729598999,0.007908343812952983,0.07230688716032754,1.0003454180309277,0.9999833407779005,-0.00025009361675238214,-0.005734040480055114,-0.0006135141602013617,-0.0024489506116409524,0.021106625230169842,3.557703049377075e-05,0.0005329720925155552,0.008345667964741458,-5.368851779967708e-05,0.0,0.0,1.0,19.83463012423412,3.2198283041917817,19.868900462360337,0.19334318390087046,21.492015780766046,2.9671639466757815,21.53282498239388,0.1933431838975447,1.5707171672846088,1.5707963267948961,0.0014542479766532779,0.0,0.0,0.0,0.0,0.0,0.0,0.0,0.0,0.0,0.0,0.0,0.0,1.5700756615724332,1.5705989286071633
4.258858919143677,0.007883489545862543,0.07251762359376383,1.0003453480589113,0.9999835733226071,-0.000247908517244759,-0.005693412009535463,-0.0006137475099940605,-0.00248542670904391,0.02107364334362847,-6.997201634741158e-06,0.0004317714169958146,0.008126105212338657,-4.711435275233233e-05,0.0,0.0,1.0,19.83341890195427,3.216136607561774,19.867559267994015,2.194984071168804e-07,21.493433156971086,2.963814295004987,21.534042446220937,2.194984071168804e-07,1.5701923222467131,1.570429920258597,0.0012958820152562112,0.0,0.0,0.0,0.0,0.0,0.0,0.0,0.0,0.0,0.0,0.0,0.0,1.570167305245601,1.570627128348268
4.268351316452026,0.007858279516426921,0.07272803041046068,1.0003448531725148,0.9999837975617027,-0.0002462530370880219,-0.005653939645920182,-0.0006139543930869951,-0.0025210029435621777,0.021040681669684633,-4.948863965858987e-05,0.0003260209236672264,0.007894811849246395,-4.127637277397016e-05,0.0,0.0,1.0,19.832531282880957,3.2253100207418264,19.86547737580173,0.19370107078570656,21.49573868120671,2.9731363312876957,21.535002015804416,0.1937010707818352,1.5703819751916663,1.5707963267948961,0.0013797459832858294,0.0,0.0,0.0,0.0,0.0,0.0,0.0,0.0,0.0,0.0,0.0,0.0,1.5701708791029028,1.5705989557640292
4.27885627746582,0.007832885575136044,0.07293810599648629,1.0003439521607187,0.9999840124532261,-0.00024510904033831296,-0.005615834078471698,-0.0006141393220765033,-0.0025393941290876546,0.021007558602560834,-9.010117960118596e-05,0.00022391809485043223,0.0076213825878937375,-3.6375707304147824e-05,0.0,0.0,1.0,19.830903358016567,3.2224828407421224,19.863757542671976,2.3574960830718972e-07,21.497518587584512,2.970379147339154,21.536625846994006,2.3574960830718972e-07,1.5697956018488481,1.5704285635159765,0.001412075012922287,0.0,0.0,0.0,0.0,0.0,0.0,0.0,0.0,0.0,0.0,0.0,0.0,1.5702010356870117,1.5706271516255816
4.288739442825317,0.007807317148409192,0.07314785235389294,1.0003426474831179,0.9999842178806039,-0.0002444957922386849,-0.0055791432311035226,-0.0006143063816292987,-0.0025568426726851534,0.020974635740666128,-0.0001304677600852858,0.0001179634353352769,0.007338366398683911,-3.227627242349796e-05,0.0,0.0,1.0,19.829607161760695,3.232523192849979,19.861305548349502,0.19415017726551603,21.500172895137702,2.9802955306011127,21.5379784260019,0.19415017726131062,1.5699275921817741,1.5707963267948961,0.001729869982227683,0.0,0.0,0.0,0.0,0.0,0.0,0.0,0.0,0.0,0.0,0.0,0.0,1.5701431165672741,1.570598781895638
4.297977924346924,0.007781746600591403,0.07335726965489164,1.0003409592792667,0.9999844128957219,-0.00024439167906839304,-0.005544066803502157,-0.000614460399686937,-0.0025570547817789723,0.020941730099870846,-0.00016882038512291896,1.635044908677099e-05,0.007015412731923964,-2.9180130247865873e-05,0.0,0.0,1.0,19.827577307359743,3.2305110459946653,19.859229738334324,2.486816910451939e-07,21.502283299920833,2.978081286782306,21.53998564511697,2.4868169107294946e-07,1.5692818555167312,1.5704268573826514,0.0011641789751593024,0.0,0.0,0.0,0.0,0.0,0.0,0.0,0.0,0.0,0.0,0.0,0.0,1.5701123273693456,1.570627002595532
4.309070825576782,0.007756182515459973,0.07356636166968822,1.000338891146265,0.9999845974651794,-0.0002448125097578728,-0.005510640522455416,-0.0006146057836258894,-0.0025564085131430494,0.020909201479656855,-0.000206813300175377,-8.842483341447589e-05,0.006685312049254293,-2.6953208766926148e-05,0.0,0.0,1.0,19.825890088080357,3.2413713149059045,19.856431485870317,0.1946844735859722,21.50525397162724,2.988545677446498,21.541706048442467,0.19468447358147864,1.5693592550554802,1.570796326794896,0.0016937910113483667,0.0,0.0,0.0,0.0,0.0,0.0,0.0,0.0,0.0,0.0,0.0,0.0,1.5699936885332577,1.5705984104222634
4.318955183029175,0.007730796676095603,0.07377513030846279,1.000336464096847,0.9999847707293481,-0.00024573318317483255,-0.0054790519105062056,-0.0006147477015292503,-0.002538583936436987,0.02087686387745729,-0.00024270494178344092,-0.0001881626842651591,0.006317709819678833,-2.5800488143263116e-05,0.0,0.0,1.0,19.823477714444994,3.240118574283805,19.85402576865083,2.6103711117664297e-07,21.507660770822913,2.9868204020498292,21.544070256362986,2.6103711120439854e-07,1.5686567074737838,1.5704248224473627,0.001855927985161543,0.0,0.0,0.0,0.0,0.0,0.0,0.0,0.0,0.0,0.0,0.0,0.0,1.5699030551792894,1.5706266841897825
4.328391075134277,0.007705595610091188,0.07398358105132219,1.000333682406239,0.9999849327333417,-0.00024716608473308166,-0.0054493232951768255,-0.000614890920499361,-0.002520106600441545,0.02084507428593964,-0.0002781690607984893,-0.0002903800457552094,0.005945640907529133,-2.5592189625958116e-05,0.0,0.0,1.0,19.82142157583321,3.251745832278028,19.850908458372288,0.19529729472712085,21.510913641634147,2.9977822167080705,21.54613024641682,0.19529729472233662,1.5686829038170391,1.570796326794896,0.0012688050046563148,0.0,0.0,0.0,0.0,0.0,0.0,0.0,0.0,0.0,0.0,0.0,0.0,1.5697250055070744,1.5705978467980082
4.338846445083618,0.007680749478169627,0.07419171747301415,1.000330567558667,0.9999850826988639,-0.00024908262341424517,-0.005421629106246859,-0.0006150409955585986,-0.0024846131921560967,0.020813642169195595,-0.00031148475720247634,-0.000386863890172314,0.0055386894999276135,-2.6538336493344177e-05,0.0,0.0,1.0,19.81865048519456,3.2511922998827187,19.848201982261354,2.7062184249082577e-07,21.513581401597015,2.9964889578692446,21.54882227326717,2.7062184249082577e-07,1.5679264270887465,1.5704224815315622,0.0012880470021627843,0.0,0.0,0.0,0.0,0.0,0.0,0.0,0.0,0.0,0.0,0.0,0.0,1.5695761338370693,1.5706262010832779
4.348061561584473,0.00765626161100504,0.07439954668239944,1.0003271241170801,0.999985220743448,-0.00025149183370822475,-0.005395977358980427,-0.000615203117188819,-0.0024487867164586404,0.020782920938529185,-0.00034434415868630846,-0.00048515916207020587,0.005130134331909998,-2.851661191667743e-05,0.0,0.0,1.0,19.816251526145646,3.263530143615153,19.844795476780455,0.1959815777269505,21.517081502324316,3.007895597385864,21.551191347326043,0.19598157772191405,1.5679050421571195,1.570796326794896,0.0012371369812171906,0.0,0.0,0.0,0.0,0.0,0.0,0.0,0.0,0.0,0.0,0.0,0.0,1.5693404614444517,1.5705970982901756
4.3588547706604,0.007632299580216537,0.07460707382294336,1.0003233737050428,0.999985346161722,-0.00025436167470916103,-0.0053725287658756525,-0.0006153833099237392,-0.0023962030788503065,0.02075271405439275,-0.00037504120374607904,-0.0005770330017812221,0.004689440618044139,-3.1746037472872337e-05,0.0,0.0,1.0,19.813148764753166,3.263613500054211,19.841819570872275,2.8776502042360264e-08,21.51997451094414,3.0069766151399806,21.55418057096672,2.8776502014604688e-08,1.5670977101814922,1.57041985891864,0.0014934409991838038,0.0,0.0,0.0,0.0,0.0,0.0,0.0,0.0,0.0,0.0,0.0,0.0,1.5691354015462613,1.5706255595051357
4.369515419006348,0.007608862475939261,0.07481430752764498,1.000319320858817,0.9999854591370767,-0.00025769792332991804,-0.005351276342273557,-0.0006155872786670962,-0.0023437104277275215,0.020723370470161557,-0.0004052846225628593,-0.0006700690420577042,0.004250143589522389,-3.611326751081666e-05,0.0,0.0,1.0,19.810436542910978,3.2766043893489694,19.838154842480094,0.19673061916809764,21.52368785393525,3.0187755381128825,21.556826641387826,0.19673061916755322,1.5670324565467038,1.5707963267948966,0.0015920479781925678,0.0,0.0,0.0,0.0,0.0,0.0,0.0,0.0,0.0,0.0,0.0,0.0,1.5688443027798658,1.5705961737070648
4.37885856628418,0.007586114392000546,0.07502125438853743,1.000314987099249,0.9999855590269028,-0.00026146513070903014,-0.005332366956160434,-0.0006158216313875542,-0.002274808393871515,0.02069468608924474,-0.0004333759568194347,-0.0007560042646413732,0.0037814774081674695,-4.185110892338173e-05,0.0,0.0,1.0,19.807032083730338,3.2772660754857004,19.834941907510025,3.1582004983432554e-08,21.52677125138306,3.01817771110365,21.5600812428684,3.1582004983432554e-08,1.566177412027591,1.5704169775662988,0.0012809349864255637,0.0,0.0,0.0,0.0,0.0,0.0,0.0,0.0,0.0,0.0,0.0,0.0,1.5685854676036997,1.5706247670053266
4.388575315475464,0.007564049261888271,0.07522792443260372,1.0003103767100128,0.9999856460731325,-0.0002656658889566173,-0.0053157783083462124,-0.0006160927773636894,-0.0022065130112274896,0.02066700440662884,-0.0004610389236236807,-0.0008424672646410096,0.0033172712797347108,-4.887022362899254e-05,0.0,0.0,1.0,19.80403705140731,3.2908560193480714,19.83105080318049,0.19753676361919179,21.530664408092605,3.030320635526294,21.5629727204718,0.19753676361858397,1.5660717342198367,1.5707963267948966,0.0016295470122713596,0.0,0.0,0.0,0.0,0.0,0.0,0.0,0.0,0.0,0.0,0.0,0.0,1.5682414596642555,1.5705950827997512
4.399038553237915,0.007542826954806076,0.07543432555565312,1.000305510936503,0.9999857196872273,-0.00027026137023344654,-0.005301643280115157,-0.0006164080942332228,-0.002122230708219501,0.020640112304939392,-0.00048657735097063046,-0.0009211560800838208,0.002826493836147309,-5.7416647173652234e-05,0.0,0.0,1.0,19.800361744042924,3.292038475748573,19.827631778159056,3.221947689202587e-08,21.53390635581186,3.029992553192233,21.566461332393136,3.221947689202587e-08,1.5651718527555971,1.5704138642483059,0.0013623669801745564,0.0,0.0,0.0,0.0,0.0,0.0,0.0,0.0,0.0,0.0,0.0,0.0,1.5679314988864814,1.5706238319419148
4.408345699310303,0.007522435431375989,0.07564046902634144,1.0003003936526842,0.9999857801614829,-0.00027525107040596807,-0.0052899244269064005,-0.0006167748653304354,-0.0020391523430087497,0.020614347068832823,-0.000511728381895686,-0.0009997561319636781,0.002343205981119924,-6.742156381595531e-05,0.0,0.0,1.0,19.797114925961278,3.30617644727269,19.823544482803307,0.1983940882081953,21.537949200977895,3.042434610612811,21.569567462458146,0.19839408820756405,1.565029099996372,1.5707963267948966,0.0012752799957524985,0.0,0.0,0.0,0.0,0.0,0.0,0.0,0.0,0.0,0.0,0.0,0.0,1.5675372637249265,1.5705938365571135
4.418851137161255,0.0075030296941844985,0.0758463638771791,1.0002950457306898,0.9999858269520374,-0.00028059282099807787,-0.00528074096197394,-0.0006172014335181388,-0.0019405737191490304,0.020589485083764493,-0.0005347921994371437,-0.0010699164796104893,0.0018360809239182326,-7.914960944996442e-05,0.0,0.0,1.0,19.7931991203724,3.307827495499673,19.819948814575366,3.103227122491781e-08,21.541320695583956,3.042330468425232,21.573260412761062,3.103227122491781e-08,1.5640870812269871,1.570410539276776,0.0013913149887230247,0.0,0.0,0.0,0.0,0.0,0.0,0.0,0.0,0.0,0.0,0.0,0.0,1.5671789546208472,1.5706227637339396
4.428217887878418,0.007484591058435559,0.0760520224429156,1.0002894705455159,0.9999858603943638,-0.00028628310033208945,-0.005274040650644872,-0.0006176961584187982,-0.0018438635748939925,0.020565856573651155,-0.0005575185173898651,-0.0011393874515223425,0.0013394039466551023,-9.255365956646108e-05,0.0,0.0,1.0,19.789730361421704,3.322466401942038,19.81569313456149,0.19929678530798225,21.545486602369117,3.0550308861880286,21.57655258020305,0.199296785307363,1.563910240319421,1.5707963267948966,0.0013249189942143857,0.0,0.0,0.0,0.0,0.0,0.0,0.0,0.0,0.0,0.0,0.0,0.0,1.5667372584217243,1.5705924459543448
4.438774585723877,0.007467269140503939,0.07625745470301751,1.000283688564904,0.9999858799807898,-0.00029227643079372443,-0.0052699295584245865,-0.0006182685345448581,-0.0017321917931620598,0.020543226010190135,-0.0005781980611765457,-0.0011997596503847553,0.0008215198390233224,-0.0001079139859435393,0.0,0.0,1.0,19.785602876885736,3.3245372575257326,19.811947183566332,2.552070958727892e-07,21.54896269760209,3.0551083643713985,21.580422498716754,2.5520709584503365e-07,1.5629285298183895,1.570407022750718,0.0013529070129152387,0.0,0.0,0.0,0.0,0.0,0.0,0.0,0.0,0.0,0.0,0.0,0.0,1.5663333986928238,1.5706215717887093
4.448256015777588,0.0074510380576953104,0.07646267386081484,1.0002777026451304,0.999985886083673,-0.0002985663497703751,-0.005268341249120078,-0.0006189281599801535,-0.001623108280862812,0.02052191577973315,-0.0005985919773687716,-0.0012588573120869337,0.00031692459466138665,-0.00012520013856914548,0.0,0.0,1.0,19.78193924261848,3.339630756384367,19.807548299638906,0.20023885707199854,21.553228309662572,3.06802727827844,21.58387546115108,0.2002388570668093,1.5627203771584577,1.570796326794896,0.001398475025780499,0.0,0.0,0.0,0.0,0.0,0.0,0.0,0.0,0.0,0.0,0.0,0.0,1.5658469888536188,1.5705909219261391
4.458999395370483,0.007436041630141122,0.07666769063187863,1.000271532859462,0.9999858782253982,-0.00030510410656872964,-0.005269369108081661,-0.000619685778765415,-0.0014996427554189121,0.02050167710637813,-0.0006169785668328963,-0.0013082044189417353,-0.00020634121137197317,-0.0001446953412574147,0.0,0.0,1.0,19.777625807018534,3.342067678969248,19.80367583134738,2.421945173303186e-07,21.556787312362857,3.0682396464714983,21.587898712946018,2.421945173580742e-07,1.561701414211169,1.5704033357936602,0.0016249339969363064,0.0,0.0,0.0,0.0,0.0,0.0,0.0,0.0,0.0,0.0,0.0,0.0,1.5654003300400243,1.5706202654788186
4.468433856964111,0.007422246303158342,0.07687251887137335,1.0002651815402437,0.9999858568118021,-0.0003118803987040875,-0.005272932956275402,-0.0006205521895988773,-0.0013795326982780143,0.020482823949472186,-0.0006351319218339397,-0.0013557119895936537,-0.0007135691056844985,-0.00016635848563733096,0.0,0.0,1.0,19.773792855177124,3.3575579762715493,19.79915643907481,0.20121471383178713,21.561132897187242,3.0813268664433027,21.591489746345772,0.20121471382676684,1.5614651124426677,1.570796326794896,0.0012572949926834553,0.0,0.0,0.0,0.0,0.0,0.0,0.0,0.0,0.0,0.0,0.0,0.0,1.5648719134930449,1.570589275523796
4.478856325149536,0.007409789716539274,0.0770771698030129,1.000258668409672,0.9999858213923206,-0.000318843286854522,-0.0052791137806098894,-0.0006215391974869151,-0.0012456586619067878,0.020465093163953854,-0.0006513130571759505,-0.0013928339244174786,-0.0012369873379282936,-0.00019044574876171485,0.0,0.0,1.0,19.769318536681137,3.360291904066425,19.795181349073825,2.3077391703152372e-07,21.564754320295233,3.081613875842205,21.595644709724173,2.3077391703152372e-07,1.5604122548545023,1.570399498256172,0.0012047990167047828,0.0,0.0,0.0,0.0,0.0,0.0,0.0,0.0,0.0,0.0,0.0,0.0,1.5643852276287054,1.5706188542768103
4.4896650314331055,0.007398630193163627,0.07728165770133873,1.0002519953219067,0.9999857724076802,-0.00032598079063284665,-0.005287817620127145,-0.0006226584570599052,-0.0011159523375646914,0.02044878983258277,-0.0006673087765189926,-0.0014275834236484094,-0.001741610814915113,-0.00021687392311790468,0.0,0.0,1.0,19.765342407692255,3.3760964435599687,19.79056685853309,0.20221501410172332,21.56915904237787,3.0947974416091015,21.599352271070334,0.20221501409684595,1.5601521988413358,1.5707963267948961,0.0016652139893267304,0.0,0.0,0.0,0.0,0.0,0.0,0.0,0.0,0.0,0.0,0.0,0.0,1.5638176600895335,1.5705875177024333
4.498978137969971,0.007388898716608348,0.0774859940574557,1.0002451817444635,0.9999857094330658,-0.0003332379592294842,-0.005299113430469955,-0.0006239222390355616,-0.0009731476555279083,0.020433635611696373,-0.0006813577443248177,-0.0014513470180191053,-0.0022600178795995325,-0.0002458221680007909,0.0,0.0,1.0,19.760734727022417,3.3790229070597575,19.7865192767343,2.2085517803471788e-07,21.572818349221382,3.0950680120337863,21.60361738209631,2.2085517806247346e-07,1.5590707723910542,1.5703955451969738,0.001209852984175086,0.0,0.0,0.0,0.0,0.0,0.0,0.0,0.0,0.0,0.0,0.0,0.0,1.5632940227683625,1.5706173475727851
4.50949239730835,0.007380544890411401,0.07769019332353376,1.000238229161036,0.99998563294809,-0.0003406004256633112,-0.005312893365194278,-0.0006253421836341214,-0.0008353826196946465,0.020419926607806765,-0.0006952583427388,-0.001472262709554523,-0.00275685270629478,-0.0002771098960091403,0.0,0.0,1.0,19.756646595901348,3.3950130369578164,19.781846611879953,0.2032261378310645,21.57725279473909,3.108236322625893,21.607418444430817,0.2032261378263047,1.558794146152055,1.5707963267948961,0.002305483998497948,0.0,0.0,0.0,0.0,0.0,0.0,0.0,0.0,0.0,0.0,0.0,0.0,1.56269070128589,1.5705856615190978
4.518717527389526,0.007373692401295782,0.07789426701177223,1.0002311569518059,0.9999855425609653,-0.0003480105734932484,-0.00532921351216904,-0.0006269298467321854,-0.0006852489115619757,0.02040736882384622,-0.0007072209230132849,-0.0014816603125289997,-0.0032648971679390877,-0.00031077722695145213,0.0,0.0,1.0,19.751943016571637,3.397973410270101,19.777773182936137,2.073685541892356e-07,21.580913004669906,3.1083538442555163,21.611766956174538,2.073685541892356e-07,1.5576931780039212,1.570391529373403,0.0012439969868864864,0.0,0.0,0.0,0.0,0.0,0.0,0.0,0.0,0.0,0.0,0.0,0.0,1.562134050552485,1.5706157565584975
4.528127193450928,0.0073682813445266285,0.07809822950818394,1.000223966436736,0.9999854388037354,-0.00035545214004644305,-0.00534795067170236,-0.0006286953860749788,-0.0005411056769152715,0.02039624964117251,-0.000719051506981645,-0.0014878314255776614,-0.003748298500301932,-0.00034648837976928123,0.0,0.0,1.0,19.747789761991324,3.4139586361978878,19.77310127073199,0.20422783964268607,21.58533103885784,3.1213444525587644,21.615628801687205,0.20422783963813043,1.557411521585326,1.5707963267948961,0.0012558780144900084,0.0,0.0,0.0,0.0,0.0,0.0,0.0,0.0,0.0,0.0,0.0,0.0,1.5614996401884045,1.570583724103484
4.538578271865845,0.0073644271788908516,0.07830209210166944,1.0002166772208145,0.999985321333079,-0.0003628654245891785,-0.005369146139746901,-0.0006306479135772341,-0.00038541656357771555,0.020386259348549724,-0.0007289215921624138,-0.0014820669760139693,-0.004239950861989861,-0.0003840922037934563,0.0,0.0,1.0,19.743049448531103,3.4167310267122937,19.769076192264162,1.9161254438682107e-07,21.588934009313846,3.121122343217138,21.620019389683144,1.9161254438682107e-07,1.5563051282399858,1.5703875310854174,0.0013827549992129207,0.0,0.0,0.0,0.0,0.0,0.0,0.0,0.0,0.0,0.0,0.0,0.0,1.5609156232451076,1.5706140959165429
4.5489795207977295,0.007362059427171632,0.07850586887285002,1.000209290846937,0.9999851907547013,-0.0003702330048581202,-0.00539265892549636,-0.0006327942142389124,-0.00023677517192192006,0.020377677118057456,-0.0007386373877462697,-0.0014728430036902666,-0.004703401848144769,-0.00042306517357340904,0.0,0.0,1.0,19.738905304471857,3.432458249875435,19.764496550644743,0.20519289097850285,21.593264095614884,3.1337255899156133,21.623889854834484,0.2051928909742155,1.5560352221537566,1.5707963267948961,0.00133600301342085,0.0,0.0,0.0,0.0,0.0,0.0,0.0,0.0,0.0,0.0,0.0,0.0,1.5602569811015188,1.5705817295120963
4.558842182159424,0.0073612840996943665,0.07870957065091852,1.0002018276369957,0.9999850467964879,-0.0003774939335299904,-0.005418512728888797,-0.0006351390093453703,-7.753274772654526e-05,0.020370177806850277,-0.0007463209941347262,-0.0014514317970027479,-0.005171584678182248,-0.00046305353950482054,0.0,0.0,1.0,19.734219932895563,3.4347676139737877,19.760629799971692,1.8290008113597267e-07,21.596723612616934,3.13294104051471,21.62825693948609,1.8290008113597267e-07,1.5549428812366064,1.5703836602654202,0.0015841319982428104,0.0,0.0,0.0,0.0,0.0,0.0,0.0,0.0,0.0,0.0,0.0,0.0,1.55965387268041,1.570612386266782
4.56839394569397,0.007362018698706496,0.07891321098125671,1.0001942899265859,0.9999848901647792,-0.0003846305938430444,-0.005446545759808157,-0.0006376838757031804,7.345990121291644e-05,0.0203640330338187,-0.0007537710409764215,-0.0014265194489816507,-0.005607406510068218,-0.0005033680003060181,0.0,0.0,1.0,19.73019439068638,3.4499417323196213,19.756271393964823,0.20608918655164987,21.600864221229426,3.1449230633368956,21.63205651387613,0.20608918654748812,1.5547061414359753,1.5707963267948963,0.0014229869993869215,0.0,0.0,0.0,0.0,0.0,0.0,0.0,0.0,0.0,0.0,0.0,0.0,1.5589808739027238,1.5705797111237303
4.578862190246582,0.007364357946931844,0.07911680000862621,1.000186699406819,0.9999847206863729,-0.0003915818413388396,-0.005476760906466978,-0.0006404275371382671,0.0002339248225348228,0.020358902736950433,-0.000759051976685854,-0.001389376683404421,-0.006043798118405195,-0.0005434978870258405,0.0,0.0,1.0,19.725691028801698,3.4514903257160574,19.752709404443635,1.8062389839368365e-07,21.60406408668245,3.1433482617984265,21.636305905733952,1.8062389839368365e-07,1.5536512759562835,1.5703800485392894,0.0012018299894407392,0.0,0.0,0.0,0.0,0.0,0.0,0.0,0.0,0.0,0.0,0.0,0.0,1.5583701978360454,1.5706106562196112
4.588086843490601,0.007368205814779048,0.0793203505243525,1.0001790599022145,0.9999845391988696,-0.000398330987031635,-0.005508972403398971,-0.0006433651420984233,0.00038478678472042213,0.02035505157262877,-0.0007639504604534684,-0.0013489146138552625,-0.006443034151589637,-0.0005826652571384174,0.0,0.0,1.0,19.721927364933627,3.465811553195313,19.74873308735244,0.20688400142854085,21.60788678931335,3.1544872350390376,21.63992630289953,0.20688400142437102,1.553471463871679,1.5707963267948963,0.0012502830068115145,0.0,0.0,0.0,0.0,0.0,0.0,0.0,0.0,0.0,0.0,0.0,0.0,1.5576960661389365,1.5705777122652795
4.599130153656006,0.007373644447336676,0.07952387177468984,1.000171395202883,0.999984345655419,-0.00040481784841236583,-0.005543159642751875,-0.0006464888137855263,0.0005438632557627869,0.02035212503373262,-0.0007664699331400192,-0.0012964103054693627,-0.0068381412377093035,-0.0006203259617682255,0.0,0.0,1.0,19.717763408113665,3.466319468730245,19.745644723713266,1.7492992668288743e-07,21.610691702781217,3.1519268023613725,21.643936164436532,1.7492992668288743e-07,1.5524784466496206,1.570376832111346,0.0019443209748715162,0.0,0.0,0.0,0.0,0.0,0.0,0.0,0.0,0.0,0.0,0.0,0.0,1.5570925515293284,1.5706089429123677
4.608925104141235,0.007380563385063797,0.07972737558581139,1.0001637113493036,0.9999841410487538,-0.0004110277935576739,-0.005579111354023971,-0.0006497873780889898,0.0006918937727121912,0.020350381112154887,-0.0007683853579433884,-0.001240994570371386,-0.0071909923978875755,-0.0006557552240691201,0.0,0.0,1.0,19.714427138826974,3.479522689388003,19.742222448939902,0.2075487323017317,21.61405774623402,3.1620471852866365,21.64724656835174,0.2075487322976471,1.5523782479683257,1.5707963267948963,0.0016131930169649422,0.0,0.0,0.0,0.0,0.0,0.0,0.0,0.0,0.0,0.0,0.0,0.0,1.5564333936893702,1.5705757842265076
4.618428707122803,0.007389031273310973,0.0799308701002397,1.0001560349009753,0.9999839254756427,-0.00041690271229255396,-0.005616782954570344,-0.0006532470377211938,0.000846788824717523,0.020349451442831915,-0.0007676448328396851,-0.0011739474937183891,-0.00753492025233352,-0.000688490418438563,0.0,0.0,1.0,19.71077117103939,3.4787619222509694,19.73977567070434,1.6731441609962872e-07,21.616331003861116,3.1583655426413824,21.650880200514433,1.6731441609962872e-07,1.5514690210584567,1.5703741320271616,0.0012823060096707195,0.0,0.0,0.0,0.0,0.0,0.0,0.0,0.0,0.0,0.0,0.0,0.0,1.5558540871577924,1.570607290307706
4.629343748092651,0.007398922791194709,0.08013436597733614,1.0001483746851518,0.9999837000960665,-0.00042243105283055804,-0.0056559384953781605,-0.0006568515208558155,0.0009891517883736409,0.020349587709643607,-0.0007660215823379977,-0.0011046025987509877,-0.007831657194571906,-0.0007179689972033445,0.0,0.0,1.0,19.70802663865529,3.4906437561513317,19.73706686078277,0.20806222527097096,21.61910852357086,3.16735746446757,21.65374391093148,0.20806222526703338,1.5514670792836007,1.5707963267948963,0.0018098830187227577,0.0,0.0,0.0,0.0,0.0,0.0,0.0,0.0,0.0,0.0,0.0,0.0,1.5552276491436017,1.570573981981914
4.638628721237183,0.007410292684511053,0.08033787006270583,1.0001407604398114,0.9999834651559749,-0.0004275577603004427,-0.005696511153496955,-0.0006605828389541057,0.0011369893316343133,0.02035040853696918,-0.0007614245340523078,-0.0010242354091910533,-0.008115023373488838,-0.0007439108817034752,0.0,0.0,1.0,19.705033636236802,3.4884564833517544,19.735405129359116,1.643230336800805e-07,21.620729347482737,3.162488874514443,21.656868105966836,1.643230336800805e-07,1.550658687291882,1.5703720396660195,0.0012392929929774255,0.0,0.0,0.0,0.0,0.0,0.0,0.0,0.0,0.0,0.0,0.0,0.0,1.5546904248778872,1.5706057455266258
4.649872303009033,0.007423000952722717,0.08054139166006201,1.0001332040083997,0.9999832219826388,-0.00043227521248212394,-0.005738243212015417,-0.0006644217029108683,0.00127082682116641,0.020352159735618196,-0.0007556431411811914,-0.0009423557602087662,-0.00834684573385125,-0.0007659861931035433,0.0,0.0,1.0,19.703019634916995,3.4988857049920186,19.73353417380088,0.20841206091440018,21.62281037503987,3.170310152868399,21.659161365084827,0.20841206091051737,1.550767847043955,1.5707963267948963,0.0018199519836343825,0.0,0.0,0.0,0.0,0.0,0.0,0.0,0.0,0.0,0.0,0.0,0.0,1.5541144623656007,1.5705723589751106
4.658114910125732,0.007437088653233689,0.0807449361409292,1.000125738302798,0.9999829709656245,-0.0004365322104721587,-0.005781049130324494,-0.0006683482201711507,0.0014087700510972538,0.02035444808671945,-0.0007465705601756891,-0.0008502250411363883,-0.008561554325279866,-0.0007841388822183319,0.0,0.0,1.0,19.700809096299956,3.4951865460463836,19.732757046701526,1.601275965157356e-07,21.623688998706676,3.1642529679858473,21.661664028754117,1.601275965157356e-07,1.5500713285204593,1.5703706104300954,0.001282457000343129,0.0,0.0,0.0,0.0,0.0,0.0,0.0,0.0,0.0,0.0,0.0,0.0,1.5536363744625084,1.570604354377937
4.668631076812744,0.007452401912844297,0.08094851128255111,1.0001183779616192,0.9999827135885372,-0.00044032570886176403,-0.005824653899119127,-0.000672342419785322,0.0015313259610607716,0.02035751416219083,-0.0007360341178766153,-0.0007574987278380137,-0.008721261190452372,-0.0007982816202309863,0.0,0.0,1.0,19.699621170703654,3.504100774514357,19.731798286937185,0.20859405063276076,21.625001587272617,3.1709185700439004,21.663290992168488,0.20859405062897649,1.5502982724750494,1.5707963267948963,0.001281103992369026,0.0,0.0,0.0,0.0,0.0,0.0,0.0,0.0,0.0,0.0,0.0,0.0,1.5531270821850727,1.5705709623853883
4.679652690887451,0.0074689688927344,0.08115212082682605,1.0001111585951556,0.9999824503692448,-0.00044360897218025314,-0.0058689580206453635,-0.0006763847654950941,0.0016566979890103443,0.020360954427493215,-0.0007219366463528876,-0.0006554160380767061,-0.008861063274279862,-0.0008085674356368938,0.0,0.0,1.0,19.69826422435156,3.49886867448935,19.73195158393343,1.547117905176254e-07,21.625087653349897,3.1637209677226323,21.665092869475526,1.5471179054538098e-07,1.5497187870942575,1.5703698649634035,0.0017705459904391319,0.0,0.0,0.0,0.0,0.0,0.0,0.0,0.0,0.0,0.0,0.0,0.0,1.5527229665122122,1.5706031573010324
4.6893839836120605,0.0074866231986369745,0.08135577087755695,1.0001040969573274,0.9999821829275377,-0.0004463839823877742,-0.00591367462228534,-0.000680456667984842,0.0017654305902574878,0.020365005073090317,-0.0007061637828185635,-0.0005537464688507584,-0.008943491428303151,-0.0008151124383023893,0.0,0.0,1.0,19.697946955396592,3.5062639315200603,19.731924546371655,0.20861069129200013,21.62560062495642,3.169287641331649,21.665993614346657,0.20861069128835635,1.5500646465104633,1.5707963267948963,0.0015826390008442104,0.0,0.0,0.0,0.0,0.0,0.0,0.0,0.0,0.0,0.0,0.0,0.0,1.5522937980239329,1.5705698298242283
4.69899582862854,0.007505381376143666,0.08155946341847932,1.0000972304485927,0.9999819118864357,-0.0004486088939438853,-0.005958695660497391,-0.0006845407461735608,0.0018758177506691212,0.02036925409223745,-0.0006866508734735463,-0.0004437019895507528,-0.009004305964405351,-0.0008182258245692116,0.0,0.0,1.0,19.697463576553343,3.499529907356918,19.733000373207844,1.484589778055767e-07,21.624884377328957,3.161031745044931,21.667052654736107,1.484589778055767e-07,1.5496023051763261,1.5703697950220021,0.001362935989163816,0.0,0.0,0.0,0.0,0.0,0.0,0.0,0.0,0.0,0.0,0.0,0.0,1.551975347807723,1.5706021865343238
4.708927631378174,0.007525066285123663,0.08176320276186769,1.0000905768754573,0.9999816389744948,-0.00045029099014595763,-0.006003728230149111,-0.0006886212636084679,0.0019684908979997165,0.020373934338837017,-0.0006653573135261197,-0.00033513522802429283,-0.009006540443805784,-0.0008181618717414302,0.0,0.0,1.0,19.698012198650108,3.505448394698829,19.733873837698372,0.20846945916010742,21.62460550045473,3.1655834111451595,21.667204171502643,0.20846945915663456,1.550063707065775,1.5707963267948963,0.0015620730118826032,0.0,0.0,0.0,0.0,0.0,0.0,0.0,0.0,0.0,0.0,0.0,0.0,1.5516363417175234,1.5705689877468494
4.718350887298584,0.007545684507961823,0.0819669890359236,1.0000841741941908,0.9999813648907407,-0.00045139358082518365,-0.006048661321481699,-0.0006926841293110567,0.0020618222838160545,0.020378627405591765,-0.0006402681266438447,-0.00021922886234602415,-0.008986568330028514,-0.0008153186313784013,0.0,0.0,1.0,19.69837639521277,3.4972833923989106,19.735817945527657,1.4177915697022314e-07,21.62311342878606,3.15637192729818,21.667513727338736,1.4177915697022314e-07,1.54971462698961,1.570370370377229,0.0013189339952077717,0.0,0.0,0.0,0.0,0.0,0.0,0.0,0.0,0.0,0.0,0.0,0.0,1.5514116796244164,1.5706014647537132
4.729348182678223,0.007567050230570745,0.08217082467570885,1.0000780399451257,0.9999810914395819,-0.00045192937022894397,-0.006093201803928691,-0.0006967172466750072,0.002136572260892229,0.02038356397852505,-0.0006134249065156576,-0.00010588906584838416,-0.008907971413612084,-0.0008100192204432799,0.0,0.0,1.0,19.69974470888394,3.501802433695753,19.737519623929263,0.20818131573225887,21.622083278203814,3.1600084035928306,21.666925893227702,0.20818131572897433,1.5502847815769503,1.5707963267948963,0.0016012229898478836,0.0,0.0,0.0,0.0,0.0,0.0,0.0,0.0,0.0,0.0,0.0,0.0,1.5511692435337299,1.5705684512713582
4.739293098449707,0.007589161980971325,0.08237470789025114,1.0000722112199607,0.9999808193625523,-0.00045186694708527315,-0.00613724110270181,-0.0007007102869070706,0.0022111750400579306,0.020388321454228853,-0.000582872516486043,1.3730308560467534e-05,-0.008807655164907599,-0.0008026874601718771,0.0,0.0,1.0,19.700894250731455,3.49230708824624,19.74024262847703,1.350876235872711e-07,21.619870725565118,3.149955021080681,21.666509159559027,1.350876235872711e-07,1.5500420781388262,1.5703715451189721,0.0016301829891745,0.0,0.0,0.0,0.0,0.0,0.0,0.0,0.0,0.0,0.0,0.0,0.0,1.5510428918256185,1.570601004917578
4.74909520149231,0.007611827524026114,0.08257863918615053,1.0000667038628404,0.9999805505031176,-0.0004512244228645006,-0.00618049135364205,-0.000704654970697159,0.0022665543054789655,0.02039312958993936,-0.0005507357120329844,0.00012969736570236836,-0.008649767749215581,-0.0007936566414536934,0.0,0.0,1.0,19.70300540292485,3.4955301924110875,19.742671100922074,0.207759570237735,21.61815469040575,3.152784397377484,21.665218201194218,0.20775957023464325,1.5507117208076335,1.5707963267948963,0.001662827009567991,0.0,0.0,0.0,0.0,0.0,0.0,0.0,0.0,0.0,0.0,0.0,0.0,1.550899918441791,1.5705682249463486
4.758723974227905,0.007635039396404292,0.08278261482576016,1.0000615526393881,0.9999802856089853,-0.00044997568315719116,-0.006222851413070212,-0.0007085446674374245,0.00232118723781779,0.020397563960962876,-0.0005151223452308842,0.0002508809765981225,-0.008471647535637984,-0.0007833278932204468,0.0,0.0,1.0,19.704852883356285,3.484827069701858,19.74606047752022,1.2876972624309424e-07,21.615297743396507,3.1420078312945727,21.664121320019294,1.2876972624309424e-07,1.550566326687335,1.5703732626510634,0.001266492996364832,0.0,0.0,0.0,0.0,0.0,0.0,0.0,0.0,0.0,0.0,0.0,0.0,1.550873033065483,1.5706008109247125
4.76892352104187,0.007658601279092065,0.0829866333726995,1.0000567702959635,0.9999800265235337,-0.00044814414178093604,-0.006264043676822319,-0.0007123746444620375,0.0023561882687773102,0.020401854693933567,-0.0004782343424635408,0.00036734837355716093,-0.008238008561670136,-0.0007720036041061401,0.0,0.0,1.0,19.707610152946014,3.486877629761383,19.74909665382049,0.20721912350650934,21.612978284668493,3.144142285848832,21.662182981652872,0.2072191235036037,1.551324448378449,1.5707963267948963,0.0017939209938049316,0.0,0.0,0.0,0.0,0.0,0.0,0.0,0.0,0.0,0.0,0.0,0.0,1.5508292178686047,1.5705683040284768
4.778531551361084,0.007682501852147011,0.08319068914885858,1.000052387901696,0.9999797739629699,-0.00044570886954317234,-0.006303978890618803,-0.0007161415475036123,0.002390057305494628,0.02040557761590701,-0.0004382394267564479,0.0004879926405163172,-0.007986515054171387,-0.0007600318211932387,0.0,0.0,1.0,19.71005328037452,3.475105173094948,19.75302759473653,1.2313842814859477e-07,21.6095663592809,3.1327626592621765,21.660468408365862,1.2313842814859477e-07,1.5512657211390688,1.5703754591908698,0.0014062900154385716,0.0,0.0,0.0,0.0,0.0,0.0,0.0,0.0,0.0,0.0,0.0,0.0,1.5508999650842967,1.570600878709394
4.788552761077881,0.007706543053459447,0.08339477879240077,1.0000484138513288,0.9999795297306989,-0.00044269833405176774,-0.006342394096747875,-0.0007198436462519136,0.002404120131243566,0.02040896435421913,-0.00039740503671365776,0.0006029077034540793,-0.007682432551714287,-0.0007476598251218827,0.0,0.0,1.0,19.7133497978993,3.4761202947498036,19.75654491311984,0.2065758649921381,21.6067359401976,3.1343150033644545,21.657951542255134,0.2065758649894033,1.552100155792923,1.5707963267948963,0.0015429150080308318,0.0,0.0,0.0,0.0,0.0,0.0,0.0,0.0,0.0,0.0,0.0,0.0,1.5509522159492641,1.5705686759210333
4.799226760864258,0.0077307118363951505,0.08359889472431498,1.0000448743434929,0.9999792944740392,-0.0004390965723265978,-0.00637921576206852,-0.0007234802429464379,0.002416878293570374,0.020411593191420222,-0.0003539507835972933,0.0007210049923308939,-0.007363640209915666,-0.0007351672566934305,0.0,0.0,1.0,19.716280171320637,3.463427230855434,19.760889522744616,1.1842715080812027e-07,21.602865355715476,3.122451054899529,21.65569219999633,1.1842715080812027e-07,1.552116449231829,1.5703780666464828,0.0020695959974545985,0.0,0.0,0.0,0.0,0.0,0.0,0.0,0.0,0.0,0.0,0.0,0.0,1.5511162073555012,1.5706011974744423
4.808960914611816,0.007754810669613855,0.08380303170839912,1.0000417724064912,0.9999790699175116,-0.00043493677196406095,-0.006414199278707997,-0.0007270519401116789,0.002409883321870434,0.020413698408414675,-0.0003101937001785143,0.0008324281773628818,-0.006995929387171222,-0.0007227366161245896,0.0,0.0,1.0,19.720006523769477,3.4635532234811914,19.764761855175728,0.20584621478633724,21.59962093195255,3.1235329721515557,21.65267368449201,0.20584621478375176,1.5530143972632016,1.5707963267948963,0.0012925460177939385,0.0,0.0,0.0,0.0,0.0,0.0,0.0,0.0,0.0,0.0,0.0,0.0,1.5512590990521193,1.5705693216418766
4.8188207149505615,0.007778826845751622,0.08400718033624388,1.0000391284694683,0.9999788566041181,-0.0004302076288522194,-0.006447289987531301,-0.0007305600134668652,0.0024016176137767807,0.020414862784477024,-0.00026439370229657433,0.0009461017072006433,-0.0066172840700213665,-0.0007105762107843428,0.0,0.0,1.0,19.723316108704758,3.450094465910051,19.769395865923375,1.1478963776734297e-07,21.595390186891418,3.111300665399518,21.649948584753282,1.1478963776734297e-07,1.5530934966891932,1.5703810148676516,0.001626148005016148,0.0,0.0,0.0,0.0,0.0,0.0,0.0,0.0,0.0,0.0,0.0,0.0,1.5515098559394167,1.5706017509494508
4.82944655418396,0.007802565517631984,0.08421133357951789,1.0000369394819175,0.9999786561432776,-0.000424946639683919,-0.006478264611524431,-0.000734006717085224,0.0023738671880361596,0.020415324327400463,-0.00021889875507754512,0.001052239723641967,-0.006193987050441948,-0.000698804366985551,0.0,0.0,1.0,19.727365784021337,3.4494830027988574,19.77350313873176,0.20504679470269685,21.59182918316932,3.1120215134740223,21.646509556242652,0.20504679470023557,1.5540419223195638,1.5707963267948963,0.002293383004143834,0.0,0.0,0.0,0.0,0.0,0.0,0.0,0.0,0.0,0.0,0.0,0.0,1.551736090332242,1.5705702172234794
4.8391313552856445,0.007826016270906589,0.08441548030151808,1.000035219528443,0.9999784689418375,-0.00041914677766785667,-0.006507089814520756,-0.0007373946450330598,0.0023450753274603833,0.020414672200018597,-0.0001719953474495976,0.0011597737347504074,-0.005764020734744013,-0.0006875630516010649,0.0,0.0,1.0,19.730951371698406,3.4354160440016743,19.7783105060601,1.1336526764549326e-07,21.58733555941131,3.099532971810898,21.64340059713778,1.1336526764549326e-07,1.55417141199041,1.5703842333132658,0.001367006014334038,0.0,0.0,0.0,0.0,0.0,0.0,0.0,0.0,0.0,0.0,0.0,0.0,1.5520654949018593,1.5706025185908248
4.848911285400391,0.007848988932303678,0.08461961179265877,1.000033959103376,0.9999782964622302,-0.0004128493762922573,-0.006533565893135952,-0.0007407270806060888,0.0022972661397089775,0.020413149114069353,-0.00012604250670263518,0.0012590064706837533,-0.005294118090227075,-0.0006769132255027259,0.0,0.0,1.0,19.735224325662077,3.434220787703987,19.782542357615938,0.20419414479873468,21.583553033579186,3.099998831692562,21.63962374378989,0.20419414479634873,1.555157385742302,1.5707963267948963,0.0015107329818420112,0.0,0.0,0.0,0.0,0.0,0.0,0.0,0.0,0.0,0.0,0.0,0.0,1.5523663402002237,1.570571334979745
4.858729600906372,0.007871477183537673,0.08482371531585185,1.0000331657151946,0.9999781389483962,-0.0004060512453907214,-0.0065576825734419706,-0.0007440073613553322,0.002248825123399552,0.02041035231930823,-7.933881813830315e-05,0.0013588700554107902,-0.004822159239359844,-0.0006669397646563182,0.0,0.0,1.0,19.738990302373765,3.4197025110671686,19.787418074883846,1.1399297872305425e-07,21.578890237607173,3.087361444277024,21.636213415621114,1.1399297872305425e-07,1.5553249656632977,1.5703876524628955,0.0017018080106936395,0.0,0.0,0.0,0.0,0.0,0.0,0.0,0.0,0.0,0.0,0.0,0.0,1.5527650609919492,1.5706034766676238
4.868262529373169,0.007893297318227918,0.08502778061745668,1.000032823365081,0.9999779976896308,-0.00039879704735807156,-0.006579265234033168,-0.0007472392731418412,0.0021820134690244985,0.020406530160482696,-3.423501136445717e-05,0.0014497691794699945,-0.004315281121008521,-0.0006576561251209046,0.0,0.0,1.0,19.743395008582272,3.4180762381785192,19.79167589076165,0.20330448793243336,21.57497697409111,3.087674380814646,21.63218105830615,0.20330448793007902,1.5563359550368878,1.5707963267948963,0.0012478059798013419,0.0,0.0,0.0,0.0,0.0,0.0,0.0,0.0,0.0,0.0,0.0,0.0,1.5531307616592847,1.570572644638377
4.879012584686279,0.007914448738199978,0.08523179351300957,1.0000329330836943,0.9999778727464951,-0.00039108696673754686,-0.00659832770900657,-0.0007504264274873775,0.002115141997206013,0.02040128955528909,1.0971861339826646e-05,0.001540627250140511,-0.00381116905750702,-0.0006491012615084741,0.0,0.0,1.0,19.74725471593484,3.4032605530778617,19.7965272761973,1.1454917248077123e-07,21.570233681183776,3.0749903806158785,21.62855089790232,1.1454917248077123e-07,1.5565296992522326,1.570391204955639,0.0013467300159391016,0.0,0.0,0.0,0.0,0.0,0.0,0.0,0.0,0.0,0.0,0.0,0.0,1.5535886464275137,1.5706045992321656
4.888847589492798,0.007934755778379175,0.08543574236463725,1.0000334726629934,0.9999777652158053,-0.00038296845976942807,-0.006614721260483752,-0.0007535726960202282,0.0020307040179197333,0.02039488516276767,5.3957929901471626e-05,0.0016219654635800074,-0.0032773150899572685,-0.0006412518964859074,0.0,0.0,1.0,19.75170901902952,3.401352870030795,19.80072491352625,0.20239355653547453,21.566275014666356,3.0752479576344642,21.624343655763205,0.20239355653315272,1.5575537798038595,1.5707963267948963,0.001740516017889604,0.0,0.0,0.0,0.0,0.0,0.0,0.0,0.0,0.0,0.0,0.0,0.0,1.554008796831045,1.570574114335519
4.898223161697388,0.00795422498511791,0.08563961171192963,1.000034437037531,0.999977674961357,-0.0003744445663283731,-0.0066284842233435585,-0.0007566816012599012,0.001946920673873532,0.020386934729238384,9.643745376686084e-05,0.0017026952402688404,-0.002751127973185127,-0.0006341116174244454,0.0,0.0,1.0,19.755585391332044,3.3863879376608885,19.80547211796281,1.1492276336122487e-07,21.56153370803538,3.0626133903655535,21.620572913801848,1.1492276336122487e-07,1.5577623378444265,1.5703948264004217,0.0013481320056598634,0.0,0.0,0.0,0.0,0.0,0.0,0.0,0.0,0.0,0.0,0.0,0.0,1.5545152229700185,1.5706058589725729
4.909605026245117,0.007972690071999812,0.08584338871031262,1.0000357983082009,0.9999776028756369,-0.0003655649677739867,-0.006639493879588049,-0.0007597567846762988,0.0018465086881901444,0.020377699838299516,0.00013612706699891013,0.0017734640649531845,-0.002200403551671842,-0.0006276300187483914,0.0,0.0,1.0,19.760017023753885,3.3843423202775016,19.809536283789157,0.20147633322711297,21.557608443468148,3.062907360892634,21.616268437946363,0.2014763332248264,1.5587884100170868,1.5707963267948963,0.0015557830047328025,0.0,0.0,0.0,0.0,0.0,0.0,0.0,0.0,0.0,0.0,0.0,0.0,1.5549790965235053,1.5705757114622656
4.919083833694458,0.007990165936505115,0.08604705681159763,1.0000375459829793,0.9999775486198169,-0.0003563350269639844,-0.006647812847494205,-0.0007628014122844716,0.0017475864505302956,0.02036681012850112,0.00017476747783517173,0.001843163971606495,-0.0016622032594527545,-0.0006217847794666523,0.0,0.0,1.0,19.76384275665125,3.3693681875132913,19.81411223908244,1.1513974895738244e-07,21.552944508303487,3.0504111831475007,21.61243288863374,1.1513974892962686e-07,1.559001225569385,1.5703984564517546,0.0013692419743165374,0.0,0.0,0.0,0.0,0.0,0.0,0.0,0.0,0.0,0.0,0.0,0.0,1.5555232841654456,1.5706072279383556
4.929023504257202,0.00800649675944763,0.08625060215753981,1.0000396473025508,0.9999775128779086,-0.0003468060844549049,-0.0066533439573814995,-0.0007658186706426494,0.0016330822942514536,0.02035453459421796,0.000210131957147493,0.0019025753609674806,-0.0011045758932476703,-0.0006165070870468399,0.0,0.0,1.0,19.768189034919804,3.3673200529587324,19.81798190623074,0.20056687242731575,21.549124033147432,3.0508268469166846,21.608104623081804,0.20056687242506557,1.5600191761798838,1.5707963267948963,0.0016952070000115782,0.0,0.0,0.0,0.0,0.0,0.0,0.0,0.0,0.0,0.0,0.0,0.0,1.556020132937437,1.5705774034402697
4.938664436340332,0.008021706770867505,0.08645400731317862,1.0000420872402436,0.9999774951100487,-0.0003369852927104486,-0.006656173352830054,-0.0007688111872070435,0.0015210011419874772,0.020340515563881084,0.00024399376926945886,0.00196056426063135,-0.0005641782541396855,-0.0006117570470583792,0.0,0.0,1.0,19.77190606011821,3.352466958529489,19.822331464068558,1.1623758119916339e-07,21.54460494873944,3.0385503745352733,21.60427533741405,1.1623758119916339e-07,1.560226611222985,1.5704020394930294,0.0015550429816357791,0.0,0.0,0.0,0.0,0.0,0.0,0.0,0.0,0.0,0.0,0.0,0.0,1.5565914248292152,1.5706086782052164
4.948153495788574,0.00803565145665869,0.08665725761187282,1.0000448291440098,0.9999774957949096,-0.0003269251099463327,-0.006656228433131268,-0.0007717815492067394,0.0013944685791185162,0.02032502986941926,0.000274190376630593,0.0020080455387486433,-9.267830744716702e-06,-0.0006074551014487077,0.0,0.0,1.0,19.77611328650215,3.3505422332702377,19.825956956321782,0.19967816768679655,21.54095266442389,3.0391661314706115,21.599991553574885,0.1996781676845634,1.5612274009964489,1.5707963267948963,0.001280355005292222,0.0,0.0,0.0,0.0,0.0,0.0,0.0,0.0,0.0,0.0,0.0,0.0,1.5571107371711823,1.5705791583891897
4.959034442901611,0.00804836513126186,0.08686033494312838,1.0000478544425175,0.9999775141995932,-0.0003166339727463756,-0.006653617727361722,-0.0007747317388272916,0.0012713674603170454,0.020307733125555533,0.0003025298507670248,0.0020538519185354432,0.0005239353048794956,-0.0006035511358629272,0.0,0.0,1.0,19.77967203691623,3.3359296763794384,19.830035927717347,1.189532941869853e-07,21.536637670328567,3.0271829192678776,21.596234263598575,1.189532941869853e-07,1.5614208003764414,1.5704055250681381,0.0014978529943618923,0.0,0.0,0.0,0.0,0.0,0.0,0.0,0.0,0.0,0.0,0.0,0.0,1.5576988320033633,1.570610182447148
4.96903657913208,0.008059715150978402,0.08706322404401678,1.0000511236382046,0.9999775506044054,-0.0003061649257659151,-0.006648292222130976,-0.0007776636680640852,0.001135001971654172,0.020288910088841216,0.000326919568712086,0.002089037865708453,0.001066933351540876,-0.0005999611813654781,0.0,0.0,1.0,19.783694299340954,3.334243668654659,19.833378459163793,0.19882207522387982,21.53320817156332,3.028069861585755,21.592057992245,0.19882207522163114,1.56239648662476,1.5707963267948963,0.0019380630110390484,0.0,0.0,0.0,0.0,0.0,0.0,0.0,0.0,0.0,0.0,0.0,0.0,1.5582305417709459,1.5705809456787179
4.978337049484253,0.008069746421339861,0.08726590634328794,1.0000546156968837,0.9999776040952842,-0.00029552717749838027,-0.006640381656902515,-0.0007805786266541697,0.0010031270361458991,0.020268229927115255,0.0003492058679220337,0.0021223989156356426,0.001583981662541565,-0.0005966304949313131,0.0,0.0,1.0,19.78705222536962,3.3199789226008676,19.837153627410526,1.2164799714775576e-07,21.52914686949452,3.0164448926658047,21.58843327696049,1.2164799714775576e-07,1.5625682173329118,1.5704088680499255,0.001221810991410166,0.0,0.0,0.0,0.0,0.0,0.0,0.0,0.0,0.0,0.0,0.0,0.0,1.5588256767500621,1.5706117144096006
4.9888551235198975,0.008078338545426908,0.08746836619759354,1.0000582893856522,0.9999776747724547,-0.0002847738553972456,-0.006629858446247052,-0.0007834778288870567,0.0008592124087045596,0.020245985430560172,0.0003673688768443927,0.0021451272311107153,0.00210653898177784,-0.0005934756803490923,0.0,0.0,1.0,19.790851230847533,3.3186349889830753,19.840183968989642,0.1980091805566672,21.525986032293837,3.0176660328630063,21.58442109992954,0.1980091805544017,1.5635119930199068,1.5707963267948963,0.0012998089950997382,0.0,0.0,0.0,0.0,0.0,0.0,0.0,0.0,0.0,0.0,0.0,0.0,1.559360325404755,1.5705827363582183
4.998749494552612,0.008085547367979907,0.0876705847918565,1.000062122303195,0.9999777615638118,-0.00027391446173385324,-0.00661687114124526,-0.0007863618732746986,0.0007208822552999162,0.02022185942629604,0.0003832917542753322,0.0021659759739661704,0.0025993839733824413,-0.0005904419599239133,0.0,0.0,1.0,19.793974143660808,3.304812381221487,19.843630102919885,1.2401427676445032e-07,21.522220466497586,3.0064554025294115,21.580981713866034,1.2401427676445032e-07,1.563655463119511,1.5704120289960486,0.0017954939976334572,0.0,0.0,0.0,0.0,0.0,0.0,0.0,0.0,0.0,0.0,0.0,0.0,1.559953420778348,1.5706132492777438
5.0084710121154785,0.008091264874920739,0.08787254631891375,1.0000660725583923,0.9999778644111628,-0.0002630017444169995,-0.006601411343986312,-0.0007892312967091214,0.0005717506940832638,0.02019615270572524,0.00039502551973858644,0.002176271841375804,0.003093900261450606,-0.0005874504260236699,0.0,0.0,1.0,19.797519644334002,3.303901326623346,19.846326451704087,0.19724872968806414,21.519366754283578,3.0080653671679176,21.577182215531877,0.19724872968578586,1.564561630314245,1.5707963267948963,0.001483221014495939,0.0,0.0,0.0,0.0,0.0,0.0,0.0,0.0,0.0,0.0,0.0,0.0,1.5604822839699428,1.570584503523216
5.019017219543457,0.00809555796549972,0.08807423193542405,1.0000701174214215,0.9999779821083211,-0.00025204505840774143,-0.006583644245914557,-0.0007920860442919083,0.00042930905789802015,0.020168561651029874,0.00040448630292161066,0.002184721343800097,0.0035553759836696743,-0.0005844496629462514,0.0,0.0,1.0,19.800380614242933,3.2906018129125925,19.849425700991574,1.268821273880949e-07,21.51593115245346,2.997316059190247,21.5739732833992,1.268821273880949e-07,1.5646712668004357,1.5704149742292264,0.0012204150261823088,0.0,0.0,0.0,0.0,0.0,0.0,0.0,0.0,0.0,0.0,0.0,0.0,1.5610650477334145,1.570614763990599
5.028833389282227,0.008098330921129283,0.08827562588450241,1.0000742153532016,0.9999781144624565,-0.0002410963554127935,-0.0065635783890003845,-0.0007949260271045812,0.0002772955629562995,0.020139394907837015,0.0004097931780158243,0.0021827807932061306,0.004015134919821087,-0.0005813680624055009,0.0,0.0,1.0,19.80364914676235,3.2902015037217196,19.851773261812923,0.1965485896998078,21.513415238968655,2.9993608231345386,21.570427522305962,0.1965485896975052,1.5655351969791813,1.5707963267948963,0.001697433996014297,0.0,0.0,0.0,0.0,0.0,0.0,0.0,0.0,0.0,0.0,0.0,0.0,1.561580221885846,1.5705862225961171
5.038403749465942,0.008099661611982806,0.08847670950569558,1.0000783442585897,0.9999782601588876,-0.00023016444341025,-0.006541393422848031,-0.0007977506002327317,0.0001330690853523193,0.020108362119316804,0.0004128905388064169,0.002179106633125954,0.004438961594069061,-0.0005781598480297813,0.0,0.0,1.0,19.806227521421437,3.277492494605849,19.85451447316141,1.3439754817379246e-07,21.510335994436907,2.9891105801034996,21.567486793481784,1.3439754817379246e-07,1.5656064091644692,1.5704176757956065,0.0014216949930414557,0.0,0.0,0.0,0.0,0.0,0.0,0.0,0.0,0.0,0.0,0.0,0.0,1.562145218327751,1.570616237481657
5.049389600753784,0.008099466478591291,0.08867746730075132,1.0000824638671193,0.9999784188954091,-0.0002193001086038285,-0.006517112551947695,-0.0008005591076775362,-1.9513339151476218e-05,0.02007577950557435,0.00041196085296915387,0.002165278704568159,0.004858138969431939,-0.0005747598103192683,0.0,0.0,1.0,19.809201994342374,3.2776676492006773,19.856504470151723,0.19591522055199254,21.508181257798537,2.991627252704253,21.564228131930292,0.19591522054957947,1.5664244807682568,1.5707963267948963,0.0015428779879584908,0.0,0.0,0.0,0.0,0.0,0.0,0.0,0.0,0.0,0.0,0.0,0.0,1.562639674161568,1.570587871526507
5.058785438537598,0.008097834510715928,0.08887788099522649,1.0000865535844317,0.9999785892741212,-0.0002085112512208029,-0.006490927872752352,-0.0008033503261611276,-0.000163196787536303,0.02004136944751749,0.0004089717312406822,0.0021499017689321875,0.005238894742875906,-0.0005711183486099741,0.0,0.0,1.0,19.811484412543457,3.2656027388915505,19.858881736216965,1.4172081932994907e-07,21.50547830972004,2.9819043124178437,21.561584642599755,1.4172081935770464e-07,1.5664535899497236,1.570420111379578,0.0013094060122966766,0.0,0.0,0.0,0.0,0.0,0.0,0.0,0.0,0.0,0.0,0.0,0.0,1.5631803608196664,1.5706176508505625
5.068592548370361,0.008094694127135276,0.08907793554950762,1.0000905752228935,0.9999787709060854,-0.00019784717017809554,-0.0064628754659059855,-0.0008061230448953022,-0.00031403835806521484,0.02000545542811214,0.0004021638461785862,0.0021246714326806576,0.005612426064847394,-0.000567176798602329,0.0,0.0,1.0,19.81415498081114,3.2664045692879498,19.86051071041382,0.19535366057688347,21.50370149100522,2.984920790223581,21.558637635339828,0.195353660574362,1.567223119952516,1.5707963267948963,0.001504479005234316,0.0,0.0,0.0,0.0,0.0,0.0,0.0,0.0,0.0,0.0,0.0,0.0,1.563647964981103,1.5705894309261361
5.0795416831970215,0.008090144927131154,0.08927761326964775,1.0000945104446441,0.9999789623330251,-0.00018731454715385687,-0.006433158236530044,-0.0008088755961052951,-0.0004549200004122935,0.019967772014014278,0.00039352217506700743,0.002098138432422178,0.0059453741708266035,-0.0005629060047649388,0.0,0.0,1.0,19.816132700757297,3.2550238439417343,19.862524225136706,1.4793581828986824e-07,21.501386647661676,2.9757440162684072,21.55631380084763,1.4793581828986824e-07,1.5672073398895887,1.5704222641885246,0.0017391279980074614,0.0,0.0,0.0,0.0,0.0,0.0,0.0,0.0,0.0,0.0,0.0,0.0,1.5641587014055907,1.5706189874788161
5.089468479156494,0.008084126588338974,0.08947689976450074,1.0000983238265793,0.9999791631038663,-0.00017696091851315395,-0.00640182301753005,-0.0008116064169983224,-0.0006018338792180719,0.01992864948529817,0.00038133819350485087,0.0020621068673654093,0.006268947539285802,-0.0005582676067627984,0.0,0.0,1.0,19.818491990692984,3.2564907666986205,19.863794303781557,0.19486754744792872,21.4999963028096,2.979279279006609,21.55369811498959,0.19486754744531648,1.5679265422636002,1.5707963267948963,0.0017347960092592984,0.0,0.0,0.0,0.0,0.0,0.0,0.0,0.0,0.0,0.0,0.0,0.0,1.564594221189019,1.5705908841516316
5.099728107452393,0.008076748719298954,0.08967577810340248,1.0001019998941474,0.9999793717261737,-0.00016679147783383037,-0.006369081267255963,-0.0008143135391266073,-0.0007377869040019171,0.019887833890174192,0.00036760675681003785,0.0020250723536714625,0.006550227249062815,-0.0005532410701636549,0.0,0.0,1.0,19.820158735530892,3.24582159403452,19.865448688869225,1.534717637141636e-07,21.498074205619346,2.970658533677935,21.551711258077425,1.534717637141636e-07,1.5678639161402474,1.570424122717813,0.001838792988564819,0.0,0.0,0.0,0.0,0.0,0.0,0.0,0.0,0.0,0.0,0.0,0.0,1.5650702670568162,1.5706202331006693
5.110876560211182,0.008067961430709137,0.08987423472239513,1.0001055065102378,0.9999795877128059,-0.00015685178309527906,-0.006334988098810755,-0.0008169951235367658,-0.0008787288589817334,0.019845661899265232,0.00035066160903472065,0.0019789367937875606,0.006820476419808771,-0.0005477946974107254,0.0,0.0,1.0,19.822202352997497,3.2479800681509916,19.866365994331137,0.19445920258973817,21.49707214724494,2.974723208531053,21.54944087616573,0.19445920258704413,1.5685318282216894,1.5707963267948963,0.002671429014299065,0.0,0.0,0.0,0.0,0.0,0.0,0.0,0.0,0.0,0.0,0.0,0.0,1.5654693597830207,1.57059221733169
5.119150400161743,0.008057883570093016,0.09007225362414528,1.0001088315106537,0.9999798095630943,-0.0001471453232369512,-0.006299761105191038,-0.0008196489663572211,-0.00100778606161211,0.019801890175015758,0.00033250004159620316,0.001932140836473645,0.007047205274675051,-0.0005419144580755052,0.0,0.0,1.0,19.823554928660876,3.238038321728123,19.867669739458588,1.5825568219773878e-07,21.495540751742933,2.966660346851706,21.5478024446922,1.5825568222549435e-07,1.5684211516392634,1.570425680294074,0.0016608320001978427,0.0,0.0,0.0,0.0,0.0,0.0,0.0,0.0,0.0,0.0,0.0,0.0,1.565906855274259,1.5706213758264338
5.129116773605347,0.008046474722584655,0.0902698222363224,1.0001119464053403,0.9999800367791505,-0.00013771550572313444,-0.006263461077515304,-0.0008222730312649282,-0.001140884750836161,0.01975686121771283,0.0003114894686603207,0.0018766752590931328,0.007261768287360001,-0.0005355779816424583,0.0,0.0,1.0,19.825281493787745,3.2409040540129084,19.868243827828415,0.19412977086863661,21.494922528872863,2.9712576316589834,21.54588550472982,0.1941297708658703,1.5690375156648373,1.5707963267948963,0.0016344679752364755,0.0,0.0,0.0,0.0,0.0,0.0,0.0,0.0,0.0,0.0,0.0,0.0,1.5662660404692597,1.570593419321811
5.140100479125977,0.008033862102054916,0.09046692565015532,1.0001148426295567,0.9999802678763341,-0.00012856393578807785,-0.006226309266975617,-0.0008248649589966374,-0.0012612620529739674,0.01971034138329225,0.00028962242165210463,0.0018209271395618937,0.007432079677000305,-0.0005287780171718291,0.0,0.0,1.0,19.82631955353392,3.2316954065808803,19.86920834258881,1.6220599835525817e-07,21.49377402725153,2.963747451528906,21.544601225963266,1.6220599835525817e-07,1.5688782230779372,1.5704269344465225,0.0022831549867987633,0.0,0.0,0.0,0.0,0.0,0.0,0.0,0.0,0.0,0.0,0.0,0.0,1.5666619654971994,1.5706224061036802
5.149686098098755,0.008020013710548947,0.09066355243422934,1.0001174955430276,0.9999805023690775,-0.0001197317379230476,-0.006188369562473104,-0.0008274225978785472,-0.0013848391505969161,0.0196626784074022,0.0002652913471012908,0.0017569667906160655,0.007589606019240764,-0.0005215018615518825,0.0,0.0,1.0,19.827730337603967,3.2352746777554575,19.869451259411722,0.19387936105683146,21.49352987890787,2.968874072566013,21.54304034643137,0.19387936105400363,1.5694433738587203,1.5707963267948963,0.0019427800143603235,0.0,0.0,0.0,0.0,0.0,0.0,0.0,0.0,0.0,0.0,0.0,0.0,1.566978573723019,1.5705944815812292
5.15826940536499,0.008005064160238183,0.09085968890737477,1.0001199003149837,0.9999807388100757,-0.00011121848910999249,-0.006149864474839011,-0.0008299435179422676,-0.001494955031076485,0.019613647314543164,0.0002404771955953026,0.0016931301543866332,0.007702629191799068,-0.000513749624913232,0.0,0.0,1.0,19.82845591246946,3.2267960785814394,19.870090064627348,1.6524076498769524e-07,21.492751542076423,2.9619054136710155,21.54211070006817,1.6524076501545082e-07,1.5692354356429474,1.5704278863084205,0.0014151410141494125,0.0,0.0,0.0,0.0,0.0,0.0,0.0,0.0,0.0,0.0,0.0,0.0,1.5673306880281193,1.5706233166117531
5.168949127197266,0.007988988733570875,0.09105532491186362,1.0001220362048182,0.9999809767460812,-0.00010306293245569969,-0.006110858507997168,-0.0008324255398119305,-0.0016075426667308233,0.01956360044888527,0.00021358898345431992,0.0016215578372281909,0.007802744704632732,-0.0005055187947273464,0.0,0.0,1.0,19.829554317154752,3.2310871945762707,19.8700156008051,0.19370720507560896,21.492867216596455,2.96755269437813,21.540903556434902,0.19370720507273143,1.5697501889793497,1.5707963267948963,0.0015227140102069825,0.0,0.0,0.0,0.0,0.0,0.0,0.0,0.0,0.0,0.0,0.0,0.0,1.5676027948302376,1.5705953979969913
5.178195238113403,0.007971928412642175,0.09125044811627488,1.0001239021033563,0.9999812147849972,-9.526250176219456e-05,-0.0060715731498320975,-0.000834866254050945,-0.0017060320928699328,0.019512320441125657,0.00018658985381589952,0.0015505379688300627,0.007858562057460787,-0.0004968176247471313,0.0,0.0,1.0,19.82997134091908,3.223328394052756,19.87034357216698,1.6728256263531804e-07,21.492442298086935,2.961109576959335,21.540324373427353,1.6728256266307362e-07,1.5694940071794434,1.5704285399766529,0.0012962330074515194,0.0,0.0,0.0,0.0,0.0,0.0,0.0,0.0,0.0,0.0,0.0,0.0,1.5679095654229678,1.5706241021109777
5.1887006759643555,0.00795386457881835,0.09144504975217763,1.0001254810777815,0.9999814525223656,-8.785348901684771e-05,-0.006032071184457045,-0.0008372635480076572,-0.0018063833823825071,0.019460163590275605,0.00015789744251321652,0.0014722724022829437,0.007901816135914695,-0.00048765435031755097,0.0,0.0,1.0,19.830762457772437,3.2283231423133576,19.86996652704974,0.19361182027163581,21.49290001286937,2.967264511370125,21.539464336869166,0.1936118202687217,1.5699595515294755,1.5707963267948963,0.001259286014828831,0.0,0.0,0.0,0.0,0.0,0.0,0.0,0.0,0.0,0.0,0.0,0.0,1.5681359142453215,1.570596164663217
5.1994993686676025,0.00793494352063153,0.0916391189424511,1.0001267755955356,0.9999816886353142,-8.083109451721019e-05,-0.005992570970019559,-0.0008396151306291594,-0.001892105818681975,0.019406919027347137,0.0001294517754016737,0.0013950055987401113,0.007901398451712756,-0.0004780461338612511,0.0,0.0,1.0,19.830876341241193,3.2212681538076713,19.86999920885339,1.6826150273097085e-07,21.49280872980035,2.9613272204595757,21.539227497560894,1.6826150270321527e-07,1.5696558611502627,1.5704289018851532,0.0015460890135727823,0.0,0.0,0.0,0.0,0.0,0.0,0.0,0.0,0.0,0.0,0.0,0.0,1.5683964338573435,1.5706247592534568
5.208948135375977,0.007915151517210268,0.0918326484057816,1.0001277723156086,0.9999819227808313,-7.422911282847474e-05,-0.0059531314358148716,-0.000841919056054389,-0.0019792003421262713,0.01935294633305158,9.967200728227184e-05,0.0013109918518297633,0.007889188901940257,-0.00046801230976266275,0.0,0.0,1.0,19.831366542480502,3.2269531532356384,19.869334771630733,0.19359116189211892,21.493588150649614,2.9679734565235734,21.538704386787277,0.19359116188918254,1.5700736597785474,1.5707963267948963,0.0013137400092091411,0.0,0.0,0.0,0.0,0.0,0.0,0.0,0.0,0.0,0.0,0.0,0.0,1.5685763520420462,1.5705967796294134
5.219414710998535,0.00789463908919874,0.09202562880582993,1.0001284770250267,0.9999821537153124,-6.80404404266605e-05,-0.00591396591976336,-0.0008441732537316339,-0.002051242801152688,0.019298040004832828,7.047094180931534e-05,0.0012284367884288746,0.007834312105966332,-0.00045757945175835274,0.0,0.0,1.0,19.831183800033795,3.2205815559624362,19.86908782115561,1.6815101755440764e-07,21.493808663125773,2.962519491269413,21.5387986020225,1.6815101752665207e-07,1.5697234422113489,1.5704289802357745,0.0022991049918346107,0.0,0.0,0.0,0.0,0.0,0.0,0.0,0.0,0.0,0.0,0.0,0.0,1.5687902531472606,1.5706252863673396
5.229247331619263,0.007873396216457091,0.09221805442803102,1.0001288796578816,0.9999823811660319,-6.22963469941367e-05,-0.005875127595544722,-0.0008463760468767211,-0.002124287274164977,0.019242562220108794,4.026328548836922e-05,0.0011396385761998677,0.007768795026744219,-0.00044677792445797657,0.0,0.0,1.0,19.831380402694418,3.2269394205629984,19.868151090180497,0.1936427556329746,21.494887861051467,2.9696381587802354,21.53859948211731,0.19364275563003078,1.5700951507741578,1.5707963267948963,0.0013867130037397146,0.0,0.0,0.0,0.0,0.0,0.0,0.0,0.0,0.0,0.0,0.0,0.0,1.5689235658707017,1.570597242634259
5.2388916015625,0.007851576588216894,0.09240991754495101,1.0001289889772065,0.9999826039748417,-5.6987370972960326e-05,-0.005836823133434545,-0.0008485256874116209,-0.0021819628240196476,0.019186311691998317,1.0931932485169586e-05,0.001052769394610928,0.00766194471497481,-0.0004356437529416479,0.0,0.0,1.0,19.830908364999853,3.2212274390894593,19.867639871873227,1.6690955745302105e-07,21.495397197433725,2.9646429958928326,21.539011088878855,1.6690955748077663e-07,1.5696995633650057,1.5704287845194758,0.0013834689743816853,0.0,0.0,0.0,0.0,0.0,0.0,0.0,0.0,0.0,0.0,0.0,0.0,1.569090935142624,1.5706256832286356
5.248409748077393,0.007829172712792565,0.09260121406999547,1.0001287978020852,0.9999828219445389,-5.2142244793195625e-05,-0.005799098305986251,-0.0008506208670293378,-0.0022403875424329665,0.019129652504445455,-1.911751212630328e-05,0.000960162927700879,0.007545934811748661,-0.0004242177046758293,0.0,0.0,1.0,19.83081939136632,3.2282377043039356,19.866445531787456,0.19376380409773356,21.496753520170046,2.972213340130444,21.539121051118244,0.1937638040947984,1.5700269658966521,1.5707963267948963,0.0015119609888643026,0.0,0.0,0.0,0.0,0.0,0.0,0.0,0.0,0.0,0.0,0.0,0.0,1.5691778820315359,1.5705975548416127
5.259246110916138,0.007806340413714334,0.09279193793427533,1.0001283174697262,0.9999830340050785,-4.774910769519399e-05,-0.0057621517254697096,-0.0008526602562939368,-0.0022832299078231364,0.019072386427986147,-4.803323591087336e-05,0.0008699637079171606,0.007390203769404281,-0.00041254472109438357,0.0,0.0,1.0,19.830066021037204,3.2231590289883045,19.865684875958785,1.6445583006508002e-07,21.497528384904744,2.9676509864335467,21.539834757145815,1.644558300928356e-07,1.569587289913614,1.570428325146283,0.0014784889935981482,0.0,0.0,0.0,0.0,0.0,0.0,0.0,0.0,0.0,0.0,0.0,0.0,1.5692991797265525,1.570625950834939
5.268898010253906,0.007783073597300465,0.09298208672190954,1.000127543253239,0.9999832400367963,-4.383415474368944e-05,-0.005726020381510988,-0.0008546430060270673,-0.002326681641386912,0.019014878763420808,-7.742164871451658e-05,0.0007745327406644774,0.007227070189567589,-0.00040067474653287155,0.0,0.0,1.0,19.82970006162515,3.2307988153838245,19.864247035711813,0.19395126372281551,21.499139178085077,2.9756507914742363,21.540237611381304,0.19395126371990706,1.5698722544490156,1.5707963267948963,0.001430971984518692,0.0,0.0,0.0,0.0,0.0,0.0,0.0,0.0,0.0,0.0,0.0,0.0,1.5693403383247042,1.5705977185937023
5.278515338897705,0.007759529231081484,0.0931716560537165,1.0001264886509842,0.9999834390573169,-4.0383095644141915e-05,-0.005690893697036366,-0.0008565682898597178,-0.002354436621898056,0.018956933180696064,-0.00010546022549298687,0.0006819929989706693,0.007026053834453902,-0.00038866051201837023,0.0,0.0,1.0,19.8286738451548,3.2263251497533627,19.863251129846343,1.6077035572270582e-07,21.500156554839556,2.9714941193841238,21.541237095987334,1.6077035572270582e-07,1.569389862320786,1.5704276131938146,0.0014949580072425306,0.0,0.0,0.0,0.0,0.0,0.0,0.0,0.0,0.0,0.0,0.0,0.0,1.569416326342463,1.570626091193873
5.289202928543091,0.00773570154411655,0.09336064520884747,1.0001251509570215,0.9999836310238166,-3.741959829981579e-05,-0.005656798757618678,-0.0008584357939851397,-0.0023827686964933907,0.01889891551309712,-0.00013376939626206824,0.0005847247214767942,0.006819616218883722,-0.0003765593709808268,0.0,0.0,1.0,19.828039977344748,3.2345695563883625,19.86158326887326,0.19420189108144478,21.501999638109503,2.9798999198977483,21.541915874776915,0.1942018910785822,1.5696343162343702,1.5707963267948963,0.0015840719861444086,0.0,0.0,0.0,0.0,0.0,0.0,0.0,0.0,0.0,0.0,0.0,0.0,1.5694125457679378,1.5705977371938646
5.298577547073364,0.0077117477135196545,0.09354905151063884,1.0001235453891621,0.9999838150386299,-3.4926922184202134e-05,-0.005623914916261727,-0.0008602452624440932,-0.0023953830596894895,0.018840630179137723,-0.0001605567859368622,0.000490835546773838,0.0065773103069728875,-0.00036443018845121785,0.0,0.0,1.0,19.826749948411095,3.230670893740031,19.860365728731068,1.558744925078681e-07,21.50323721429338,2.97612079346681,21.54318426361697,1.558744925078681e-07,1.5691106574443432,1.5704266602742258,0.0011947830207645893,0.0,0.0,0.0,0.0,0.0,0.0,0.0,0.0,0.0,0.0,0.0,0.0,1.5694442272631424,1.5706261071368692
5.309540510177612,0.007687661281408501,0.09373687593934196,1.0001216708044947,0.9999839911329348,-3.2926227694483185e-05,-0.005592258481787914,-0.0008619969737245476,-0.0024086432111153702,0.018782442870312114,-0.00018745846674782693,0.00039271689726743726,0.006331738946039275,-0.0003523355037679747,0.0,0.0,1.0,19.82585789194651,3.239493128808454,19.85848091366796,0.19451226188184104,21.505291283119213,2.984907887090261,21.544121688760036,0.19451226187904375,1.569316581121114,1.5707963267948963,0.0017538710089866072,0.0,0.0,0.0,0.0,0.0,0.0,0.0,0.0,0.0,0.0,0.0,0.0,1.5693965744318854,1.5705976147279201
5.319347858428955,0.007663598763413248,0.093924117515505,1.000119543715775,0.9999841584888848,-3.1398312636900085e-05,-0.005561998092556394,-0.0008636912879723278,-0.0024062517995252254,0.018724157616304176,-0.00021270887196453493,0.0002984673401717927,0.0060524427089760045,-0.0003403381998283474,0.0,0.0,1.0,19.824313831888098,3.2361377846195167,19.857055070206282,1.5825110152856148e-07,21.506727732182608,2.9814771079393156,21.54564192851638,1.5825110152856148e-07,1.5687531865402407,1.5704254785056986,0.0017663509934209287,0.0,0.0,0.0,0.0,0.0,0.0,0.0,0.0,0.0,0.0,0.0,0.0,1.569385146816061,1.5706260021660596
5.328806638717651,0.007639552076666195,0.09411077890856744,1.0001171641199762,0.9999843172072855,-3.0361858818100738e-05,-0.0055331386362248635,-0.0008653291099922467,-0.0024046686747053276,0.018666139306242894,-0.00023795957988592798,0.0002004814318949002,0.005772165710115939,-0.0003285035213606079,0.0,0.0,1.0,19.823174134268875,3.2455090634789068,19.854966272274556,0.19487874501577013,21.5089724719172,2.990619399352708,21.54682066697458,0.194878745012905,1.5689226246031616,1.5707963267948963,0.001335781009402126,0.0,0.0,0.0,0.0,0.0,0.0,0.0,0.0,0.0,0.0,0.0,0.0,1.569294866776658,1.5705973559288653
5.338318347930908,0.0076156762725303724,0.09429686081319322,1.0001145494395334,0.9999844665439286,-2.9795200596481857e-05,-0.005505837598464544,-0.0008669114371704807,-0.002387580413582293,0.018608190462578243,-0.0002614680442808591,0.0001068548501376221,0.00546039485916112,-0.00031689592520471436,0.0,0.0,1.0,19.821386803175507,3.2426634546957125,19.85334550665432,1.7470170038391686e-07,21.510587479613097,2.98750646527778,21.548575663853534,1.7470170035616128e-07,1.5683211266265429,1.570424080658701,0.0013979309878777713,0.0,0.0,0.0,0.0,0.0,0.0,0.0,0.0,0.0,0.0,0.0,0.0,1.5692416893233014,1.5706257803382984
5.348731517791748,0.007591960779794342,0.0944823675584076,1.0001117004350666,0.9999846066639129,-2.9714578771056153e-05,-0.005480088006734025,-0.0008684398088920144,-0.0023715492736030674,0.01855067452143828,-0.0002849004466826787,9.977433187237142e-06,0.005150015732244978,-0.0003055806371235869,0.0,0.0,1.0,19.820011088951453,3.2525526664026088,19.851066020526048,0.19529747721695204,21.513003452508485,2.9969761455392385,21.549978398313506,0.1952974772137583,1.5684562164576223,1.5707963267948963,0.001280330994632095,0.0,0.0,0.0,0.0,0.0,0.0,0.0,0.0,0.0,0.0,0.0,0.0,1.5691101803666216,1.5705969660983559
5.359414100646973,0.007568558452849522,0.09466730147201002,1.0001086351084818,0.9999847368898264,-3.009586526552001e-05,-0.005456035926391333,-0.0008699158541888697,-0.002340232694481947,0.01849339136024247,-0.00030653265848731316,-8.205067956184096e-05,0.004810427297685195,-0.0002946210602775334,0.0,0.0,1.0,19.817992555514476,3.250180764372495,19.849264231368345,1.862200052771268e-07,21.514777500076796,2.994148762726954,21.55195095071129,1.8622000530488236e-07,1.5678183861260706,1.5704224803009026,0.0014804959937464446,0.0,0.0,0.0,0.0,0.0,0.0,0.0,0.0,0.0,0.0,0.0,0.0,1.5690167569510503,1.5706254461978617
5.3692216873168945,0.0075454554428581455,0.09485166849468883,1.000105354667058,0.9999848574453187,-3.0952890780856885e-05,-0.005433662262181213,-0.0008713417267160743,-0.002310300999137667,0.01843670226788067,-0.00032804414239469835,-0.0001768503246523827,0.004474655569635314,-0.0002840793148310504,0.0,0.0,1.0,19.816394016214527,3.260553573787173,19.846808204450316,0.19576434100818835,21.517345815751828,3.0039155345367674,21.553560093231106,0.19576434100474793,1.567921409276742,1.5707963267948961,0.0016057360044214875,0.0,0.0,0.0,0.0,0.0,0.0,0.0,0.0,0.0,0.0,0.0,0.0,1.5688455611189103,1.5705964510697248
5.378593921661377,0.007522801739819093,0.09503547252890067,1.0001018774193353,0.9999849677126736,-3.225906920940061e-05,-0.005413101554914465,-0.0008727196523326969,-0.002265370303905205,0.01838040342118365,-0.00034772477225728497,-0.0002663115642524227,0.0041119799210308635,-0.00027401498501943114,0.0,0.0,1.0,19.814158130944787,3.25861601668547,19.844840518267077,1.9446467172667958e-07,21.519259612166405,3.001338890586757,21.555732581011796,1.9446467172667958e-07,1.5672492327527225,1.5704206919316843,0.0011894729977939278,0.0,0.0,0.0,0.0,0.0,0.0,0.0,0.0,0.0,0.0,0.0,0.0,1.5687135394271718,1.5706250047447492
5.389315843582153,0.007500579499899142,0.09521872106359881,1.0000982047595788,0.9999850679685252,-3.4025884241998436e-05,-0.005394322451410695,-0.0008740523516992374,-0.0022222239919950986,0.018324853469813985,-0.0003672659756580463,-0.0003580776337934061,0.0037555729929110195,-0.0002644844184495756,0.0,0.0,1.0,19.812351888430268,3.2694343985267698,19.842223547106443,0.19627479244282503,21.52196144722441,3.011369640472339,21.55753004713694,0.19627479243919183,1.5673226870936143,1.5707963267948961,0.001585821999469772,0.0,0.0,0.0,0.0,0.0,0.0,0.0,0.0,0.0,0.0,0.0,0.0,1.5685043527593934,1.5705958172000256
5.3987040519714355,0.007478935245368205,0.09540141950256596,1.0000943550934753,0.9999851576480517,-3.6224334654928346e-05,-0.005377447977680922,-0.0008753425877853201,-0.0021644254530937376,0.018269843896714613,-0.0003849666103438138,-0.0004440247314431406,0.0033745655722745784,-0.0002555410232774371,0.0,0.0,1.0,19.809914556959765,3.267888442944073,19.84010666058307,2.0043535270408697e-07,21.52399567468044,3.0090064649074875,21.559884255462503,2.0043535270408697e-07,1.5666184107550047,1.5704187316959988,0.0013562770036514848,0.0,0.0,0.0,0.0,0.0,0.0,0.0,0.0,0.0,0.0,0.0,0.0,1.5683355433785677,1.5706244614278642
5.409416675567627,0.007457846491146349,0.0955835768034876,1.0000903298087016,0.9999852370758127,-3.886363504426597e-05,-0.005362434498064064,-0.0008765935788728647,-0.0021088754221856025,0.018215730092164015,-0.00040252847737978867,-0.0005318254832783066,0.0030022837850068795,-0.0002472332879179921,0.0,0.0,1.0,19.80791792961557,3.279110375906533,19.837346158761036,0.19682388847482787,21.526811933669034,3.0192651060252103,21.56185123865846,0.19682388847103854,1.5666650310398265,1.5707963267948961,0.0015423109871335328,0.0,0.0,0.0,0.0,0.0,0.0,0.0,0.0,0.0,0.0,0.0,0.0,1.5680902387180586,1.5705950714661692
5.418725252151489,0.007437455749833968,0.095765199782148,1.0000861472620648,0.9999853057337138,-4.191242367744196e-05,-0.005349393625468839,-0.0008778085437522198,-0.0020390741312380474,0.01816229786603967,-0.0004182546636852251,-0.0006133375341400443,0.002607684583423089,-0.00023960620256487723,0.0,0.0,1.0,19.805297465471636,3.2779092380419916,19.835098807529928,2.047075041700097e-07,21.528946770376926,3.017075217907351,21.564368009114787,2.047075041977653e-07,1.565931200801993,1.5704166173393244,0.0012145400105509907,0.0,0.0,0.0,0.0,0.0,0.0,0.0,0.0,0.0,0.0,0.0,0.0,1.5678866376211684,1.5706238222274158
5.429460048675537,0.007417735315566128,0.09594629877071936,1.0000818087001782,0.9999853639899816,-4.537774935292897e-05,-0.005338269505609683,-0.00087899110877228,-0.001972043426784044,0.018109898857136156,-0.0004338561886675271,-0.0006962726333442122,0.0022242551412038976,-0.00023269857508172433,0.0,0.0,1.0,19.803130298507856,3.289488165866714,19.832214452973606,0.1974062247576656,21.53185761076656,3.027522362065568,21.56648463560172,0.19740622475374736,1.565954017534434,1.5707963267948961,0.0016619030211586505,0.0,0.0,0.0,0.0,0.0,0.0,0.0,0.0,0.0,0.0,0.0,0.0,1.5676072895041433,1.570594221529117
5.439352035522461,0.007398823206042844,0.09612688189351752,1.0000773323420853,0.999985411367985,-4.922597267859386e-05,-0.0053291625091857735,-0.0008801448495068582,-0.0018912109523283914,0.018058312279816434,-0.0004476358092932569,-0.0007724657602102759,0.0018207571701179441,-0.0002265452190722046,0.0,0.0,1.0,19.800347684756392,3.288580765808798,19.82985776680047,2.0754959798030548e-07,21.534072332438594,3.025462614521537,21.569143572011274,2.0754959800806105e-07,1.5651935324968143,1.5704143685079928,0.0018401240231469274,0.0,0.0,0.0,0.0,0.0,0.0,0.0,0.0,0.0,0.0,0.0,0.0,1.5673711077941848,1.5706230937099426
5.449162721633911,0.007380685978905487,0.09630696074871825,1.0000727192156664,0.9999854482763776,-5.346210089325615e-05,-0.005322004694645913,-0.0008812736954352897,-0.0018137227137357543,0.01800788552007269,-0.0004613126418799242,-0.0008496760631092784,0.0014308467940305845,-0.00022117392186926156,0.0,0.0,1.0,19.798032585826736,3.3004653019957644,19.826871822043515,0.19801591398723165,21.537056771605368,3.0360554929180488,21.571388602731236,0.19801591398320853,1.5651959067707173,1.5707963267948961,0.0014552279899362475,0.0,0.0,0.0,0.0,0.0,0.0,0.0,0.0,0.0,0.0,0.0,0.0,1.567060025608846,1.5705932758239498
5.458794116973877,0.007363456724259934,0.09648654465200122,1.0000679873673064,0.999985474275822,-5.805032194119636e-05,-0.0053168854104219945,-0.0008823814663001814,-0.001722925464555293,0.017958390328296738,-0.0004731848359964187,-0.0009197119887474755,0.0010230727687908705,-0.00021660792213035743,0.0,0.0,1.0,19.79511170177748,3.2997959704083444,19.824429619994866,2.090525368925178e-07,21.539329356515033,3.0340797105191926,21.574167752856887,2.0905253692027337e-07,1.5644120582702736,1.5704120068961154,0.0015289199945982546,0.0,0.0,0.0,0.0,0.0,0.0,0.0,0.0,0.0,0.0,0.0,0.0,1.5667937229176847,1.5706222831055137
5.468095064163208,0.007347095809681449,0.09666564634591442,1.0000631375860844,0.9999854898134724,-6.299374858808976e-05,-0.00531372477935853,-0.0008834722785868216,-0.0016360914578484914,0.017910169391318755,-0.00048497812219451975,-0.0009903885088619563,0.0006312738197772583,-0.00021286312460126443,0.0,0.0,1.0,19.792674251457058,3.3119296747566223,19.821367130646603,0.1986465677820067,21.542364933698472,3.0447721818647033,21.57651823476509,0.19864656777790182,1.5643977177827202,1.5707963267948961,0.0012653959856834263,0.0,0.0,0.0,0.0,0.0,0.0,0.0,0.0,0.0,0.0,0.0,0.0,1.5664534851109118,1.570592243647028
5.478712797164917,0.007331731015291657,0.09684427620790612,1.0000581877667303,0.9999854944844737,-6.825452662919807e-05,-0.005312601352222436,-0.0008845500750011869,-0.0015364794389792363,0.017862986199170663,-0.0004949819354126421,-0.0010534842084532101,0.00022377115964996257,-0.0002099503106242167,0.0,0.0,1.0,19.789642052015836,3.311438089084737,19.81886598726129,2.0925294363927094e-07,21.544671809750394,3.042831321378194,21.579393714833966,2.0925294363927094e-07,1.5635942225701647,1.5704095563790534,0.0013808690127916634,0.0,0.0,0.0,0.0,0.0,0.0,0.0,0.0,0.0,0.0,0.0,0.0,1.5661598040640272,1.5706213983824378
5.489244699478149,0.007317316118856405,0.09702244799136645,1.0000531384725373,0.9999854887734155,-7.383404611356972e-05,-0.005313423571331453,-0.000885619037113954,-0.001441489643525207,0.017817178346032282,-0.0005049294192933236,-0.0011168781231985186,-0.00016541998515184143,-0.00020787320321235294,0.0,0.0,1.0,19.78711083437913,3.323759499943116,19.815754882844555,0.19929130822640478,21.547734298238467,3.0535741197954094,21.581824768623267,0.19929130822224234,1.5635672817275565,1.5707963267948961,0.001383233000524342,0.0,0.0,0.0,0.0,0.0,0.0,0.0,0.0,0.0,0.0,0.0,0.0,1.5657932924220468,1.570591135239097
5.498677492141724,0.007303973254134766,0.09720017299482782,1.0000480074871991,0.9999854723083493,-7.969256863491514e-05,-0.0053162594379014775,-0.000886683106518829,-0.001334286472163825,0.01777250034613795,-0.0005130985338161695,-0.0011723162153517745,-0.0005682045517076496,-0.00020662982351028015,0.0,0.0,1.0,19.783997315279063,3.323380881314286,19.81322421930892,2.082186391916263e-07,21.550050127752346,3.0516166670136435,21.58477068355857,2.0821863921938188e-07,1.5627482970947395,1.570407043027421,0.0012527079961728305,0.0,0.0,0.0,0.0,0.0,0.0,0.0,0.0,0.0,0.0,0.0,0.0,1.5654752908942624,1.570620448318497
5.5093159675598145,0.007291649283200851,0.09737746583844574,1.0000427951910957,0.999985445612819,-8.582995894281617e-05,-0.005321005738164221,-0.0008877464079980624,-0.001232397093391572,0.01772928436179236,-0.0005212296103454189,-0.0012277495191096227,-0.0009503460826897415,-0.00020621199762296976,0.0,0.0,1.0,19.781404185085886,3.3358238056348997,19.810094962814457,0.1999428101000359,21.55311380260104,3.0623578743252162,21.587255098690054,0.19994281009584017,1.5627132554759926,1.5707963267948961,0.0014178720011841506,0.0,0.0,0.0,0.0,0.0,0.0,0.0,0.0,0.0,0.0,0.0,0.0,1.5650857203514734,1.5705899618483432
5.518779277801514,0.007280460405787024,0.09755433859155456,1.0000375193276714,0.999985408347716,-9.220478122265793e-05,-0.0053277201322043674,-0.0008888127607008533,-0.0011188877413826892,0.017687275310882274,-0.0005275863424361193,-0.0012748892172848142,-0.0013440124609503338,-0.00020660521897822363,0.0,0.0,1.0,19.778242669826323,3.3354893667252026,19.80756645913543,2.0608524656240412e-07,21.555411947440003,3.0603304485726066,21.59024304567851,2.0608524656240412e-07,1.5618833713777864,1.5704044949955545,0.0012490719964262098,0.0,0.0,0.0,0.0,0.0,0.0,0.0,0.0,0.0,0.0,0.0,0.0,1.5647467967978332,1.5706194425549935
5.528480291366577,0.007270346267243147,0.09773080658802889,1.0000321801619125,0.9999853610754201,-9.881559854393819e-05,-0.005336288320576881,-0.0008898861159887912,-0.0010114138543876278,0.0176467996474327,-0.0005339165758839965,-0.00132176564776191,-0.0017148184025046745,-0.0002077902171105051,0.0,0.0,1.0,19.775622088409754,3.347983442721979,19.804452178025503,0.2005933728912162,21.558449181931106,3.0710161853151203,21.592751724678276,0.2005933728870105,1.5618450958919947,1.5707963267948961,0.0016142840031534433,0.0,0.0,0.0,0.0,0.0,0.0,0.0,0.0,0.0,0.0,0.0,0.0,1.5643377360235409,1.570588735760788
5.538839817047119,0.007261416868383903,0.09790688250968765,1.0000267954846003,0.9999853034888193,-0.0001056194924548327,-0.0053467582004483715,-0.0008909700573566257,-0.0008929398859244503,0.017607592165876783,-0.0005384677312292554,-0.0013600534445529602,-0.00209519629661991,-0.00020974075869550926,0.0,0.0,1.0,19.772447929481057,3.347621103968316,19.80196036010111,2.0363699024250614e-07,21.560700756343678,3.0688643518787697,21.595751891901642,2.0363699027026172e-07,1.5610093132440708,1.5704019422824944,0.0013343490136321634,0.0,0.0,0.0,0.0,0.0,0.0,0.0,0.0,0.0,0.0,0.0,0.0,1.5639816445761772,1.5706183916228034
5.548341989517212,0.007253604408914489,0.09808258224361749,1.0000213655194337,0.9999852361910287,-0.00011261397201514256,-0.005359004785505291,-0.0008920682569562249,-0.0007812459469413127,0.017569973392982868,-0.0005429965166601018,-0.0013978688682357368,-0.002450576156167497,-0.00021242782147987501,0.0,0.0,1.0,19.769836322458865,3.3600925878482752,19.798896681741876,0.20123501857322798,21.56368192939854,3.079439628946526,21.598254293520515,0.2012350185690207,1.5609729978347366,1.5707963267948961,0.001349711004877463,0.0,0.0,0.0,0.0,0.0,0.0,0.0,0.0,0.0,0.0,0.0,0.0,1.5635570258144478,1.5705874702884735
5.5589635372161865,0.007247012484996982,0.09825791891946271,1.0000159081911104,0.9999851589081024,-0.00011975487799376748,-0.005373066602608919,-0.0008931839624469677,-0.0006591923917507018,0.017533667584522912,-0.0005457328323245601,-0.0014268488450957094,-0.0028136536378654533,-0.00021581467362717695,0.0,0.0,1.0,19.766686883202777,3.3596278724900563,19.796478033983835,2.0111979190384766e-07,21.565856552556614,3.0771088197563414,21.601235283956473,2.0111979190384766e-07,1.5601366787807842,1.5703994163735233,0.0015175120206549764,0.0,0.0,0.0,0.0,0.0,0.0,0.0,0.0,0.0,0.0,0.0,0.0,1.5631878789602034,1.5706173069322482
5.568833589553833,0.0072415656805086695,0.09843290881134614,1.0000104237654734,0.9999850722864968,-0.0001270389367780665,-0.005388808417964584,-0.000894320475597471,-0.0005446804488312874,0.01749898918834334,-0.0005484425636908564,-0.0014552014556952631,-0.003149683411175864,-0.0002198642157366664,0.0,0.0,1.0,19.764122376478763,3.3720006223999475,19.793502253638053,0.2018596117205272,21.568750700343784,3.0875185051615777,21.603699462437415,0.20185961171632288,1.5601077834197563,1.5707963267948961,0.001669703982770443,0.0,0.0,0.0,0.0,0.0,0.0,0.0,0.0,0.0,0.0,0.0,0.0,1.5627519932202865,1.5705861797095733
5.578601837158203,0.007237361021342355,0.09860756532747667,1.00000493039635,0.9999849760871108,-0.00013442101674335434,-0.0054062598441422145,-0.0008954806243079817,-0.00042046591663146026,0.017465651613052777,-0.0005493369123445049,-0.0014745253281203794,-0.00349162772601136,-0.00022453076425179165,0.0,0.0,1.0,19.761036384377444,3.371357750889421,19.791194545273793,1.980361699627231e-07,21.570816888222414,3.08495504837482,21.606628654357547,1.980361699627231e-07,1.5592765847734011,1.5703969497762016,0.0015296700003091246,0.0,0.0,0.0,0.0,0.0,0.0,0.0,0.0,0.0,0.0,0.0,0.0,1.5623742489630679,1.5706162007217623
5.589109659194946,0.007234315366826632,0.09878190495899301,0.9999994284710472,0.9999848710028958,-0.0001418973542690691,-0.005425275871010541,-0.0008966672662406371,-0.00030456545157230984,0.017433963151634757,-0.0005501925302943636,-0.001493125227787462,-0.0038045689385749477,-0.00022977106718571937,0.0,0.0,1.0,19.758558085349026,3.383554386424043,19.788344882600228,0.20245899536865347,21.573592146425256,3.095144916143199,21.609021673030863,0.2024589953644677,1.5592607565180556,1.5707963267948961,0.0014207190251909196,0.0,0.0,0.0,0.0,0.0,0.0,0.0,0.0,0.0,0.0,0.0,0.0,1.5619317255074012,1.5705848791581107
5.598744630813599,0.007232519061735767,0.09895594122102871,0.9999939364540699,0.9999847568318031,-0.00014942213751329775,-0.005445877674223328,-0.0008978827440231001,-0.00017963050908654203,0.017403626203569996,-0.0005492016977259559,-0.0015025613885406857,-0.0041217371386474445,-0.00023553221669580222,0.0,0.0,1.0,19.75557495019409,3.3826574970298937,19.786186305254866,1.945320521612448e-07,21.575517908346853,3.092297097237518,21.611865616754482,1.945320521612448e-07,1.5584405432158328,1.5703945754707263,0.0014279769966378808,0.0,0.0,0.0,0.0,0.0,0.0,0.0,0.0,0.0,0.0,0.0,0.0,1.5615501585089233,1.5706150859633659
5.608144283294678,0.0072318812056178525,0.09912969065021579,0.9999884549186581,0.9999846343166006,-0.00015699142391859385,-0.005467910997838626,-0.0008991294163365585,-6.378561179151346e-05,0.017374942918707528,-0.0005481535411774583,-0.0015112390432821025,-0.004408053002730391,-0.00024176683461703944,0.0,0.0,1.0,19.753222234717065,3.3946006747532897,19.783500984245116,0.20302513264071215,21.578142174517,3.1022148941571746,21.614153980204623,0.20302513263655825,1.5584435202035158,1.5707963267948961,0.0013693970104213804,0.0,0.0,0.0,0.0,0.0,0.0,0.0,0.0,0.0,0.0,0.0,0.0,1.5611059277527675,1.5705835844644174
5.618664503097534,0.007232485283265752,0.09930316669704913,0.9999830026989502,0.9999845032947502,-0.00016455903479255585,-0.0054913890901219856,-0.0009004090940914817,6.04077647899369e-05,0.017347604683333,-0.0005452219707775598,-0.001510680496636514,-0.004697010261549333,-0.00024841654678789545,0.0,0.0,1.0,19.75038094467704,3.393375169057199,19.781529473719527,1.9068087203644168e-07,21.579895347767433,3.09903403756823,21.61687919091762,1.9068087206419726e-07,1.5576402711153892,1.570392326314967,0.001329307007836178,0.0,0.0,0.0,0.0,0.0,0.0,0.0,0.0,0.0,0.0,0.0,0.0,1.56072558381716,1.5706139762259144
5.629357814788818,0.007234232416850059,0.09947638577314069,0.9999775805892334,0.9999843645629264,-0.00017212117435625072,-0.005516148886030529,-0.0009017235988467801,0.00017471335843066512,0.017321907609156303,-0.0005422109716835766,-0.0015093939435071079,-0.004953353350416367,-0.00025543141955256036,0.0,0.0,1.0,19.748191745415134,3.404989032730809,19.779046495502932,0.2035502647714455,21.58233601201593,3.108630615975148,21.61903019683392,0.2035502647673362,1.557667797864409,1.5707963267948961,0.001449433999368921,0.0,0.0,0.0,0.0,0.0,0.0,0.0,0.0,0.0,0.0,0.0,0.0,1.5602848248597643,1.5705823119529219
5.638757228851318,0.007237199115196529,0.09964936109503111,0.9999722078137778,0.9999842180021609,-0.0001796316329642015,-0.005542195966954307,-0.0009030741647195776,0.00029666983464698814,0.017297532189042182,-0.000537277545555403,-0.0014988658121327556,-0.005210804403453397,-0.0002627462719690669,0.0,0.0,1.0,19.745529805668244,3.403363084136446,19.777299028133985,1.8648772795448743e-07,21.583884630891614,3.1050722341347745,21.621603931733087,1.8648772795448743e-07,1.5568875040948233,1.5703902343614438,0.0011874529882334173,0.0,0.0,0.0,0.0,0.0,0.0,0.0,0.0,0.0,0.0,0.0,0.0,1.5599109638604278,1.5706128855017754
5.650161504745483,0.007241278681492505,0.09982210878158537,0.9999668853891699,0.9999840644673841,-0.00018708710789052622,-0.005569358858514459,-0.0009044620554662241,0.0004079566295975638,0.017274768655426535,-0.0005322424607907149,-0.0014877093403231729,-0.005433959467317756,-0.0002703134215851833,0.0,0.0,1.0,29.999999999999467,6.075584479958707e-12,29.999999999999538,0.3610401617073141,3.26139115713886e-12,11.553267388964208,0.6902255581116741,0.36104017094380303,2.194395102392713,1.5707963267948923,0.002276622981298715,0.0,0.0,0.0,0.0,0.0,0.0,0.0,0.0,0.0,0.0,0.0,0.0,1.55947904103677,1.5705810781960137
5.659361362457275,0.0073106836201146715,0.09999451288037604,1.000017018174391,0.9999833914609717,-0.00020734355600037765,-0.005575545758885709,-0.0014446800175803838,0.006940493862216637,0.01724040987906675,0.005013278522106784,-0.00465186484652885,-0.0012215607327979187,-0.10801966610658753,0.0,0.0,1.0,28.84442848360367,0.03954957827939556,29.99999999997653,5.60065160915002e-10,1.867439122212535,1.3051260511650646,2.7810623525940894,5.600652164261533e-10,1.1471975511975523,1.569186581041219,0.002217175002442673,0.0,0.0,0.0,0.0,0.0,0.0,0.0,0.0,0.0,0.0,0.0,0.0,1.58947904103677,1.5706118279958534
5.669703006744385,0.00737989056190575,0.10016633818729202,1.00008132841568,0.9999826067661287,-0.00023112427311132867,-0.005419296650046245,-0.0023160247422787782,0.006920694179107901,0.017182530691598048,0.006431024128903861,-0.00577288819434255,0.03127769425909625,-0.1742333025421605,0.0,0.0,1.0,29.99999999996797,2.0624944391256506e-09,29.99999999959813,0.0018312827096724957,6.322899315236441e-09,8.564682296707815e-11,3.231632739186807e-10,0.0018312827470552107,2.1943951021364585,1.5707963267948966,0.0022507759858854115,0.0,0.0,0.0,0.0,0.0,0.0,0.0,0.0,0.0,0.0,0.0,0.0,1.55947904103677,1.5704082212880486
5.680359840393066,0.007436310080807215,0.10033763348892015,1.0001914470883233,0.9999798204511811,-0.00025911927767550546,-0.005278870105060621,-0.0035249224157762184,0.00564195189014644,0.01712953016281324,0.01101186726432759,-0.006974355340686538,0.028124721170436177,-0.24173984587036612,0.0,0.0,1.0,29.999999999960124,0.002618752398947083,25.09356976836532,0.024711815210861954,1.7216740651735336,0.0026187962925022686,1.7216740599748377,0.024711815682450372,1.6707963267948966,1.5707963093615767,0.002453390014125034,0.0,0.0,0.0,0.0,0.0,0.0,0.0,0.0,0.0,0.0,0.0,0.0,1.58947904103677,1.570463664931884
5.689519882202148,0.007439440495715458,0.10050882754296132,1.000198571841594,0.9999705090535798,-0.0002951489317905906,-0.005812666393281353,-0.005010670577131741,0.0003130414908243083,0.017119405404117556,0.0007124753270690079,-0.008398567663956776,-0.10671538152514648,-0.29713994802518107,0.0,0.0,1.0,29.999999999873953,1.6871102864355822e-07,21.66230719159728,0.028204900722681555,1.6682166759096617e-10,1.6870793561989117e-07,1.52931223240671e-10,0.028204928026644698,1.6707967054522097,1.570830048121566,0.0020852379966527224,0.0,0.0,0.0,0.0,0.0,0.0,0.0,0.0,0.0,0.0,0.0,0.0,1.6010957961450738,1.5705111855646972
5.700407028198242,0.007365479651021385,0.10068057053406745,1.0000078137433075,0.9999498748154854,-0.0003438140639105888,-0.007399629645351053,-0.006736106404706923,-0.007396084469407323,0.017174299110612606,-0.01907580982865313,-0.010149493278375651,-0.3173544858960036,-0.3451350863884222,0.0,0.0,1.0,29.999999999989416,0.0011322705213666002,29.999999999980247,2.1404153414950056e-09,1.8750000008450742,0.0011322704647881911,1.8750000006016467,2.1403098460215375e-09,1.670796326794896,1.5707773827290274,0.002492515981430188,0.0,0.0,0.0,0.0,0.0,0.0,0.0,0.0,0.0,0.0,0.0,0.0,1.611053068903236,1.5705567373585356
5.709740400314331,0.007277734372111637,0.10085257462670599,0.9998677310788185,0.9999211851913367,-0.0003996980319263258,-0.008971487858675136,-0.008773599753638946,-0.008774527890974762,0.017200409263854147,-0.014008266448892644,-0.012075917881309193,-0.3143338746769511,-0.40754272643877504,0.0,0.0,1.0,29.999999999979124,0.007339932490882326,24.926863014590303,0.001658011805273355,2.706296482622972,0.007339932160260823,4.0442271753704517e-10,0.0016580118077242135,1.6707963174381746,1.5707963267948966,0.002255850995425135,0.0,0.0,0.0,0.0,0.0,0.0,0.0,0.0,0.0,0.0,0.0,0.0,1.619587820030616,1.5705882581257486
5.7202064990997314,0.007132777204406164,0.10102585546877037,0.9996219989023886,0.9998759821885016,-0.0004703770091718977,-0.01120274906445904,-0.011058815553526877,-0.01449571677054734,0.017328084206436917,-0.024573217643000314,-0.014323437825327622,-0.44624027925703125,-0.45713878157327253,0.0,0.0,1.0,24.815757863555252,0.06319677826802994,19.99373128151799,1.2438309925739618e-07,3.0117686122821397e-10,0.06319677771590963,1.3578633080590998,1.2438309905226513e-07,1.670797722991502,1.570796398037107,0.0023958329984452575,0.0,0.0,0.0,0.0,0.0,0.0,0.0,0.0,0.0,0.0,0.0,0.0,1.6269033196602671,1.5706179822213413
5.729536294937134,0.006947349858535802,0.10120055982126828,0.9989875166510119,0.9998124695879299,-0.000555437912177192,-0.013884491013662436,-0.013488441514927507,-0.018542734587036203,0.017470435249791545,-0.06344822513765991,-0.016528401942413135,-0.5363849144134333,-0.486068168232182,0.0,0.0,1.0,24.834491015181648,0.2801649941024142,29.99999999997376,0.01750987850472928,1.9543133298981301,0.28016449556289086,9.657848827745767,0.017509878504680457,1.6706499897549536,1.570796326794896,0.0024296809860970825,0.0,0.0,0.0,0.0,0.0,0.0,0.0,0.0,0.0,0.0,0.0,0.0,1.6331739487075865,1.570643470195022
5.7398881912231445,0.006798264007153366,0.10137505393915514,0.998310161106692,0.9997474260529163,-0.000635188075903966,-0.01563362982516918,-0.01613289357698005,-0.014908585138243642,0.01744941178868526,-0.06773555443198732,-0.018579041185216322,-0.34986474032339154,-0.5289404332122625,0.0,0.0,1.0,27.568699360220453,2.709770669744412,29.9999999999835,1.654572453352321e-08,3.6092417943223154e-10,2.710890183659694,6.01998926288016,1.654572453352321e-08,1.6701699300853612,1.570793832359772,0.0020561130077112466,0.0,0.0,0.0,0.0,0.0,0.0,0.0,0.0,0.0,0.0,0.0,0.0,1.6385276688572104,1.5706653068521468
5.749057769775391,0.006657367774469548,0.10154946474314631,0.9976378283220347,0.9996749788728451,-0.0007097561566905581,-0.016939372690656467,-0.019039183664793704,-0.014089623268381715,0.01744108039911733,-0.06723327846572444,-0.019793176949359247,-0.2611809702376477,-0.5812786724867552,0.0,0.0,1.0,29.999999999919915,29.999999999817252,29.999999999976637,1.874999563278402,2.20101469333534,29.99999999981776,12.633484845095179,1.874999563279894,1.4608415198453695,1.5707963267948966,0.0021646409877575934,0.0,0.0,0.0,0.0,0.0,0.0,0.0,0.0,0.0,0.0,0.0,0.0,1.6430479918898033,1.5706836676389504
5.759291172027588,0.007540981708474706,0.10165579901706179,0.9972388354585227,0.9995464816870349,-0.0003545750234316523,-0.017422728396567357,-0.024559188888121065,0.08836139340051581,0.010633427391547648,-0.03989928635120406,0.05413463082240718,-0.09493949815483169,-1.1054091224145297,0.0,0.0,1.0,29.99999999998728,1.6890666643121222e-10,29.999999999969464,7.619793684909837e-11,6.2433991266977795,29.999999999978552,1.5005952036517556e-10,7.619793684909837e-11,2.194395102393018,1.4696039505017353,0.002080948994262144,0.0,0.0,0.0,0.0,0.0,0.0,0.0,0.0,0.0,0.0,0.0,0.0,1.6170184958834557,1.5706997618040857
5.769841909408569,0.00884099997686448,0.10174570364505506,0.9969708870378738,0.9993519916051128,-8.895118816277854e-05,-0.017786371225256947,-0.03129271418746027,0.1300018268389774,0.008990462799327083,-0.02679484206487763,0.031409998445920975,-0.07159162627949964,-1.3480112149411236,0.0,0.0,1.0,29.999999999837303,0.12285410073899262,25.73568257050523,0.12285409809380857,4.353770677312241e-09,3.808475550829254,1.6889600809532432,0.12285409819250373,1.1471975511970722,1.5707963267948966,0.002441660995827988,0.0,0.0,0.0,0.0,0.0,0.0,0.0,0.0,0.0,0.0,0.0,0.0,1.6470184958834557,1.556257503046607
5.779988527297974,0.01001932599063116,0.10184294098792161,0.9966168222235219,0.9991042965885707,0.00013677662167039666,-0.01873564720351993,-0.03794155181695148,0.11783260137666789,0.009723734286655971,-0.03540648143519915,0.0274014527440125,-0.18908370050397405,-1.3312859323977075,0.0,0.0,1.0,29.575151489541042,2.6653286661071363e-09,29.999999999933845,1.0561475013001502,1.9468573602724273,1.5238299511111109e-10,4.671142109274111,1.0561475020986992,2.1943951023484685,1.5705838542299897,0.0022254259965848178,0.0,0.0,0.0,0.0,0.0,0.0,0.0,0.0,0.0,0.0,0.0,0.0,1.6170184958834557,1.5583344778677912
5.789081573486328,0.01111271766714363,0.10194584004766884,0.9963091150661683,0.998815895305527,0.0003430772399261215,-0.019595642271449047,-0.0445275239261681,0.10933916765124693,0.010289905974722525,-0.03077071573536547,0.023078645796767078,-0.1715415835499428,-1.3189623196686926,0.0,0.0,1.0,29.99999999992541,1.8749997384885357,29.999999999983807,29.9999999999245,5.733005181696171e-10,1.8749999761681548,11.359581493826902,29.999999999924515,1.6707963267948966,1.5401047328761368,0.002122795005561784,0.0,0.0,0.0,0.0,0.0,0.0,0.0,0.0,0.0,0.0,0.0,0.0,1.6470184958834557,1.5600843887766767
5.799291372299194,0.013136942195541512,0.10196917483290681,0.9961585827099971,0.9986156468937597,0.0005112420120143448,-0.019696001926179235,-0.04877085111710654,0.20242245283978832,0.0023334785237966137,-0.015053235617113872,0.01787053252612817,-0.019626587695951075,-0.8500985780059913,0.0,0.0,1.0,29.999999999996625,2.556954648014198e-11,28.717763201922743,3.649516844674018,1.7793261596229064,2.556954648014198e-11,1.0739853451013914e-11,29.999999999953854,1.6115143666001017,1.047197551196771,0.0022216540237423033,0.0,0.0,0.0,0.0,0.0,0.0,0.0,0.0,0.0,0.0,0.0,0.0,1.6504153288708043,1.5572301522194567
5.8098530769348145,0.015516741472124623,0.10197493623859111,0.9960298180912119,0.9984550554232019,0.000364860136331098,-0.019735808726824577,-0.05194099566652237,0.2379799276583111,0.0005761405684303787,-0.01287646187851758,-0.04131904793949232,-0.010334934121496874,-0.6341379961296758,0.0,0.0,1.0,29.999999999985516,0.57850719943939,26.722632425158817,5.742473163650175e-11,10.827704281712276,0.5785071996001804,2.0469799050964097,18.51222972224822,1.6707963267948966,1.0471975511966936,0.002227527991635725,0.0,0.0,0.0,0.0,0.0,0.0,0.0,0.0,0.0,0.0,0.0,0.0,1.6448580485464181,1.5272301522194567
5.819228172302246,0.017879540735177377,0.1019868168853069,0.995913689115226,0.9982882930503105,5.6883881377417194e-05,-0.020414774878989548,-0.054806182950112386,0.23627992630527556,0.0011880646715793585,-0.011612897598585348,-0.06574413914651034,-0.13965027732271376,-0.572620167886426,0.0,0.0,1.0,29.999999999997023,10.473434400521882,24.332965281753538,1.1316942856366212,10.715675993874061,10.47343440311834,5.0247361826905035e-11,16.399042650167917,1.66772490669381,1.0471975511966414,0.0023168569896370173,0.0,0.0,0.0,0.0,0.0,0.0,0.0,0.0,0.0,0.0,0.0,0.0,1.6485635168676294,1.4972301522194567
5.829420328140259,0.020281631754582682,0.10199464932617212,0.9957510540827368,0.9980892648112348,-0.0003589467037461785,-0.02198071585873941,-0.057745465243338095,0.24020910194053044,0.0007832440865225096,-0.016263503248923068,-0.0778579510892901,-0.31805678908282714,-0.5873172898731681,0.0,0.0,1.0,29.999999999985377,19.595276048282646,19.576183879214227,1.3532241993630123e-10,6.361666748944117e-11,22.234799014137497,1.502308604247389,29.999999999976822,2.194395102381214,1.0471975511967542,0.0020596730173565447,0.0,0.0,0.0,0.0,0.0,0.0,0.0,0.0,0.0,0.0,0.0,0.0,1.6513008582713695,1.4672301522194566
5.8401148319244385,0.023386625145592456,0.10193055037121447,0.995424537281475,0.9978570426212733,-0.0010061957043813762,-0.02426196788468102,-0.060759089654906805,0.31049933910097727,-0.006409895495764774,-0.03265168012618125,-0.11612134501813806,-0.46365944682108545,-0.601575040421424,0.0,0.0,1.0,29.999999999956295,0.8675294233754478,29.99999999992278,0.16531678358158322,1.818181820970426,1.184119469144207e-11,1.7271626351345049e-09,4.587923391303946,1.1471975511967691,1.047197551196719,0.0025843160110525787,0.0,0.0,0.0,0.0,0.0,0.0,0.0,0.0,0.0,0.0,0.0,0.0,1.6813008582713695,1.4372301522194566
5.849350690841675,0.02625494819306742,0.10189439156599922,0.9951421257021713,0.9976006980702931,-0.001666743269077934,-0.026483450456511803,-0.0639429122612959,0.2868323047474965,-0.003615880521524443,-0.028241157930364365,-0.12033241539450079,-0.4519756076995023,-0.6357584770346959,0.0,0.0,1.0,29.99999999999389,4.014333310209395e-11,26.35683310438557,3.009471005732678e-10,1.465001453482273e-10,0.6529618764955022,1.7077827989101315,21.547741859262178,2.1943951022487003,1.0471975511973775,0.0022557390038855374,0.0,0.0,0.0,0.0,0.0,0.0,0.0,0.0,0.0,0.0,0.0,0.0,1.6513008582713695,1.4072301522194566
5.860024929046631,0.0291193594903722,0.10186969068110105,0.9948062441623711,0.9973509196934454,-0.0025318631631196147,-0.028982387662298954,-0.06666898725009855,0.2864411297304778,-0.002470088489816475,-0.03358815398002536,-0.1551737898770143,-0.5100674540653384,-0.5433532310408036,0.0,0.0,1.0,29.999999999983892,0.7622908035618511,23.965013620788763,0.7622907944238952,1.6353034459142162,2.1511759040748757e-10,2.7155322435135076e-10,24.39330550735094,1.3527902631883792,1.0471975511967406,0.002332513016881421,0.0,0.0,0.0,0.0,0.0,0.0,0.0,0.0,0.0,0.0,0.0,0.0,1.6813008582713695,1.3772301522194565
5.8697829246521,0.032032841882114846,0.10185346323491894,0.9943608385559092,0.9971129677941172,-0.0036692279191912246,-0.031988446485263035,-0.06876776508469723,0.291348239174265,-0.0016227446182107324,-0.044540560646189366,-0.19907467929267186,-0.6151025331922635,-0.41674690719183083,0.0,0.0,1.0,29.999999999898062,1.1321571458111634e-09,23.000602166484317,5.868658892183021e-10,1.3865681935953944e-09,0.45785769972440227,1.6060788577609049,15.109303228560282,1.9402798680214013,1.0471975511969003,0.0025496419984847307,0.0,0.0,0.0,0.0,0.0,0.0,0.0,0.0,0.0,0.0,0.0,0.0,1.6513008582713695,1.3472301522194565
5.878974199295044,0.03478894750101344,0.1018654154466915,0.9937725694184769,0.9968443863040463,-0.00493925511316559,-0.03565834364076962,-0.07074853907914301,0.2756105618898596,0.001195221177257044,-0.05882691374322937,-0.21566815144927245,-0.7495948971695505,-0.39327418582160223,0.0,0.0,1.0,29.999999999881947,0.034800031912860345,29.99999999998709,0.034800004936517095,1.8537642356210409,0.4447834362304357,1.1742200791925583,0.6688150747806496,1.5997345951348092,1.0471975511967757,0.0021256609761621803,0.0,0.0,0.0,0.0,0.0,0.0,0.0,0.0,0.0,0.0,0.0,0.0,1.6813008582713695,1.3172301522194565
5.889217376708984,0.03731921116636638,0.10191218865980102,0.9932403264064396,0.9965434752888707,-0.006185958724134607,-0.03917752560591475,-0.07299285760429527,0.25302636653529387,0.004677321310951908,-0.05322430120374,-0.2150621775458298,-0.7191870798114879,-0.4462918360651975,0.0,0.0,1.0,29.60999176716073,1.9602184528388387,29.999999999973188,9.566111174030834e-09,5.466254116015534e-10,19.415972857709182,3.5247742153114334,8.098776094200844e-10,1.6541637114155872,1.241180761537998,0.0021490130166057497,0.0,0.0,0.0,0.0,0.0,0.0,0.0,0.0,0.0,0.0,0.0,0.0,1.6696485349661467,1.2872301522194565
5.899966716766357,0.03983950273683527,0.10196788017986061,0.9927823309813489,0.9961790000140777,-0.007437906050607149,-0.04238375559106675,-0.07599799172695934,0.2520291570468899,0.005569152005958346,-0.04579954250906242,-0.2267160736996935,-0.6564463764977531,-0.5984293560069962,0.0,0.0,1.0,29.999999999388578,0.14880696663645443,29.999999999986326,0.3563765579109757,1.818181815299669,11.255247826278843,3.210591792424111e-10,0.3563767105414111,1.1471975511972266,1.5707963267948966,0.0026663799944799393,0.0,0.0,0.0,0.0,0.0,0.0,0.0,0.0,0.0,0.0,0.0,0.0,1.6674364173160667,1.280651667836391
5.909721374511719,0.04220587294621187,0.10205472346154493,0.9923820583464438,0.9957694225413821,-0.008684312004529703,-0.04545081171280035,-0.07938553754467942,0.23663702093766012,0.008684328168432277,-0.04002726349051746,-0.2310361991306475,-0.6284472542630863,-0.6751453795618734,0.0,0.0,1.0,29.323536747554808,4.407261777750193e-10,29.99999999999595,1.7453138934087065e-10,1.0932099669958006e-10,0.3907257836759612,1.7976829342074545,1.7453127831856818e-10,2.1943951023927806,1.5668965407287117,0.00244252901757136,0.0,0.0,0.0,0.0,0.0,0.0,0.0,0.0,0.0,0.0,0.0,0.0,1.6374364173160667,1.310651667836391
5.919962406158447,0.04436920406776071,0.1021818878841268,0.9920059908915472,0.9953311636004939,-0.009906598209472425,-0.0483200394700809,-0.08296329226358103,0.21633311215488346,0.012716442258187383,-0.03760674548966134,-0.2311524500719046,-0.5885962288604973,-0.7133574092997477,0.0,0.0,1.0,27.323567593531365,0.0017909213845354742,29.99999999998222,0.001790925948326355,2.0199150216179205,3.9817843466849467e-10,9.333628037314423,0.0017909259688469541,1.5612237966789697,1.5707963267948966,0.0022770659998059273,0.0,0.0,0.0,0.0,0.0,0.0,0.0,0.0,0.0,0.0,0.0,0.0,1.6674364173160667,1.3406516678363911
5.929291248321533,0.0463716691394937,0.1023448197345469,0.9916410763791785,0.9948896111148535,-0.01106815121780949,-0.05056228053753884,-0.0866926381603321,0.20024650717329895,0.016293185042010695,-0.03649145123686565,-0.23093731433222467,-0.4625074536022458,-0.7429332424472007,0.0,0.0,1.0,26.29994963811537,6.679140408349764e-08,29.999999999991093,0.006440274822591957,1.2606626853539638e-10,0.0009416723940644254,2.553317557385526e-10,0.0064402748916399695,1.6707972499764896,1.5707963328985635,0.0022820440062787384,0.0,0.0,0.0,0.0,0.0,0.0,0.0,0.0,0.0,0.0,0.0,0.0,1.6522631857964813,1.3706516678363911
5.940035104751587,0.048226866691534656,0.10254188241330502,0.991207361717664,0.9944423309764423,-0.01217056015972548,-0.05227254958447481,-0.09057542927017757,0.18551975520409583,0.0197062678758122,-0.043371466151459474,-0.22995690524691634,-0.3553491161773386,-0.772985229191323,0.0,0.0,1.0,25.26867069761524,0.012968627715763213,29.99999999995439,0.21395365733206317,1.7271459673133662,6.471541282703636e-07,1.727145968941385,0.21395365712399414,1.6707961743523414,1.5707959172266592,0.0025001169997267425,0.0,0.0,0.0,0.0,0.0,0.0,0.0,0.0,0.0,0.0,0.0,0.0,1.6549109092507683,1.399243762845273
5.949091911315918,0.04995517250661789,0.10277057613699414,0.9906829440651304,0.9939977898528074,-0.013198544083048552,-0.053344990115089336,-0.09459653392933044,0.1728305815083237,0.022869372368912892,-0.052441765253368286,-0.22814824119437577,-0.226778411622561,-0.7996700864523888,0.0,0.0,1.0,24.94550581950519,2.84482145913173e-08,29.99999999998786,6.293369004387607,1.686777384435345e-10,0.38139251398105184,8.549125851686767e-10,6.293373408073373,1.6708205973005257,1.5712111454390256,0.002104781015077606,0.0,0.0,0.0,0.0,0.0,0.0,0.0,0.0,0.0,0.0,0.0,0.0,1.6571802328367073,1.4237512134711854
5.959383726119995,0.05161235748648295,0.10302245229205069,0.9900682305148809,0.9935701018537845,-0.014159310673089827,-0.0537306057905353,-0.09864577347715235,0.1657184979865054,0.02518761550565457,-0.06147135502495005,-0.2280353635036667,-0.0887117137485442,-0.8038484537281918,0.0,0.0,1.0,29.138969699287852,0.4687375705638302,29.999999999973525,7.805335204893466,1.848092808473262,2.6383687456998928e-09,1.8480928154571106,7.6630172570262856,1.6458037585089598,1.0471975513325646,0.0020865680126007646,0.0,0.0,0.0,0.0,0.0,0.0,0.0,0.0,0.0,0.0,0.0,0.0,1.6591288563315385,1.4448169180380197
5.969913959503174,0.05317883167997506,0.10330520619869892,0.9894957663343735,0.9931317233500552,-0.01511043351593229,-0.05397151544235421,-0.10270409142564008,0.15664741934921075,0.02827539066482308,-0.05724641805074343,-0.2291017770161816,-0.05985542256881185,-0.805557220715301,0.0,0.0,1.0,29.999999999963187,14.359325195212895,29.999999999985878,2.4373392193410837e-11,5.497158284129e-10,1.0077269315900361,4.373373098603963,18.895660678126028,1.7105231490290214,1.0471975511973608,0.002507714001694694,0.0,0.0,0.0,0.0,0.0,0.0,0.0,0.0,0.0,0.0,0.0,0.0,1.657225270928313,1.4148169180380197
5.979588508605957,0.05489016942366668,0.10357690734445256,0.9890396872006305,0.992687514754868,-0.016114570677658188,-0.05401908463346892,-0.10674154372614751,0.17113377436916252,0.027170114575364005,-0.04560791337429812,-0.243395614861345,-0.02266775096914296,-0.8003759332355743,0.0,0.0,1.0,29.999999999996987,27.928277827348857,27.90778314180647,1.7310918680864729,1.7547813101122016,2.0231588862604055,3.4442670937551156e-11,27.17459493021152,2.19439510239236,1.0471975511966547,0.0026969519967678934,0.0,0.0,0.0,0.0,0.0,0.0,0.0,0.0,0.0,0.0,0.0,0.0,1.6648392535141285,1.3848169180380197
5.990141153335571,0.057229403441578654,0.10372801061972518,0.9887103841869314,0.9922090834398479,-0.01711608928916711,-0.05397758680131868,-0.11097114196947314,0.2339234017911972,0.015110327527262622,-0.032930301369920575,-0.24696344808405732,-0.004679119846308859,-0.8389962795098541,0.0,0.0,1.0,29.999999999942098,8.932737439901757,26.918100690915992,8.852518718072133e-11,4.184517177208136e-10,7.58459961502922e-11,1.7247909312609775,7.038838462295395,1.1471975511967558,1.0471975511966838,0.0023665089975111187,0.0,0.0,0.0,0.0,0.0,0.0,0.0,0.0,0.0,0.0,0.0,0.0,1.6948392535141286,1.3548169180380196
5.99924898147583,0.05940611643854227,0.10392711950922465,0.9883354598408373,0.9916730578966134,-0.018128987430769534,-0.05433173672696165,-0.11534274333892075,0.2176712996963614,0.019910888949946106,-0.03749243460940696,-0.24217072311135301,-0.08358066275977533,-0.8696857424169784,0.0,0.0,1.0,29.99999999837335,3.3168134905281477e-11,29.999999999981966,0.21946812492620102,1.9219152770494445,0.2194681279470953,3.4232041979046413,7.022979281791717,2.194395102392067,1.0471975511982563,0.002012926008319482,0.0,0.0,0.0,0.0,0.0,0.0,0.0,0.0,0.0,0.0,0.0,0.0,1.6648392535141285,1.3248169180380196
6.009359836578369,0.06140770402153583,0.10418448951279059,0.9880144243461378,0.9911088369077922,-0.019147655184809615,-0.054661098042458854,-0.11978649784095409,0.20015875829935614,0.025737000356594614,-0.03210354946994269,-0.24477318210320062,-0.07884208130647247,-0.8844942091442727,0.0,0.0,1.0,29.999999999988972,0.8318234407966827,29.66853784762106,5.557046212079086e-10,5.676032976964507e-10,3.3600000559630416e-10,7.005285240779813e-11,27.45017348104127,1.6460777599630354,1.0471975511972906,0.0020208329951856285,0.0,0.0,0.0,0.0,0.0,0.0,0.0,0.0,0.0,0.0,0.0,0.0,1.6948392535141286,1.2948169180380196
6.019700527191162,0.06362329491741288,0.10443465436347989,0.9878079372977403,0.9906285096817103,-0.02056933196801958,-0.054776920408500074,-0.12341615525831731,0.22155908958770476,0.025016485068928885,-0.02064870483975895,-0.32055295837802467,-0.04836933213775661,-0.7158877562283096,0.0,0.0,1.0,29.999999999669566,11.685034883947047,29.999999999989832,0.789095265215837,1.8749999967659885,0.7890952834288922,1.8750000017823225,13.566013899336546,1.7742773942188657,1.0471975511966736,0.002353749005123973,0.0,0.0,0.0,0.0,0.0,0.0,0.0,0.0,0.0,0.0,0.0,0.0,1.6878733258639724,1.2648169180380195
6.030281066894531,0.06580792848121267,0.10471263558790872,0.9876736146335063,0.9901208268413954,-0.021991153893419522,-0.05481503089891958,-0.12717094712590266,0.2184633563799794,0.02779812244288342,-0.013432266423401729,-0.32398338782320946,-0.03276106462634484,-0.7410342263458315,0.0,0.0,1.0,29.99999999989115,5.927527464013736,29.999999999657174,1.3828651557190597e-09,1.8002829582721906,9.106808529502075e-09,3.85238041467062e-09,1.015376951765262,2.1943951023058683,1.047197551198928,0.0025119610072579235,0.0,0.0,0.0,0.0,0.0,0.0,0.0,0.0,0.0,0.0,0.0,0.0,1.7002167642003858,1.2348169180380195
6.040138483047485,0.0678145777855158,0.1050538297200413,0.9875771450853316,0.9895673809780415,-0.023362052731773584,-0.05487075178885357,-0.13114805981997826,0.20066493043031383,0.034119413213258364,-0.009646954817474357,-0.3160901248706389,-0.03447705788579996,-0.7868591310328124,0.0,0.0,1.0,29.99999999996465,6.031450894283807e-10,29.839487482492192,0.0014344972253235392,9.541922748127497,0.0014344206055398874,2.1024669593298695,6.443402478240046e-09,1.147197551211806,1.1070439873157791,0.0029152290080673993,0.0,0.0,0.0,0.0,0.0,0.0,0.0,0.0,0.0,0.0,0.0,0.0,1.7302167642003858,1.2080141513467206
6.049621343612671,0.06961847379051783,0.10547041910643444,0.9875605609670727,0.9889620935073983,-0.02473290057129681,-0.055172347755962435,-0.1352711102855699,0.18038960050020275,0.04165893863931404,-0.0016584118258929706,-0.31147464715650275,-0.08302491194659989,-0.8182516324935791,0.0,0.0,1.0,29.99999999663376,0.0019467118059761637,24.71666993256938,2.887411081902054e-07,3.21936255431865e-10,0.030199322511348402,1.522508785711807e-09,0.0019465954427317286,1.6707968687763508,1.5707958053486721,0.0022615580237470567,0.0,0.0,0.0,0.0,0.0,0.0,0.0,0.0,0.0,0.0,0.0,0.0,1.7002167642003858,1.1935898421994433
6.060526371002197,0.07122425557002687,0.10595694609836571,0.9874122880358694,0.9882820910808139,-0.026170506688004493,-0.05618026828440219,-0.1394897504626092,0.16057817795090362,0.04865269919312791,-0.014827293120326114,-0.30699432020996675,-0.22488877868080442,-0.8419375143832714,0.0,0.0,1.0,27.57379675074434,0.05975888351118017,29.99999999999229,0.020758645549047567,1.7991811484887106,0.6256209349257267,1.7991811604051564,4.347096063108888e-08,1.6707102627041155,1.5707959683991992,0.002557785017415881,0.0,0.0,0.0,0.0,0.0,0.0,0.0,0.0,0.0,0.0,0.0,0.0,1.6960139219969523,1.2235898421994433
6.069573163986206,0.07269732590672835,0.1065010548633108,0.9872282252256797,0.9875806898307605,-0.027533810409584265,-0.05686077046059033,-0.14385104497485487,0.1473070336701479,0.05441087649450799,-0.01840628101897681,-0.30315716238990986,-0.1575931000553501,-0.8698523382017849,0.0,0.0,1.0,29.999999998770722,0.5921114858318148,29.999999999210505,1.4616434389214117e-08,1.0625561097654668e-08,4.685234700804628,1.0159325158909382e-08,0.15991846340459825,1.6576943682561476,1.570811121170103,0.002140856988262385,0.0,0.0,0.0,0.0,0.0,0.0,0.0,0.0,0.0,0.0,0.0,0.0,1.692399113526547,1.2535898421994434
6.0797483921051025,0.0740282978632947,0.10711056290035084,0.9870826137932752,0.9868303815393342,-0.02887264080364494,-0.05754633917588519,-0.14839335406753032,0.1330971956566357,0.06095080370400442,-0.01456114324043848,-0.3005054366693211,-0.1574491368064795,-0.9073193013699168,0.0,0.0,1.0,29.068290170798132,5.38613230078808,29.999999999994586,1.0723067142658222,1.845884035080737,29.999999999810605,1.8458841134256174,5.113414414115169e-10,1.1471975512113644,1.5689696126896597,0.0020116280065849423,0.0,0.0,0.0,0.0,0.0,0.0,0.0,0.0,0.0,0.0,0.0,0.0,1.6874412927736329,1.2835898421994434
6.090173721313477,0.07570819918260341,0.10764798936348381,0.98702521820702,0.9858671038985907,-0.030261811967058422,-0.05787918504696875,-0.1542733811303047,0.1679901319308695,0.053742646313296616,-0.0057395586255216905,-0.3375362310446902,-0.08405400170414265,-1.1750477073512975,0.0,0.0,1.0,24.608544826388993,6.333911173328488e-10,17.36736246453914,2.345026395289551e-10,0.6912594040123798,25.57777776469032,0.19966754043442525,0.7750841693953088,2.194395102384016,1.587440676291846,0.002447992010274902,0.0,0.0,0.0,0.0,0.0,0.0,0.0,0.0,0.0,0.0,0.0,0.0,1.6574412927736328,1.3135898421994434
6.099707841873169,0.077560238492215,0.1081418091907317,0.9865553661436806,0.9847170289288613,-0.03182516011433101,-0.058777281799947526,-0.16082525692634445,0.18520393096115917,0.04938198272478946,-0.04698520633394584,-0.3633472108782432,-0.19897773886827158,-1.3146899057896988,0.0,0.0,1.0,29.821552310718527,0.0008338494316734986,29.999999999965446,0.0008338431605903636,0.1529691663020446,1.1817746781161986e-10,2.450872598301725,1.2640655189244399e-10,1.1471975511968457,1.5380884439851394,0.0022967960103414953,0.0,0.0,0.0,0.0,0.0,0.0,0.0,0.0,0.0,0.0,0.0,0.0,1.6874412927736329,1.3435898421994434
6.1093995571136475,0.07922977465635105,0.10872111406826461,0.9861268617353975,0.9835316410297407,-0.033355387075502674,-0.059635870349932056,-0.16732152346305168,0.16695361641360526,0.05793048775329146,-0.04285044082830329,-0.3576659572087618,-0.19090049860214137,-1.3050115008482461,0.0,0.0,1.0,27.351183094725354,7.1815584217318e-07,29.999999999963826,2.8460214858156557e-07,1.0834598947614467,0.0009104152553547954,5.8721370076796,0.0009104129022374516,1.670796570859969,1.5707963659092727,0.0024071689986158162,0.0,0.0,0.0,0.0,0.0,0.0,0.0,0.0,0.0,0.0,0.0,0.0,1.6574412927736328,1.3713753567402571
6.119962930679321,0.08076107037033721,0.10937030924523039,0.9856801833739529,0.9823403628528039,-0.03478532813847817,-0.06005554211139893,-0.17375478214491735,0.15312957139861608,0.0649195176965776,-0.04466783614446093,-0.35191477836700724,-0.1016966533383399,-1.2910821853386252,0.0,0.0,1.0,29.999999999992504,0.0012948747840603027,29.999999999995666,0.0012734601704320126,1.3367386516805357,0.025788462759935467,15.440376100097922,2.9518457779985872e-08,1.6707962216345893,1.5707962216352667,0.0023087100125849247,0.0,0.0,0.0,0.0,0.0,0.0,0.0,0.0,0.0,0.0,0.0,0.0,1.6593491896431094,1.3998640723358309
6.129904508590698,0.08215162945311107,0.11010197766120794,0.9854098646809729,0.9811523934604719,-0.036091907527141615,-0.05991886407058403,-0.1801307434790964,0.1390559082773854,0.07316684159775548,-0.027031869298004812,-0.34630049811880115,0.011537224305659996,-1.2773208842270662,0.0,0.0,1.0,23.875834822539087,0.028426717083700426,29.999999999924366,8.208868192654921e-07,2.143900834639112e-09,0.3494958907847071,8.985875057764567,0.011460331092983314,1.670717118706746,1.5707965096239864,0.002805650990922004,0.0,0.0,0.0,0.0,0.0,0.0,0.0,0.0,0.0,0.0,0.0,0.0,1.6609844799276066,1.4242829508071788
6.139317512512207,0.08346601797126013,0.11087896422950486,0.985047482573026,0.9799986341743745,-0.037188310898215886,-0.05880484300443151,-0.18644488994907796,0.13143885181490703,0.07769865682969235,-0.03623821079469048,-0.33927968628212485,0.21085875888687233,-1.2594221707521402,0.0,0.0,1.0,29.99999999998497,0.05790333355871191,29.999999999103306,0.017369869176638773,1.8520402455277973,0.515726339388145,1.117327549582762,1.526154249677225e-08,1.666175439521167,1.570791363401443,0.0022356859990395606,0.0,0.0,0.0,0.0,0.0,0.0,0.0,0.0,0.0,0.0,0.0,0.0,1.662374856896055,1.44521345920958
6.150248289108276,0.0846376662103503,0.11173513146397011,0.9847289235321497,0.9788032458979995,-0.03825231525848917,-0.05772269422706711,-0.192740905798627,0.11716482390901697,0.08561672344652574,-0.03185590408762679,-0.3318373235363773,0.2051954278578877,-1.2580389088204411,0.0,0.0,1.0,28.708771476127904,0.9607112902407918,29.999999999950365,3.843215294965785e-08,8.977312226932099e-10,6.778155359636775,1.3338508791266142,0.23451075604730756,1.64802410514757,1.5708224888470639,0.002706324012251571,0.0,0.0,0.0,0.0,0.0,0.0,0.0,0.0,0.0,0.0,0.0,0.0,1.662917797271071,1.4631531598084175
6.159750461578369,0.08571569204830033,0.11265119714169274,0.9844161797147836,0.9775680227633256,-0.039254277898269435,-0.05647258657555555,-0.19907463299666076,0.10780258379500318,0.09160656777226213,-0.031274381736617035,-0.32690663034600853,0.24029568302207227,-1.2663883850512097,0.0,0.0,1.0,26.81835302746424,8.965002110756801,29.99999999997945,1.1807568938743194,1.9351398150053412,29.999999999817177,7.0412609405948166,1.7331914792251268e-09,1.1471975512152526,1.5652781566001182,0.0024566420179326087,0.0,0.0,0.0,0.0,0.0,0.0,0.0,0.0,0.0,0.0,0.0,0.0,1.6607901269677137,1.4785344925282242
6.170288801193237,0.08720906556047378,0.11342337093974572,0.984160504091363,0.9760805023776025,-0.04019010554743304,-0.054486172024255056,-0.20659831885210925,0.14933735121734465,0.07721737980529804,-0.025567562342052163,-0.3587144991558889,0.39338187871546904,-1.5040596338808128,0.0,0.0,1.0,29.999999999611205,1.5662617869338646e-09,27.80040385536407,5.592868390635886e-10,4.334638299061402,20.95725284112733,4.485662070088258,0.635068259071815,1.2302512010177673,1.5718056846626398,0.0023331419797614217,0.0,0.0,0.0,0.0,0.0,0.0,0.0,0.0,0.0,0.0,0.0,0.0,1.6307901269677136,1.4909264445384949
6.179455995559692,0.08876650503951367,0.11419285376321503,0.9839290894442683,0.9744354768048606,-0.04120904609475871,-0.05272869909945529,-0.21446911282355832,0.15574394790398885,0.07694828234693137,-0.023141464709471433,-0.3705286753974029,0.3463280793011445,-1.5792654761892495,0.0,0.0,1.0,29.999999999977252,0.5086827889018125,29.999999999878586,0.5086827844715259,11.388672310523528,16.277849346804626,1.186512221806879e-09,1.9832258058016805e-10,2.1943951023917667,1.5508384691201698,0.0022270090121310204,0.0,0.0,0.0,0.0,0.0,0.0,0.0,0.0,0.0,0.0,0.0,0.0,1.6007901269677136,1.502480621699087
6.18984842300415,0.0902886863475953,0.11500891207037658,0.9838263628536932,0.9726813596715438,-0.04229458943005905,-0.05124669218253669,-0.22243182504490908,0.1522181308081638,0.08160583071615507,-0.010272659057509901,-0.37356146863718204,0.28939298156080406,-1.603427037574241,0.0,0.0,1.0,29.999999999924125,4.1403223675862435,26.430556866195822,2.896674011765299e-10,5.9545693736398775,15.492958895926371,1.8904583710722453,0.594947918194796,1.1471975511980206,1.57709205427705,0.0023098559759091586,0.0,0.0,0.0,0.0,0.0,0.0,0.0,0.0,0.0,0.0,0.0,0.0,1.6307901269677136,1.5093888856163844
6.200738430023193,0.09177673400964205,0.11586064937040168,0.9836872455272749,0.9708151781596379,-0.043492891429776574,-0.05026649138908434,-0.2304333701818822,0.14880476620467437,0.08517373000250973,-0.013911732641827285,-0.3745195576671648,0.18593596161565648,-1.6190560149519393,0.0,0.0,1.0,29.999999999941718,1.4450751706363008e-10,29.999999999938794,0.4966805610946339,0.9361445426303758,16.390458311192415,2.3823915464051306,4.703201161859738e-10,2.194395102391337,1.5432672906338556,0.0028160990041214973,0.0,0.0,0.0,0.0,0.0,0.0,0.0,0.0,0.0,0.0,0.0,0.0,1.6007901269677136,1.5190607668536222
6.210033893585205,0.09326556869461936,0.116739371906974,0.9836101525987092,0.9688538899824092,-0.044688382407284906,-0.04922224976715661,-0.23854194279336885,0.14888346849773104,0.0878722536572321,-0.007709292856577293,-0.37882865156097334,0.19847494436389287,-1.6436920328421956,0.0,0.0,1.0,29.999999999948628,0.5464205875946652,29.99999999994457,2.723528069736858e-10,2.04782983988106,17.48545850654783,1.8200137755676464,0.5464205708336667,1.1471975511974775,1.577646499930284,0.002407560998108238,0.0,0.0,0.0,0.0,0.0,0.0,0.0,0.0,0.0,0.0,0.0,0.0,1.6307901269677136,1.5225188416793698
6.218954086303711,0.09477504074767629,0.11763525265052958,0.9835978535105057,0.9667863303684934,-0.04588654655927644,-0.04811702000668988,-0.24678607870615946,0.1509472053056933,0.0895880743555584,-0.0012299088203559377,-0.3845408933132697,0.21033080769882836,-1.6744600163476762,0.0,0.0,1.0,29.999999999835364,2.4839883483451786e-09,29.999999999883634,0.5654912288129545,0.2225337560042675,18.661210189150815,1.8834272261940104,8.013770758097394e-10,2.1943951023898673,1.5539524053122893,0.0018845429876819253,0.0,0.0,0.0,0.0,0.0,0.0,0.0,0.0,0.0,0.0,0.0,0.0,1.6007901269677136,1.5303942214295003
6.229705095291138,0.0963270707413668,0.11853633878139348,0.9836510447169818,0.9646007311315078,-0.04708759395263371,-0.046932805013993564,-0.25519698236819366,0.15520299936905205,0.09010861308638939,0.005319120647613529,-0.3916853552207793,0.2258557280506877,-1.7117807161412246,0.0,0.0,1.0,29.99999999974658,0.5854561240731306,27.19676946797562,7.246785393988375e-10,2.208703920737778,18.734595350972633,2.761542662199177,0.5854561020268712,1.7092463792228703,1.5695887347447237,0.0026304599887225777,0.0,0.0,0.0,0.0,0.0,0.0,0.0,0.0,0.0,0.0,0.0,0.0,1.6307901269677136,1.5337596762698988
6.240509033203125,0.0979075562777646,0.11944311839773035,0.9836829669316848,0.9622875950931447,-0.04838918429482817,-0.046037260445417116,-0.26370749292315415,0.1580485536397799,0.09067796163368644,0.0031922214702946304,-0.3984848134776282,0.16477390869478875,-1.7392820134915559,0.0,0.0,1.0,29.99999999960236,1.3864538169085119,29.82923486927388,0.6185713882388489,4.148883250442211,19.02640134602523,0.0004021051548224186,1.873089572335118e-09,1.1471975512175079,1.5605969286560453,0.00264665498980321,0.0,0.0,0.0,0.0,0.0,0.0,0.0,0.0,0.0,0.0,0.0,0.0,1.6419981630041647,1.5388781131948739
6.249963283538818,0.09953387693684637,0.12035219657143768,0.9837830789201948,0.9598529187875167,-0.04971009578990592,-0.04511869010784993,-0.27235194964346465,0.16263206590817697,0.09090781737073358,0.010011198850996769,-0.40582757691347715,0.16836372875412453,-1.7710717389876618,0.0,0.0,1.0,29.999999999933404,6.371287941675519e-10,28.442843438346586,1.3856704672576825e-10,3.7508008305905043,20.061890193977302,1.8844011926959412,0.6079360223532965,2.1943951023901564,1.576518705193682,0.0023928039881866425,0.0,0.0,0.0,0.0,0.0,0.0,0.0,0.0,0.0,0.0,0.0,0.0,1.6119981630041647,1.5419808011178984
6.259438991546631,0.10121598265955517,0.12125332822389374,0.9839072933479989,0.957281313969288,-0.05110355777638235,-0.04433899924429068,-0.28113158032111113,0.16821057227087932,0.0901131652456055,0.012421442780411487,-0.4147717698768447,0.137859042304259,-1.8052071544816672,0.0,0.0,1.0,29.999999999969244,0.6322702354249791,29.999999999808907,0.6322702310459299,20.576755826808718,20.23264732902899,5.6238281194525,2.2441681846174788e-10,2.1943951023884796,1.5644190350207003,0.002498947986168787,0.0,0.0,0.0,0.0,0.0,0.0,0.0,0.0,0.0,0.0,0.0,0.0,1.6419981630041647,1.5469147874144389
6.269819021224976,0.10290090547802717,0.12220529344936727,0.9843450106528951,0.9545583299249998,-0.052774865493034596,-0.04436903764938104,-0.2899389536455154,0.1684922818471999,0.09519652254735267,0.043771730489628985,-0.4242324453139661,-0.033852267136397524,-1.8248430319072868,0.0,0.0,1.0,29.999999999662368,3.622114990547919,21.560315810233227,2.9320545991140534e-10,1.1451016245213381,20.458416295595853,1.7091892345888482e-09,0.7297130696486048,1.147197551198763,1.5775453379256876,0.0022379799920599908,0.0,0.0,0.0,0.0,0.0,0.0,0.0,0.0,0.0,0.0,0.0,0.0,1.6719981630041647,1.5494153942153335
6.280344247817993,0.10461973759819987,0.12314464128350149,0.9845983423641596,0.9516718775398973,-0.0547613063436182,-0.045292671352600816,-0.29878154352130487,0.17188321201726922,0.09393478341342078,0.025333171126441085,-0.4346157371915908,-0.22380569643906445,-1.847682319220437,0.0,0.0,1.0,28.8848140374403,8.756124714182079e-10,29.999999999895387,0.6393150024634777,1.6282681205245957,21.09739506953538,1.8337297690784637,2.8399271823076333e-10,1.9678016516337558,1.558595525911765,0.002804576011840254,0.0,0.0,0.0,0.0,0.0,0.0,0.0,0.0,0.0,0.0,0.0,0.0,1.6419981630041647,1.553433957602527
6.290030002593994,0.10642682089972265,0.12405459164478803,0.9848842908015292,0.948653920806174,-0.056715381623468314,-0.045931457578007644,-0.3077814244413373,0.18070833015227794,0.09099503612865507,0.02859484373695808,-0.44834242048447387,-0.16712314775468579,-1.882653363830556,0.0,0.0,1.0,29.999999999382737,0.6674972543465226,29.999999999751108,2.7041213712664103e-10,0.2830939677784621,21.359911784564023,0.7200774315775773,0.6674972424494977,1.147197551198253,1.5809549766108126,0.002320263010915369,0.0,0.0,0.0,0.0,0.0,0.0,0.0,0.0,0.0,0.0,0.0,0.0,1.6719981630041647,1.5541713245038467
6.300595760345459,0.10831021052691428,0.12494375709434609,0.9852342040679514,0.9454932449217082,-0.058678625448237216,-0.04643545981602544,-0.3169275797317103,0.18833896271916273,0.08891654495580589,0.03499132664221677,-0.46134183764542347,-0.14176639817281994,-1.9175799270437095,0.0,0.0,1.0,29.36678640965954,1.4400264425340481e-08,27.51764407774469,0.6829182304540394,1.7258985845784705,22.536301549766147,1.6115387101507463,3.378562984934774e-10,1.7348265583566391,1.5641037090038228,0.0029075699858367443,0.0,0.0,0.0,0.0,0.0,0.0,0.0,0.0,0.0,0.0,0.0,0.0,1.6419981630041647,1.5579975605191274
6.310118198394775,0.11027790676140828,0.12579452219617632,0.9855536040850902,0.9421715968754104,-0.06073383790449672,-0.0470341123345058,-0.32620833105783087,0.19676962344939944,0.0850765101830238,0.031940001713886425,-0.4758732093504326,-0.16540999409317925,-1.953493714281973,0.0,0.0,1.0,29.999999999426503,0.7212958490815933,29.999999999819018,3.0295022046544773e-10,1.2442284362155043,23.08146619639069,2.6761399098244314,0.721295817588134,1.1471975512003514,1.5784828596817126,0.0029088419978506863,0.0,0.0,0.0,0.0,0.0,0.0,0.0,0.0,0.0,0.0,0.0,0.0,1.6552593623402325,1.5588698674455124
6.3203277587890625,0.11234128332928768,0.1266061251277207,0.9859459821014359,0.9386860825073945,-0.06279192209758602,-0.04746580842089299,-0.33566740988240645,0.2063376567879401,0.08116029315443941,0.03923780163457184,-0.49097540791620514,-0.13351194275220823,-1.9957347976907727,0.0,0.0,1.0,29.99999999992814,2.2550500355933423e-09,29.99999999924638,0.6470993313240068,2.8621416501143746,21.35427814896505,1.0566812113466817,1.0875700340307048e-10,1.7472763254878925,1.559235026880174,0.0025223669945262372,0.0,0.0,0.0,0.0,0.0,0.0,0.0,0.0,0.0,0.0,0.0,0.0,1.6252593623402325,1.5616717234792552
6.329526901245117,0.11445767850415045,0.12740761468313563,0.9864020573664353,0.9350732239185743,-0.06485047229546848,-0.04778166744672016,-0.34518023467398945,0.21163951748627716,0.08014895554149248,0.045607526499938635,-0.5009492262247142,-0.11232989677370864,-2.012915747289442,0.0,0.0,1.0,29.99999999991364,0.727718044477363,29.999999999745036,1.4085810295938472e-10,3.329849994477747,23.286977172133266,1.6553705015258777,0.7277180371925975,1.147197551198886,1.576559684376601,0.0020925050193909556,0.0,0.0,0.0,0.0,0.0,0.0,0.0,0.0,0.0,0.0,0.0,0.0,1.6426903570756124,1.5613236239651007
6.34199070930481,0.11665845376825042,0.12817152992821954,0.9869290270540706,0.9312991014209221,-0.06691114614365426,-0.04796397974825996,-0.35483001403634806,0.22007752640999667,0.07639152450839085,0.05269696876353074,-0.5139668655124836,-0.0872656939475556,-2.0479107844132187,0.0,0.0,1.0,29.9999999998218,4.8490220727615e-09,27.767298669296956,0.7355842926539866,3.2197292533197412,24.274281631277972,1.1897898230714214,1.7136614349766432e-10,1.8442617628477036,1.5603707897349055,0.003955902007874101,0.0,0.0,0.0,0.0,0.0,0.0,0.0,0.0,0.0,0.0,0.0,0.0,1.6126903570756124,1.5635002040238866
6.3521997928619385,0.1189432146570958,0.12888628696939158,0.987455337352041,0.9273414200805132,-0.06908368766735429,-0.04829312820848805,-0.36459992933237895,0.22847608888453882,0.07147570411720378,0.052631029797041984,-0.5279924488601282,-0.12270807560891943,-2.0842077599165254,0.0,0.0,1.0,29.999999999689532,0.7977193216005911,26.99153419055716,1.4842205242615591e-10,1.6859852389462953,25.527017816056468,1.2783122398571678,0.7977193058469714,1.147197551198761,1.5781503771778485,0.003656125976704061,0.0,0.0,0.0,0.0,0.0,0.0,0.0,0.0,0.0,0.0,0.0,0.0,1.6426903570756124,1.5630531448397464
6.3618364334106445,0.1213258880637236,0.12953307542665965,0.987958649665146,0.9231760172832006,-0.07140135891670352,-0.04882392329498244,-0.37451850631452427,0.23826734066278046,0.06467884572680707,0.05033123131049805,-0.5445120541790445,-0.17064335218878918,-2.128313960012624,0.0,0.0,1.0,26.574413099027762,3.966874384531138e-09,21.84337184543805,0.7920847613257396,1.088826731234797,26.138797175800434,1.080395406107785,9.725897864854005e-11,1.3731454732647779,1.5612862776772265,0.00334887599456124,0.0,0.0,0.0,0.0,0.0,0.0,0.0,0.0,0.0,0.0,0.0,0.0,1.6126903570756124,1.5652098923166182
6.37157416343689,0.12381131478967736,0.1300712881641015,0.9882006566847539,0.9188171810698248,-0.07392087611060423,-0.04965981739530173,-0.38450564935018555,0.24854267259537582,0.053821273744183266,0.024200701960786424,-0.5623594644558689,-0.2430057152008197,-2.15785064324021,0.0,0.0,1.0,24.641194870567233,0.8574708342468648,17.27589391394304,3.191024111615093e-10,1.9563275282559416,27.43906637224664,1.7924360648854896,0.8574708294027845,1.1471975512021095,1.5706417817319753,0.0035686079936567694,0.0,0.0,0.0,0.0,0.0,0.0,0.0,0.0,0.0,0.0,0.0,0.0,1.5826903570756123,1.5646493759395623
6.380888223648071,0.12641192335032284,0.13046305482242349,0.9880423706931593,0.9142456173919219,-0.07671828497339177,-0.05094071699523106,-0.3945558251786658,0.26006085606454865,0.0391766658322002,-0.01582859915946491,-0.582976380838974,-0.34733506223188293,-2.189614480706114,0.0,0.0,1.0,18.892160826404876,0.23944455339992077,13.1513802755289,0.8605784880515316,1.0793141820954792,28.15964566034155,1.0321579605391114,2.1954260631673606e-10,1.147197551202078,1.5622426859417937,0.0028446460200939327,0.0,0.0,0.0,0.0,0.0,0.0,0.0,0.0,0.0,0.0,0.0,0.0,1.5526903570756123,1.565505433909907
6.389494180679321,0.12914884648601532,0.13064803457159185,0.9872896995683319,0.9094892301714359,-0.07966512683460443,-0.05235338938337332,-0.40465038043806306,0.2736923135692475,0.018497974916837346,-0.07526711248273597,-0.6031905702028432,-0.38442465661440844,-2.2128152144825513,0.0,0.0,1.0,18.585942714874534,0.5708803098172701,15.197492983930228,2.537249299550126e-10,1.0177680128315387,29.35107987110498,1.1716091276166678,0.9067260662507325,1.1471975512192334,1.5774762492952474,0.0025562600058037788,0.0,0.0,0.0,0.0,0.0,0.0,0.0,0.0,0.0,0.0,0.0,0.0,1.5226903570756123,1.5650393270573195
6.400201797485352,0.13203441200405963,0.13061046118350084,0.986026346143716,0.9045274912432781,-0.08266898606415676,-0.05372607185209366,-0.41486065797037264,0.28855655180443057,-0.003757338809100414,-0.12633534246159345,-0.6212827397618553,-0.38207160023723424,-2.249252340582029,0.0,0.0,1.0,24.6897280502147,1.634260260452436e-08,24.12639092575025,0.8526815906638958,1.4695257258084096,28.138492463740164,1.7424238500104567,2.6247015671998497e-10,1.2993952081137425,1.553871617085819,0.0024211320269387215,0.0,0.0,0.0,0.0,0.0,0.0,0.0,0.0,0.0,0.0,0.0,0.0,1.4926903570756123,1.5668160302341663
6.409751892089844,0.135021337462169,0.13044681018047397,0.984619629750501,0.8993749522072613,-0.08561900968760536,-0.05490282503949282,-0.4251820319874587,0.29869254581093524,-0.01636510030268704,-0.14067163932150106,-0.6321492689609816,-0.3423726709495794,-2.2825224822860255,0.0,0.0,1.0,29.999999999524515,0.9260112463646776,28.974597722338878,1.4548018345550418e-10,1.9122439384587775,29.632360579031044,1.355080126606381,0.9260112631319152,1.2658166398257709,1.5797503143388896,0.002502279996406287,0.0,0.0,0.0,0.0,0.0,0.0,0.0,0.0,0.0,0.0,0.0,0.0,1.4650767643667737,1.564966828355831
6.419649600982666,0.1381119420982382,0.13019414753399858,0.9833721551527208,0.8939527050343223,-0.08854295299565809,-0.05596123101223114,-0.43574883506467754,0.3090604636069215,-0.025266264647539335,-0.12474745977802162,-0.6448363881221588,-0.31762586943323967,-2.3478683831567615,0.0,0.0,1.0,28.18977491477636,4.662170649538666e-09,22.698275978019396,0.8749303945377348,0.8360069400403622,28.87270307210179,0.8285431427103237,9.153988678178848e-11,1.2287400194584217,1.5565782527099614,0.0018320890085306019,0.0,0.0,0.0,0.0,0.0,0.0,0.0,0.0,0.0,0.0,0.0,0.0,1.4366110322894876,1.5670787549248393
6.430007219314575,0.14126059829692106,0.12985578729437222,0.9820441423006416,0.8883032742825885,-0.09165261913785065,-0.057368918653994426,-0.44634728348728314,0.314865619868285,-0.03383602396263696,-0.13280128520791787,-0.6519800824541416,-0.39824449802192835,-2.3774346880814403,0.0,0.0,1.0,28.893396040632314,0.9375000366539689,24.8054317834591,2.789769526501118e-10,1.4387600420688442,29.999999999956636,1.485176835956027,0.9375000071474415,1.3837285002266544,1.5800680795941004,0.002320540021173656,0.0,0.0,0.0,0.0,0.0,0.0,0.0,0.0,0.0,0.0,0.0,0.0,1.4069151733136211,1.5655786831798568
6.438809156417847,0.14448045303843765,0.1294219226043235,0.98072924108865,0.8823975736849565,-0.09487135090084607,-0.05897136467930439,-0.4570517770242361,0.3219854741516604,-0.04338646900487286,-0.13149012119916792,-0.6598859961504498,-0.443579809228165,-2.4214741965431306,0.0,0.0,1.0,25.285084072739583,0.791125536693918,20.503497773061504,0.9281621273018078,1.4919207727932355,29.838224833489114,1.409625107745197,1.2852829911480512e-10,1.147197551199786,1.5606069624535386,0.0018577800074126571,0.0,0.0,0.0,0.0,0.0,0.0,0.0,0.0,0.0,0.0,0.0,0.0,1.4036027914440545,1.5676485969533203
6.44941520690918,0.14775888969384102,0.12885872408397997,0.9792335440809435,0.87628379070111,-0.09817925314351628,-0.060750090299757906,-0.46775739324488236,0.32784366554033595,-0.05631985203435409,-0.1495697007706479,-0.6634709378582533,-0.4852749582307747,-2.442988377860206,0.0,0.0,1.0,23.24185410865175,4.6096066800919,20.254821282122112,6.524271123353742e-10,1.08021868273654,29.999999999890438,1.1741757360726655,1.0487759744927458,1.29110490002949,1.5798965232522004,0.002371452981606126,0.0,0.0,0.0,0.0,0.0,0.0,0.0,0.0,0.0,0.0,0.0,0.0,1.3736027914440545,1.566642649167637
6.459702968597412,0.15109880318886643,0.12813970598113106,0.9775343552866614,0.8699774920427508,-0.10144359772427478,-0.06251367594679652,-0.47847716783497785,0.3339913495025417,-0.07190181028489005,-0.16991887942820563,-0.661205960383455,-0.4806078085902706,-2.4637133344628586,0.0,0.0,1.0,18.21178172749001,4.723652190613501,16.32069076973399,1.052231866671312,0.7643286797736788,29.999999999972975,0.7567327712253435,4.780487117272969e-11,1.1471975512030865,1.5556344055765812,0.0021191480045672506,0.0,0.0,0.0,0.0,0.0,0.0,0.0,0.0,0.0,0.0,0.0,0.0,1.361817378384831,1.5685360597511462
6.469556570053101,0.15449289232691496,0.1272251516502787,0.9754929538728043,0.8635265878910408,-0.10456314083178452,-0.06413355596019032,-0.4891577134059647,0.3394089138048523,-0.0914554330852356,-0.20414014138571607,-0.6522062223219187,-0.44434965826386025,-2.4696205572816217,0.0,0.0,1.0,16.24493296369983,11.91585287249761,14.884948359888062,7.346849795197841e-10,0.8808910958575445,29.999999999799627,0.8922507120773238,1.2701773754620973,1.1496825740356824,1.5803438045206752,0.0017417779890820384,0.0,0.0,0.0,0.0,0.0,0.0,0.0,0.0,0.0,0.0,0.0,0.0,1.331817378384831,1.566692966297637
6.480000734329224,0.15795552481611147,0.12606320696019774,0.9731338833224137,0.856891884356007,-0.10741577580972031,-0.06559894844233868,-0.4998949165527377,0.34626324891965177,-0.11619446900809542,-0.23590705503906548,-0.625793402763503,-0.39272814437410086,-2.4975812397789463,0.0,0.0,1.0,16.502115737069087,7.95294731839509,18.536507597238344,1.1500892971668377,1.4870062525385386,29.99999999989011,1.6908068874824371,1.0545297968178602e-10,1.1471975511990427,1.5535647549135232,0.002269210002850741,0.0,0.0,0.0,0.0,0.0,0.0,0.0,0.0,0.0,0.0,0.0,0.0,1.305798120620667,1.5686430860437852
6.489064693450928,0.1614571231737268,0.12471372492222849,0.9705729101067807,0.8501347811338509,-0.1099023709789104,-0.06669532915185372,-0.5106310368838161,0.3501598357615326,-0.13494820379692546,-0.2560973215633018,-0.6025700561349331,-0.2945174992696827,-2.5065076089942755,0.0,0.0,1.0,15.184589575444528,9.266313360655246,15.505360773951756,3.130311565513466e-10,0.9960263132777147,29.99999999986334,0.8705756831387325,1.1898882882048545,1.1794641045469028,1.5797902852588692,0.0020342899952083826,0.0,0.0,0.0,0.0,0.0,0.0,0.0,0.0,0.0,0.0,0.0,0.0,1.283140896417578,1.566489038739462
6.498968601226807,0.16498268416957737,0.1231709533636301,0.9677886278698661,0.8432539438118998,-0.11206866728928173,-0.06758295174055151,-0.5213405266154911,0.35255609958505707,-0.15427715585983828,-0.2784282236914581,-0.5717938596683154,-0.2285460536094748,-2.514299956965806,0.0,0.0,1.0,15.23682872519389,4.057049284753386,15.336942333196685,1.032031789065901,1.115412200451789,29.999999999994067,1.085027193676273,7.967404513919973e-12,1.1471975511979424,1.5528649618433705,0.001819694007281214,0.0,0.0,0.0,0.0,0.0,0.0,0.0,0.0,0.0,0.0,0.0,0.0,1.2683299261503387,1.568389216813663
6.509245157241821,0.16850402757804658,0.12148262085102769,0.9648192486890984,0.8362914053672302,-0.11395511930850169,-0.0682873022687936,-0.5319471406457039,0.3521343408469207,-0.16883325126024026,-0.2969379180767641,-0.5441470306855472,-0.17186673743454448,-2.50514214515871,0.0,0.0,1.0,15.937312562505106,3.7993291943367105,15.96820045195546,3.5013858479260307e-10,1.2232967205339331,29.999999999849674,1.2127339830319082,1.0242221040166575,1.6461926544454357,1.5764198139836794,0.0023155329981818795,0.0,0.0,0.0,0.0,0.0,0.0,0.0,0.0,0.0,0.0,0.0,0.0,1.2510253011571393,1.5661714661036212
6.5193822383880615,0.17201095650457635,0.11966584243545153,0.9617277075112295,0.8292442788736523,-0.11555639000999961,-0.06883767507688857,-0.5424592345726855,0.35069289265297515,-0.18167784155761654,-0.30915411778689417,-0.5134656239771848,-0.11908038760772821,-2.4987166827877108,0.0,0.0,1.0,13.440113446072573,4.329641726242699,13.098045440766327,1.017484168033699,1.124065929478171,29.247335950240362,1.0938301535828063,1.8654211508817298e-10,1.1471975512015482,1.5603776409042178,0.0019155080080963671,0.0,0.0,0.0,0.0,0.0,0.0,0.0,0.0,0.0,0.0,0.0,0.0,1.2810253011571393,1.5676355158007724
6.529990196228027,0.1754853957782241,0.1177269500244741,0.9584697693192744,0.8221505202075428,-0.11688122620929885,-0.0692749057990335,-0.5528184950856966,0.34744392736477714,-0.19388924109774358,-0.325793819195505,-0.4788666461153833,-0.07449794374646615,-2.4796176647778085,0.0,0.0,1.0,13.269234661444907,3.4127812895405563,12.8437060687639,8.422886832448739e-10,1.0632872773464623,29.999999999588667,1.0479180023721077,1.012508536138908,1.504170545930726,1.576554143691189,0.0024810619943309575,0.0,0.0,0.0,0.0,0.0,0.0,0.0,0.0,0.0,0.0,0.0,0.0,1.2619070511634833,1.566598676529836
6.538909435272217,0.17892770075905062,0.11565764435410014,0.9550892768996896,0.8149824728210432,-0.11792293331040647,-0.06961771415818573,-0.5630729301514662,0.34423049808265066,-0.20693056703739565,-0.3380492419584879,-0.4430345322453695,-0.031146795969040866,-2.4723093946725188,0.0,0.0,1.0,14.91228759349666,1.312833270139591,16.012881428918025,0.9222104155930476,1.0324827395191007,29.12011090177289,1.1579041516403599,1.0378720105563843e-10,1.1471975511995471,1.5540165008269495,0.0020007799903396517,0.0,0.0,0.0,0.0,0.0,0.0,0.0,0.0,0.0,0.0,0.0,0.0,1.2919070511634834,1.568020886124315
6.549274444580078,0.18232376270995648,0.11350460011919172,0.9516692173923159,0.8077724438476516,-0.11863648940485111,-0.06979431193695686,-0.573199630463361,0.33960619509058737,-0.21530442349084256,-0.3420059507373665,-0.40747528660187676,0.029304008195718087,-2.4568643372241796,0.0,0.0,1.0,16.314769018216012,3.053303888344647,15.121621856999896,4.213903670446939e-10,1.3575715479630426,29.999999999893646,1.2329057544207578,1.0016152742916797,2.006592270012578,1.5743077195913484,0.0021883450099267066,0.0,0.0,0.0,0.0,0.0,0.0,0.0,0.0,0.0,0.0,0.0,0.0,1.2712342654543496,1.5660202596532629
6.559427976608276,0.18567422008002216,0.11125490427603381,0.9482400557356201,0.8004647680634911,-0.1191035575182571,-0.0699628325929358,-0.5832458313019743,0.3350457370065668,-0.2249695843157914,-0.3429161656695774,-0.36977221620120015,0.055593869045011714,-2.4583023849177175,0.0,0.0,1.0,15.122933643031908,6.262121968492426,12.722396679137988,1.055524741954676,1.4328364704058218,28.57019470802176,1.2728677235969126,1.2279710581708514e-10,1.147197551199238,1.5611863298504935,0.0020459590014070272,0.0,0.0,0.0,0.0,0.0,0.0,0.0,0.0,0.0,0.0,0.0,0.0,1.3012342654543496,1.5672041825015608
6.570023059844971,0.1889611800526645,0.10892592396721432,0.9447537595054367,0.7931045060605166,-0.11936684345404132,-0.0701973503192612,-0.5931350024728593,0.32869599726423376,-0.23289803088194927,-0.3486296230183347,-0.3285038162987332,0.06432304794939478,-2.4437193267089725,0.0,0.0,1.0,14.062488255468693,4.6249661878050574e-09,12.486052938004756,6.085163484215173e-10,1.2654176368748455,29.93769882837351,1.2716717050127195,0.9072030028843223,2.181185705729251,1.5751089382296073,0.0024424639996141195,0.0,0.0,0.0,0.0,0.0,0.0,0.0,0.0,0.0,0.0,0.0,0.0,1.2792290205607622,1.5663444892656941
6.579237699508667,0.1921885301633802,0.10649462263723114,0.9412211279448922,0.7856627980422397,-0.11940099779899987,-0.07044333507021593,-0.6029221392860185,0.32273501107156993,-0.2431301329983172,-0.3532631560544495,-0.29130935574147787,0.08610650855164614,-2.440686455402082,0.0,0.0,1.0,13.122862977949783,0.799298595884606,8.493326168078504,0.7992985760123269,1.2605990445008843,25.577554712792182,0.9336941663155159,1.167663743473213e-10,1.1471975512000592,1.563642439166526,0.0022017369919922203,0.0,0.0,0.0,0.0,0.0,0.0,0.0,0.0,0.0,0.0,0.0,0.0,1.3092290205607622,1.567596553403396
6.589434385299683,0.19531703006436238,0.10407038715059824,0.9375605982336863,0.7783047522075134,-0.11936203585233458,-0.07081869665164815,-0.6123553945977375,0.3128499900982197,-0.24242354866329036,-0.3660529711205884,-0.2572347862536408,0.06732124720248873,-2.3791067402624844,0.0,0.0,1.0,12.608498301219273,0.4776788476012236,15.106546531575596,1.219839118604682e-09,1.241270009296999,28.308299997899688,1.8830246189913982,0.872302399629166,2.194395102342392,1.5724894552267104,0.002028563991189003,0.0,0.0,0.0,0.0,0.0,0.0,0.0,0.0,0.0,0.0,0.0,0.0,1.2860816677949474,1.567031679940986
6.600010871887207,0.19837529810407706,0.10157554052213352,0.9339012082553354,0.7709185752685231,-0.1189559183034042,-0.07101448473834729,-0.6216839894704488,0.3058268039714693,-0.24948466284647222,-0.3659389978350868,-0.22126381608698664,0.1373444705439043,-2.3671730161809252,0.0,0.0,1.0,11.401030271110333,2.2069325076967137,13.144763261974528,0.8078297963560254,0.7736295320741107,24.451451421878687,0.7321759532929788,4.790734475790259e-11,1.1471975511968484,1.5603566783475658,0.0024997379805427045,0.0,0.0,0.0,0.0,0.0,0.0,0.0,0.0,0.0,0.0,0.0,0.0,1.3160816677949474,1.567811362124661
6.609110593795776,0.20133683236901045,0.09909478436718618,0.9301676336383203,0.7636430311277905,-0.1182905036041687,-0.07109970281546026,-0.6307150783250608,0.2961534264933394,-0.24807561549473503,-0.3733574617015052,-0.18817381017856655,0.1811268568690802,-2.3085948694323877,0.0,0.0,1.0,16.418145518226744,1.9681123397674583e-09,20.759567915312697,6.152365283895733e-10,1.4294216876694281,26.48905858891208,1.528089336321577,0.8026987507522391,2.194395102388846,1.5758285822361922,0.0020146540191490203,0.0,0.0,0.0,0.0,0.0,0.0,0.0,0.0,0.0,0.0,0.0,0.0,1.2919553654237903,1.5667464072993618
6.61957049369812,0.20422361824440846,0.09660747630950745,0.9265722424011881,0.7563599396397176,-0.1171649643039153,-0.07088808924952823,-0.6396615446080982,0.2886785875398013,-0.2487308057678732,-0.3595391237132235,-0.15431731213754532,0.28239596433999614,-2.296142608259626,0.0,0.0,1.0,17.787605209493965,0.739770378991104,17.64168332675408,0.7397703652301301,1.5595147667234717,23.67265147479278,1.2544507453514264,1.0448699683252016e-09,1.147197551202128,1.5627983080844812,0.002076158009003848,0.0,0.0,0.0,0.0,0.0,0.0,0.0,0.0,0.0,0.0,0.0,0.0,1.3219553654237903,1.5680438608617662
6.6297266483306885,0.20701579748119514,0.09418301009513805,0.923019881416171,0.7491439195274917,-0.11588993582502673,-0.07069792881737552,-0.6483476794671139,0.2792179236786667,-0.2424466214369404,-0.3552360985017153,-0.12369588210129008,0.2931257555426324,-2.2508003007810498,0.0,0.0,1.0,24.07648642206255,0.14088983811936684,25.61346975198397,1.2242427072095552e-09,2.3485077440479425,26.150121129619038,2.324276755860479,0.796697301449371,2.194395102383273,1.5735066621627818,0.0021771120082121342,0.0,0.0,0.0,0.0,0.0,0.0,0.0,0.0,0.0,0.0,0.0,0.0,1.2969899633921242,1.567294496179297
6.640398740768433,0.20973770208333148,0.09181138505242471,0.9197923839366767,0.7418326494583806,-0.11430411512823192,-0.07040750773113394,-0.6570096440063888,0.2721904602136345,-0.23716250427133384,-0.3227497479494203,-0.09199630515329718,0.34654221569442895,-2.2616014913219917,0.0,0.0,1.0,20.227081011068265,1.1059969280689224,21.147464471686966,0.7607208243828664,1.6928719840007442,23.997790105027143,1.6629468107797063,1.8536250312450875e-09,1.1471975512038501,1.5637828748773954,0.0025002770125865936,0.0,0.0,0.0,0.0,0.0,0.0,0.0,0.0,0.0,0.0,0.0,0.0,1.3269899633921243,1.568181948462652
6.650134086608887,0.21237078511094765,0.08948165439956571,0.916634555824022,0.734543640277201,-0.11251335088035161,-0.07008205575617121,-0.6654884611043094,0.2633083027616175,-0.2329730652859001,-0.31578281126547353,-0.06310411465454169,0.3747966159396176,-2.233586859312671,0.0,0.0,1.0,27.390619149594954,5.62678414972595e-09,27.60297965246399,6.36153796307326e-10,2.3980384154184495,24.771327514519253,2.311663788510579,0.7506462779073182,2.1943951023899797,1.5749195823355042,0.002387575979810208,0.0,0.0,0.0,0.0,0.0,0.0,0.0,0.0,0.0,0.0,0.0,0.0,1.3013053330795137,1.567553509379044
6.659097671508789,0.21493073750594296,0.08724722483485853,0.9138287044951111,0.7271593601486342,-0.11055278421431067,-0.06978866709067849,-0.6739042133689325,0.2559952394995322,-0.22344295647071816,-0.28058513289108794,-0.035150420625194786,0.3899324474602672,-2.2401044526374134,0.0,0.0,1.0,21.566590063083225,0.6407255988503826,21.51669261296568,0.6407255794873853,1.6111681003610578,20.503218502589522,1.5848649608576384,6.733461566099663e-10,1.1471975511990398,1.5647233855561657,0.0019580140069592744,0.0,0.0,0.0,0.0,0.0,0.0,0.0,0.0,0.0,0.0,0.0,0.0,1.3313053330795137,1.5686058055156813
6.6691038608551025,0.2173956736380071,0.08510807233986604,0.9110053325851718,0.7198919762754915,-0.1085192716175774,-0.06952810658410176,-0.6820153609535402,0.24649361320641316,-0.21391524949924773,-0.2823371909939351,-0.013280432658546861,0.3898861068693282,-2.1817902461323966,0.0,0.0,1.0,27.086331613307166,0.07253294057822701,29.788870780336858,2.525780584683446e-09,2.355523076400358,23.296530951322964,2.55010126438775,0.7081534591647191,2.1943951023817903,1.5734616304144848,0.0019896810117643327,0.0,0.0,0.0,0.0,0.0,0.0,0.0,0.0,0.0,0.0,0.0,0.0,1.3050042213823032,1.5680511740928933
6.678957462310791,0.2197882550925044,0.0830530171186844,0.9085128116322603,0.712567828977511,-0.10611698729313428,-0.06906356389136677,-0.6900844138630643,0.2392581454497314,-0.20550552211816456,-0.24925209529115688,0.01134480724104608,0.46785553035917193,-2.1841737799308194,0.0,0.0,1.0,23.298511208538038,0.7627883485202785,24.49240108757254,0.5879517638736829,1.8672601473277681,18.639620342646257,1.812588023751296,8.151005426171309e-10,1.147197551199266,1.5650650885773798,0.0018006489844992757,0.0,0.0,0.0,0.0,0.0,0.0,0.0,0.0,0.0,0.0,0.0,0.0,1.3350042213823032,1.5688240964245492
6.689305067062378,0.22209214201565763,0.08111257933343803,0.9060294947176223,0.7053773570587552,-0.10358844069912383,-0.06855281729945041,-0.6978629739014945,0.23038869231532233,-0.19404377852463645,-0.24833169146380063,0.029811870395080584,0.4875476435045504,-2.1250852569223735,0.0,0.0,1.0,29.203481951761603,1.9475698942450492e-08,29.999999999350162,4.546773069158405e-09,2.276648265098084,19.945844140769733,3.2356095928528017,0.6044195313792864,2.194395102382831,1.573421338498021,0.002243764989543706,0.0,0.0,0.0,0.0,0.0,0.0,0.0,0.0,0.0,0.0,0.0,0.0,1.3081746970704409,1.568287095303525
6.699474334716797,0.22432399257869823,0.0793207674751198,0.9038473589412825,0.6981829653040197,-0.10092349876460258,-0.06802762934123797,-0.7054978639249085,0.22318505630405946,-0.17918118583182285,-0.21821357763397745,0.04892724229646861,0.5055920004980744,-2.106934045346838,0.0,0.0,1.0,29.910497724793856,0.49717059250108814,29.999999996248846,0.49717051394901346,2.583667897073536,15.909457127054846,2.9138426320624307,1.1988696702047719e-09,1.1471975511997332,1.5661955923670463,0.002001028013182804,0.0,0.0,0.0,0.0,0.0,0.0,0.0,0.0,0.0,0.0,0.0,0.0,1.338174697070441,1.5690205586170245
6.709719657897949,0.22648646947180406,0.0777366034031337,0.90190712631691,0.691081040234753,-0.0982530694945328,-0.06754783551316272,-0.7128748979171879,0.21624768931058416,-0.15841640719861078,-0.1940232624372625,0.06147343886833109,0.4960802739772872,-2.0588690945914077,0.0,0.0,1.0,27.007278822317893,0.19276508539442744,26.99754919975196,1.0081995516220132e-08,1.9425880955673178,18.537684223491908,1.9648677638064593,0.5675893905149108,2.194395102369106,1.572647614983108,0.002004735986702144,0.0,0.0,0.0,0.0,0.0,0.0,0.0,0.0,0.0,0.0,0.0,0.0,1.3108922476603397,1.5686169920098847
6.720675468444824,0.22857088882555457,0.07625397272128155,0.9000339892540801,0.6840141075309565,-0.09554924464960929,-0.06712903460288101,-0.7200616190707595,0.20844193537505049,-0.14826306818521454,-0.18731370628298724,0.07804424717642404,0.48914401921442596,-2.029223830547152,0.0,0.0,1.0,28.58275793088591,0.9464981527246412,29.999999998605364,0.42271289060847755,2.196659243473173,13.003029100097528,2.408894197085199,6.835173538277672e-10,1.1471975511979002,1.5660640798059258,0.0028722579882014543,0.0,0.0,0.0,0.0,0.0,0.0,0.0,0.0,0.0,0.0,0.0,0.0,1.3408922476603398,1.5691927952917737
6.729474306106567,0.23059049480616195,0.07496344785983612,0.8983059648418791,0.6770957772543287,-0.09273783697997194,-0.06662129944872894,-0.7269818460432115,0.20196059806073885,-0.12905248614454257,-0.1728024412200976,0.08637200045770854,0.5137061758199862,-1.9711082077535986,0.0,0.0,1.0,29.771783429615606,4.990031943208351e-09,29.99999999980911,3.717962770988237e-09,2.06904868515599,15.453358944536802,3.207567102193165,0.4682836088430123,2.194395102386081,1.5722086377076125,0.001880558003904298,0.0,0.0,0.0,0.0,0.0,0.0,0.0,0.0,0.0,0.0,0.0,0.0,1.313221576737134,1.5687458359366526
6.739645957946777,0.23254599842033064,0.07383091989902278,0.8967552440624611,0.6702242769432502,-0.08989875555393118,-0.06614373768966036,-0.7337183644356966,0.19555036141686968,-0.11325279608133362,-0.15507207794179786,0.09782317103182032,0.510860104100304,-1.9403485034779577,0.0,0.0,1.0,29.99999999728256,0.3206861952729216,29.99999999812034,0.3206861657264781,2.5272021513367493,10.261957085107277,2.9606668534338385,3.981860452473285e-09,1.1471975512039405,1.5677327799348957,0.0019654950010590255,0.0,0.0,0.0,0.0,0.0,0.0,0.0,0.0,0.0,0.0,0.0,0.0,1.343221576737134,1.5692405219039327
6.749937295913696,0.23444688539275424,0.07291081588083721,0.8953370886447704,0.6634967381332604,-0.08710933684769183,-0.0657029011276594,-0.7401804987324971,0.19008869724235936,-0.09201040181855741,-0.14181554176907185,0.10277346143638032,0.495619920066214,-1.882443799582132,0.0,0.0,1.0,29.999999999691045,0.03316912423515789,29.999999999920746,0.08617674912700332,2.7144153195715597,13.349013447723975,5.568308953658117,0.40813210393002014,2.1943951023819928,1.5714536233869316,0.0022852639958728105,0.0,0.0,0.0,0.0,0.0,0.0,0.0,0.0,0.0,0.0,0.0,0.0,1.3152181445181064,1.5690251301940703
6.7591283321380615,0.23629053637743494,0.07215090193184288,0.8940679077789352,0.656832568130111,-0.0842960874216945,-0.06527406980150625,-0.7464612802420132,0.18436509846807073,-0.07599139489943331,-0.12691808658351342,0.11120015162957828,0.49522758175109755,-1.8495183778139668,0.0,0.0,1.0,26.650283048004788,0.3758926977569894,26.595813939264858,0.028264821285502374,2.5072452609464366,10.01466127651504,3.3068899745876417,2.9227194553449465e-09,1.1471975512020804,1.5690566725243285,0.002049204980721697,0.0,0.0,0.0,0.0,0.0,0.0,0.0,0.0,0.0,0.0,0.0,0.0,1.3452181445181064,1.5693720577930506
6.769452095031738,0.2380764696066785,0.0715371670145068,0.8927121547799036,0.6503279380457252,-0.0815262047121501,-0.06487674952669045,-0.7524746230360724,0.1785933229243546,-0.061373491733608676,-0.13557529990315192,0.11638862387419953,0.48218707186050186,-1.7905303267458756,0.0,0.0,1.0,29.999999975129395,2.9814306024000814e-08,29.999999999690203,0.27555079470450616,2.163187667921301,8.898509957690607,6.277736121392085,0.2780018792523549,2.194395102355342,1.570802123550939,0.0020685719791799784,0.0,0.0,0.0,0.0,0.0,0.0,0.0,0.0,0.0,0.0,0.0,0.0,1.3169294883301026,1.5693270027546617
6.779327392578125,0.23981685017550494,0.07110963634228154,0.8914793332005412,0.6439381331843546,-0.07874446576836125,-0.06446348465131442,-0.7582792684021592,0.17403805688264556,-0.042753067222526135,-0.12328215793623884,0.12011128167634963,0.4841319702289198,-1.7459974518960328,0.0,0.0,1.0,29.999999999933504,0.04751117163720909,29.999999999899572,2.094550977105314e-09,4.079300810986437,1.5678652153090233,6.157269269583775,2.074961535925013e-09,1.1471975512010397,1.5697556289512506,0.0018142889894079417,0.0,0.0,0.0,0.0,0.0,0.0,0.0,0.0,0.0,0.0,0.0,0.0,1.3469294883301026,1.5695377342969872
6.789340972900391,0.24152111210474717,0.07089494193188882,0.8903465127861715,0.6377143418127169,-0.07600210370123735,-0.06404432690319903,-0.7638340282226735,0.17042619292422323,-0.02146944103927172,-0.11328204143696965,0.11998246119933582,0.47712360089129036,-1.6880356438061148,0.0,0.0,1.0,29.999999991089147,0.1890803057425182,29.99999999917685,0.1553140275469981,2.216259774772627,4.780967163964577,3.974131101321545,0.1553140275973092,1.7539940473676128,1.5707963267948966,0.0019127900013700128,0.0,0.0,0.0,0.0,0.0,0.0,0.0,0.0,0.0,0.0,0.0,0.0,1.3183963544545223,1.569568862104739
6.799515008926392,0.24318785370905802,0.07086495074377572,0.8892942571532755,0.6316104680863281,-0.0733032324855271,-0.06364042032523225,-0.7691844704697114,0.16667416043108405,-0.0029991188113104097,-0.1052255632895968,0.12120519660684598,0.46696432163115553,-1.643330055296844,0.0,0.0,1.0,29.87815710012147,0.4221118298281502,29.999999999994955,0.29275087952673884,1.8280880230237049,4.639148400954378,6.319985785560648,0.2927508795677711,1.1471975512119519,1.5705261448599557,0.0021083520259708166,0.0,0.0,0.0,0.0,0.0,0.0,0.0,0.0,0.0,0.0,0.0,0.0,1.3483963544545223,1.5697442142033329
6.809406757354736,0.24481731337448187,0.0710023221757331,0.8883273262855627,0.6256204363882908,-0.07058458493724858,-0.06320317192518436,-0.7743527910462756,0.16294596654238427,0.013737143195738905,-0.09669308677128166,0.12256119173334167,0.472997254290649,-1.6025725212443984,0.0,0.0,1.0,29.999999999728857,3.4230746015495583e-09,29.999999999810875,1.282007504131806,3.240295520843003,7.291633963291133e-10,8.359791870297515,1.2824758996504764,2.1943951022033827,1.5694606378880518,0.0017480409878771752,0.0,0.0,0.0,0.0,0.0,0.0,0.0,0.0,0.0,0.0,0.0,0.0,1.3196536682770124,1.5698559185828505
6.819324731826782,0.24641232436921248,0.07130380246521378,0.8874601690357105,0.6197594156470263,-0.06782500638626823,-0.06270841866631108,-0.7793366983877572,0.15950109947306232,0.03014802894806887,-0.08671572498521721,0.12292911406154836,0.4855588326652278,-1.5592222684848658,0.0,0.0,1.0,29.99999999992783,0.5878016166173563,29.99999999994338,9.399417540830985,4.205864840634481,0.5878016312429308,8.820720418298528,9.410234805145912,1.6707963267948966,1.549225067711388,0.0019013560086023062,0.0,0.0,0.0,0.0,0.0,0.0,0.0,0.0,0.0,0.0,0.0,0.0,1.3496536682770124,1.569799449912165
6.829732179641724,0.24795297273473077,0.0716654127959181,0.8867168087501678,0.6141833852215398,-0.06500838838579164,-0.0621135016516151,-0.7840246116480443,0.15406483655182862,0.03616103307043089,-0.07433602855426968,0.12196503469761691,0.5064237568717034,-1.4774668956217516,0.0,0.0,1.0,29.999999999625242,1.7010137647154973,29.99999999948435,7.216289849292059,5.724219086886468,1.7010137930964893,6.967292122194188,8.434677430148637,1.6658187586105961,1.047197551314306,0.0021046570036560297,0.0,0.0,0.0,0.0,0.0,0.0,0.0,0.0,0.0,0.0,0.0,0.0,1.3796536682770124,1.5668602524549111
6.839985132217407,0.2494464559285835,0.07211090631238712,0.8860790875299679,0.6087957539117352,-0.06221976976890654,-0.061502281960053286,-0.7884883636317358,0.14934831938527363,0.04454935164690273,-0.06377212201999102,0.12120344269266399,0.5034614481750277,-1.4198283743408324,0.0,0.0,1.0,29.999999999012903,8.110708502836744,29.99999999946968,1.7844067556893606e-08,4.829381511477765,8.142674282061753,7.213611519151661,15.185532394070833,1.6417181860129042,1.0471975512187395,0.0021345890127122402,0.0,0.0,0.0,0.0,0.0,0.0,0.0,0.0,0.0,0.0,0.0,0.0,1.4096536682770124,1.536860252454911
6.848737955093384,0.25086036123896227,0.07251277027064477,0.88558213592795,0.6035650236764136,-0.059383098317292625,-0.06082757845281745,-0.7927691439052705,0.14139053103787955,0.04018639582576527,-0.04969516020179271,0.12124611186115809,0.5184219577428015,-1.3726069260632354,0.0,0.0,1.0,29.99999999984165,17.863416100324528,29.999999999377803,2.0271315847831697,6.788526576639454,19.03192544751166,3.8486050250623807,29.999999999809887,1.2529616984464136,1.0471975512003848,0.001688360993284732,0.0,0.0,0.0,0.0,0.0,0.0,0.0,0.0,0.0,0.0,0.0,0.0,1.4396536682770125,1.506860252454911
6.860397815704346,0.25202004137696704,0.07226478014343331,0.8854098554328171,0.59861795853514,-0.05634034868554165,-0.06004254325922034,-0.7967918158642053,0.11596801380047721,-0.02479901272114724,-0.017228049513289233,0.13513796315311077,0.5648004640314676,-1.2976689211187575,0.0,0.0,1.0,29.999999999965205,7.39459784611458,29.999999999820368,2.4013539282003777,8.481552057622807,29.99999999973874,3.707317569913839,29.999999999973337,2.1943951023926584,1.0471975511967893,0.002425091981422156,0.0,0.0,0.0,0.0,0.0,0.0,0.0,0.0,0.0,0.0,0.0,0.0,1.4129833868726411,1.476860252454911
6.870374917984009,0.252886520142453,0.07125261642188298,0.8856276069825556,0.5936327805367954,-0.05313941291575509,-0.05911128603200728,-0.8008009618692801,0.08664787654859657,-0.10121637215503282,0.021775154973841762,0.13050783384197562,0.606905392335257,-1.302375454479323,0.0,0.0,1.0,29.999999999903153,12.011351466603276,29.725977358467077,4.2540468925267305e-09,8.30087223332111,10.660256925317235,3.8259754590444994,18.322109432650052,1.1471975511968637,1.0471975511968992,0.0030558259750250727,0.0,0.0,0.0,0.0,0.0,0.0,0.0,0.0,0.0,0.0,0.0,0.0,1.4429833868726412,1.446860252454911
6.879280090332031,0.25365366314702104,0.07014542734653693,0.8859940620549127,0.5887376533851845,-0.05004505518992398,-0.0582714953728326,-0.8046663288373374,0.07671430045680548,-0.11071890753460446,0.03664550723571147,0.1351603114821273,0.5785123377210384,-1.2705937263272884,0.0,0.0,1.0,29.999999999689102,2.193549648892205,29.999999998865025,1.6309781785378035,8.342214944129358,24.1916858466815,3.2146933666500983,27.43704437277954,2.1943951023862036,1.0471975512003182,0.0017586790199857205,0.0,0.0,0.0,0.0,0.0,0.0,0.0,0.0,0.0,0.0,0.0,0.0,1.4129833868726411,1.416860252454911
6.889399528503418,0.2542046737034869,0.06855759770547593,0.886628150426355,0.5840080075680603,-0.04698311348738821,-0.05726797779521743,-0.808361065899801,0.055101055646590284,-0.15878296410610154,0.06340883714422609,0.10863890581226693,0.5927945363026181,-1.2218535283783205,0.0,0.0,1.0,29.999999999929464,4.4166242866371235,29.999999998191026,1.9556092301087347e-09,12.05175999919883,4.5989896257106935,3.335388559055275,15.041845950152261,1.1471975511973898,1.0471975511972453,0.002021980006247759,0.0,0.0,0.0,0.0,0.0,0.0,0.0,0.0,0.0,0.0,0.0,0.0,1.4429833868726412,1.386860252454911
6.899377346038818,0.25472509407897576,0.06707182580885267,0.8873844957763861,0.5794410513741146,-0.04428250705010556,-0.05639468143299342,-0.8118539077062384,0.05204203754888228,-0.14857718966232625,0.07563453500311398,0.09132846545478163,0.5191318379418627,-1.1690530602231162,0.0,0.0,1.0,29.999999999181217,0.1700190984740706,29.629671167037674,1.228335176813646,8.238900247379245,13.248227777012058,1.2956587591430409,27.11681356344559,2.194395102277517,1.0471975512088443,0.0019280659907963127,0.0,0.0,0.0,0.0,0.0,0.0,0.0,0.0,0.0,0.0,0.0,0.0,1.4129833868726411,1.356860252454911
6.909920692443848,0.25510591949352734,0.06532723371895716,0.888281970782129,0.5754118918184739,-0.04183721264093683,-0.055314750623636784,-0.8149178368128698,0.038082541455159345,-0.1744592089895513,0.08974750057429406,0.0377896710608918,0.503889423438047,-1.0273125681049038,0.0,0.0,1.0,29.999999999469075,0.7931245249717302,29.412786695519298,6.729802271010499e-09,7.783276531585712,0.625739841601284,2.245902265200366,14.397361780490389,1.1471975512073767,1.0471975511991378,0.0022683709976263344,0.0,0.0,0.0,0.0,0.0,0.0,0.0,0.0,0.0,0.0,0.0,0.0,1.4429833868726412,1.326860252454911
6.91878604888916,0.2554662903267941,0.06369277573828125,0.8892165264667687,0.5715074503542544,-0.0396660526751668,-0.05428305795183124,-0.817838118501546,0.0360370833266707,-0.1634457980675901,0.09345556846396941,0.01673626279671278,0.4538359261826427,-0.9878244311079709,0.0,0.0,1.0,29.99999999989735,2.413482182411961,29.999999999880224,0.8600524485616741,5.153045759063758,5.296251043625261,2.513524191154138,20.671998255473255,1.7791480898971692,1.0471975511985472,0.0018916720000561327,0.0,0.0,0.0,0.0,0.0,0.0,0.0,0.0,0.0,0.0,0.0,0.0,1.4129833868726411,1.2968602524549109
6.928884506225586,0.2557574477869072,0.0620157567852225,0.8902186648074883,0.5679167309521704,-0.037634721530755574,-0.05308531513414259,-0.820509697539896,0.029115746011311838,-0.16770189530587432,0.10021383407195522,-0.02121808930172038,0.45137687535348353,-0.9052461933094353,0.0,0.0,1.0,29.99999999960867,16.074019982582243,29.68261910202804,2.6514160311741364e-08,4.719066169677391,27.389806793810152,3.9753505820527835e-08,29.99999995164006,1.147197551417248,1.0471975512003597,0.0018890649953391403,0.0,0.0,0.0,0.0,0.0,0.0,0.0,0.0,0.0,0.0,0.0,0.0,1.4429833868726412,1.2668602524549109
6.93955659866333,0.255694402541299,0.05960109026144114,0.8915113481476419,0.5641354500981057,-0.03533813278068215,-0.05173633318982641,-0.8233017442847149,-0.006304524560816913,-0.24146665237813625,0.1292683340153488,-0.018621235610143463,0.5109685201907136,-0.9518794800448723,0.0,0.0,1.0,29.99999999989725,1.705050395193103,29.050429764424774,0.9313475889636853,10.438842930279357,14.109676149701025,2.1057355676934133,14.91974375098022,1.6561376816936497,1.0471975511987313,0.002588289004052058,0.0,0.0,0.0,0.0,0.0,0.0,0.0,0.0,0.0,0.0,0.0,0.0,1.4129833868726411,1.2368602524549108
6.949732065200806,0.2555922864727161,0.057246870221083906,0.8928702184983931,0.5602895225652404,-0.0333805440260881,-0.05053421605303889,-0.826079707529511,-0.010211606858288202,-0.23542200403572383,0.1358870350751246,-0.032998043254195156,0.43780942226358266,-0.9584652947171135,0.0,0.0,1.0,29.999999999782116,3.0623383033748244,27.10536447271851,2.1184993870271285e-08,9.37899960948445,17.244433613769022,1.059108510944659,23.841512360796173,1.1471975512187016,1.047197551200637,0.0019538910128176212,0.0,0.0,0.0,0.0,0.0,0.0,0.0,0.0,0.0,0.0,0.0,0.0,1.4429833868726412,1.2097655808468852
6.959680557250977,0.25537401336122856,0.054725761365822086,0.8942760028714097,0.5566460617879877,-0.03192325903937704,-0.04939317795440914,-0.828665421868074,-0.02182731114875114,-0.252110885526182,0.14057843730166703,-0.0756752268155497,0.3490690334451232,-0.8988218928455369,0.0,0.0,1.0,29.999999999243997,4.853739632437737e-09,29.21952577310043,1.0526113866073268,12.59801264883982,14.449475404463838,1.694495755400166,20.286701213423843,2.194395102363394,1.0471975512038618,0.0019236129883211106,0.0,0.0,0.0,0.0,0.0,0.0,0.0,0.0,0.0,0.0,0.0,0.0,1.4129833868726411,1.186541576611707
6.96938681602478,0.2550901155171845,0.052178977429617135,0.8957933127140073,0.5531283333880476,-0.030884931471063533,-0.048308127659049106,-0.831120624586748,-0.02838978440440505,-0.254678393620495,0.15173098425975245,-0.11094644773569334,0.2738092254642147,-0.8596723137386605,0.0,0.0,1.0,29.999999999940858,0.2502601492837362,25.436216005613666,3.1893598873011797e-10,5.085354359835037e-10,6.191314128045633e-11,1.8622579034399678e-09,8.258584054609178,1.1471975511972525,1.0471975511969156,0.0016699089901521802,0.0,0.0,0.0,0.0,0.0,0.0,0.0,0.0,0.0,0.0,0.0,0.0,1.4429833868726412,1.166635287267729
6.979460716247559,0.2548511393715575,0.04985736705368095,0.897146347816397,0.5495743327188566,-0.030394406326660933,-0.047517937455347305,-0.833538408533562,-0.023897614562701435,-0.2321610375936188,0.13530351023897563,-0.12239713510105404,0.14955010775164346,-0.8580906545367671,0.0,0.0,1.0,29.99221634231825,9.222970458466762e-07,29.9999999986638,0.4399502794054989,1.8747567743775253,0.43995028023775545,1.8747567753155923,14.078406023682033,1.6765874937735403,1.0471975512427043,0.0018866390164475888,0.0,0.0,0.0,0.0,0.0,0.0,0.0,0.0,0.0,0.0,0.0,0.0,1.4129833868726411,1.149572753543327
6.989563226699829,0.2546134062658667,0.04765638824129489,0.8985015364175537,0.546111811178595,-0.02995821829896736,-0.04660176795881638,-0.8358783823444047,-0.023773310569079286,-0.22009788123860624,0.13551886011566444,-0.14807580354840646,0.154735066339658,-0.8330054810909386,0.0,0.0,1.0,29.999999999809617,0.46320047416113913,29.999999998260275,5.584787632351151e-09,2.4566764981366607,3.6167883854024305,1.6336316743803536e-08,11.668599469809386,1.6630923384950258,1.047197551200376,0.00200235698139295,0.0,0.0,0.0,0.0,0.0,0.0,0.0,0.0,0.0,0.0,0.0,0.0,1.4429833868726412,1.1349477246432382
6.999708414077759,0.2543830544974407,0.045590472678414914,0.8998545900069794,0.5426482358812024,-0.029572793792339343,-0.0456125243458014,-0.8381991646292296,-0.023035176842602062,-0.20659155628799736,0.13530535894256931,-0.16566402665687482,0.15410515626542046,-0.8301745252149212,0.0,0.0,1.0,29.999999999772534,3.77829810210319,28.945566413477852,1.255629700246896,9.852216820149806e-09,21.280463378293867,1.7862292632157573,16.377019402674506,1.2738072667398475,1.0471975511986251,0.0018926909833680838,0.0,0.0,0.0,0.0,0.0,0.0,0.0,0.0,0.0,0.0,0.0,0.0,1.4729833868726412,1.1224119855799721
7.00963282585144,0.25403233474111986,0.043383095435661385,0.9012706115558237,0.5388429550994889,-0.02917139342188145,-0.044587937399552316,-0.8407194629505905,-0.03507197563208325,-0.22073772427535276,0.14160215488442823,-0.17369637252026882,0.15868209383968263,-0.9090488589070973,0.0,0.0,1.0,29.999999999859675,5.5089447226208677e-08,29.172635030146147,0.21958413850086078,1.8874013089289892,8.053755649948485,3.1116076065714227,7.729523386548628,1.3805773106305403,1.0471975512031009,0.0019479480106383562,0.0,0.0,0.0,0.0,0.0,0.0,0.0,0.0,0.0,0.0,0.0,0.0,1.4445296554250993,1.111667066382637
7.019620418548584,0.2537008393675615,0.041330028701939484,0.9026575710104126,0.5349247639817781,-0.028862072246590383,-0.04359025908944395,-0.8432807165927527,-0.03314953735583865,-0.20530667337219025,0.13869594545888392,-0.18011912026793409,0.13953164266810092,-0.9317838403965336,0.0,0.0,1.0,29.999999999875328,1.174157691460629,29.577756199472006,0.8390526362033754,2.848123997362812,16.243756236775877,1.1745855843514619e-08,21.664395786449596,2.194395102326494,1.0471975512051905,0.0020033440086990595,0.0,0.0,0.0,0.0,0.0,0.0,0.0,0.0,0.0,0.0,0.0,0.0,1.4353936061687338,1.102457135642703
7.030024766921997,0.2532588237076513,0.03912440304315151,0.9041174624917687,0.5311205820088479,-0.028613695313556006,-0.04233756322969212,-0.8457539326227559,-0.04420156599102184,-0.22056256587879716,0.14598914813561725,-0.22822404366793858,0.15702185691436515,-0.901133180681905,0.0,0.0,1.0,29.999999990836518,2.9941193524507526e-08,29.99999998462914,0.49332524565458175,5.080059151093579,2.0574049131028005e-09,1.972123032206974,5.889858349807302,1.29473868995367,1.0471975514914948,0.0023154560185503215,0.0,0.0,0.0,0.0,0.0,0.0,0.0,0.0,0.0,0.0,0.0,0.0,1.4653936061687338,1.094562909294487
7.039380073547363,0.25285979259047053,0.03711055630755291,0.9055638942266686,0.5272416618477231,-0.0284335791412514,-0.04110232614778426,-0.8482442810738603,-0.03990311171807373,-0.20138467355986045,0.14464317348998404,-0.23309463362363847,0.14308611250080447,-0.9151171347172431,0.0,0.0,1.0,29.999999999865484,0.16454188225843186,29.99999999970734,2.4173901769231065e-09,2.6534550813846822,0.1645418505412948,1.2601471901571188,5.2653381603525835,1.6707963267948966,1.0471975512085385,0.0022796789999119937,0.0,0.0,0.0,0.0,0.0,0.0,0.0,0.0,0.0,0.0,0.0,0.0,1.4410143324237248,1.0877964296083453
7.049413442611694,0.2525001372090276,0.03527274849740886,0.9069864705206885,0.523277082451888,-0.0282861156773172,-0.03987105026867912,-0.8507592432592205,-0.03596553814429654,-0.18378078101440543,0.14225762940198458,-0.23655529350982218,0.13656472103799008,-0.9319988934109052,0.0,0.0,1.0,29.999999999501508,1.0626479082787021e-07,29.999999999622332,0.2790399850022748,5.218961042025987,1.0626494748033899e-07,3.662544851479171,9.208318620497266,1.6704158730213967,1.3139347142766606,0.0016851879772730172,0.0,0.0,0.0,0.0,0.0,0.0,0.0,0.0,0.0,0.0,0.0,0.0,1.4710143324237248,1.0819965898369444
7.059903860092163,0.25216568384119337,0.0335713348636188,0.9084122877840559,0.5192926788576615,-0.028199998089615468,-0.038612744560023046,-0.8532578331021178,-0.03344533678342134,-0.1701413633790056,0.14258172633673963,-0.24755628915517858,0.1287046924072557,-0.9330164883913182,0.0,0.0,1.0,29.99999999925881,0.20252629891496912,29.999999999391566,1.2690480516441838e-07,2.582805367625316,0.2025262991981328,2.8581265464839785,6.4808348344778715,1.6707963267948966,1.0471975512287923,0.002496353001333773,0.0,0.0,0.0,0.0,0.0,0.0,0.0,0.0,0.0,0.0,0.0,0.0,1.4995002667948207,1.1119965898369444
7.068941831588745,0.25186186446405606,0.03201301760887596,0.9098217623788555,0.5152367951171596,-0.028131680145315516,-0.037342722693251756,-0.8557716836817252,-0.030381937713730562,-0.1558317254742838,0.1409474594799599,-0.25192536031246104,0.1264180452768897,-0.9465962680012602,0.0,0.0,1.0,29.99999999929208,0.70234184114363,29.999999999591445,0.26651319685146363,3.7530345009191994,0.7023418417529869,4.881345933061805,7.390253537694407,1.6702529013690788,1.0471975512636487,0.0019422410114202648,0.0,0.0,0.0,0.0,0.0,0.0,0.0,0.0,0.0,0.0,0.0,0.0,1.5239711325091172,1.102739584321494
7.07887601852417,0.2515831674733472,0.03058033259489817,0.9112305303248637,0.5111270644375249,-0.028064885746435664,-0.03604225683190817,-0.8582904181627455,-0.02786969907088748,-0.14326850139777902,0.1408767946008173,-0.25763246243535415,0.12891979913831403,-0.9561331366709839,0.0,0.0,1.0,29.999999958120522,5.677346336587652,29.9999999996784,2.1101944247536863e-08,1.3484791061557644e-08,5.680573283843634,4.357994099688399,3.5550452752094444,1.6669119919456634,1.0471975512218505,0.0017709610110614449,0.0,0.0,0.0,0.0,0.0,0.0,0.0,0.0,0.0,0.0,0.0,0.0,1.5448685280605403,1.0948050081703733
7.08867073059082,0.25131853758258477,0.029255320070229192,0.9126329168066349,0.506849859331786,-0.027937586606886743,-0.0347585961913819,-0.8608801027673575,-0.026462989076240794,-0.13250125246689803,0.1402386481771245,-0.2500140996373958,0.13677908871729608,-0.9926652930870278,0.0,0.0,1.0,28.01930286532276,8.611539075930938,29.419583455183904,1.0691439769812225,1.7405723093689074,8.783644664389232,1.0912388326289602e-08,17.886566544446133,1.6591169164977995,1.0471975513512897,0.001705804985249415,0.0,0.0,0.0,0.0,0.0,0.0,0.0,0.0,0.0,0.0,0.0,0.0,1.562303308615558,1.088003942892013
7.099881410598755,0.2509695225019486,0.027824837558549722,0.9140076030968813,0.5026752863546472,-0.02765002995574235,-0.033191701840851046,-0.8633952416249628,-0.03490150806361986,-0.14304825116794706,0.13746862902464327,-0.28144329549880454,0.19338016611927936,-0.9669691188025287,0.0,0.0,1.0,29.937887439216095,2.4683773052419076,29.99999999926469,0.9657812318043282,3.8205963554826345,2.466534608922262,1.9320752860013264,6.566884362034125,1.1471975513701549,1.5742353650306817,0.002076003991533071,0.0,0.0,0.0,0.0,0.0,0.0,0.0,0.0,0.0,0.0,0.0,0.0,1.5761338240273068,1.0821744583861954
7.10884165763855,0.25064842729278175,0.02650765042579018,0.9153727794418826,0.49842207069533967,-0.027394885952491267,-0.03163861005972183,-0.8659237599355434,-0.03210952091668208,-0.13171871327595414,0.13651763450012172,-0.2828422379243605,0.1859474585689122,-0.9817555028478518,0.0,0.0,1.0,29.999999984973833,9.497222563936702e-09,29.999999996877733,0.1960293564064206,2.787860167876417,0.2190893538820622,3.1118717500237336,0.9994049667679201,2.1394153242222007,1.0471975547208547,0.0018802159756887704,0.0,0.0,0.0,0.0,0.0,0.0,0.0,0.0,0.0,0.0,0.0,0.0,1.5461338240273068,1.1121744583861954
7.118783712387085,0.2503664373410793,0.02532004818732243,0.9167212304472756,0.49405970994945325,-0.027147553309974554,-0.030120003719995316,-0.8684818931502555,-0.028198995170248473,-0.11876022384677529,0.13484510053930207,-0.27843398026905075,0.18062861422942056,-1.0037496917581794,0.0,0.0,1.0,29.999999999903906,0.31432979513988596,29.775413645606925,1.2871106958023404e-10,1.632694236249336,10.37286725963444,0.3223792214497623,2.652500441513439e-11,1.6667259988403595,1.4791475600726764,0.0016870279796421528,0.0,0.0,0.0,0.0,0.0,0.0,0.0,0.0,0.0,0.0,0.0,0.0,1.5761338240273068,1.102892043576861
7.1288416385650635,0.2500931314294281,0.02420739888632218,0.918056548117418,0.48947029595762,-0.02690599580947972,-0.02866476214530709,-0.8711333010371106,-0.0273305911651209,-0.1112649301000251,0.1335317670142375,-0.26979314216528455,0.17250299345880868,-1.0527145563733478,0.0,0.0,1.0,29.506223656499742,0.528373936714613,29.99999999885824,0.2829634017773377,2.260840303578017,8.52645322913004,2.0960366795760352,0.28296340174276036,1.1471975513631039,1.5707963267948966,0.001876379013992846,0.0,0.0,0.0,0.0,0.0,0.0,0.0,0.0,0.0,0.0,0.0,0.0,1.5890755632863143,1.132892043576861
7.139145612716675,0.24983506324066396,0.023173517753667213,0.9193694524304667,0.4847142133143634,-0.026593708646071246,-0.02721658254059868,-0.8738444734083387,-0.025806818876412542,-0.10338811326549667,0.13129043130487558,-0.26287829728568396,0.18350087613365385,-1.0880472807110202,0.0,0.0,1.0,29.038541217480105,0.38475326208917593,29.93314973400667,0.27275776431358895,3.249486418612638,8.914187766921714,3.1836426164633727,0.27275776431563986,2.194395102275042,1.570120161164602,0.0019610390008892864,0.0,0.0,0.0,0.0,0.0,0.0,0.0,0.0,0.0,0.0,0.0,0.0,1.5590755632863142,1.162892043576861
7.1492695808410645,0.249587707285017,0.02220578143657313,0.9206525128063895,0.4798025777983229,-0.026160712016828475,-0.025747268314977468,-0.8766083399438849,-0.024735595564694835,-0.09677363170940831,0.12830603759227194,-0.2559842754172559,0.2060797172277005,-1.120886595881668,0.0,0.0,1.0,29.47892648663747,0.5043776277126585,29.999999994339294,0.3036047940983465,5.330798456586644,7.455632706416812,5.415995115135777,0.3035486903445653,1.4405611375423941,1.5699721591402607,0.00199127898667939,0.0,0.0,0.0,0.0,0.0,0.0,0.0,0.0,0.0,0.0,0.0,0.0,1.5890755632863143,1.192892043576861
7.1593358516693115,0.24936014907799903,0.021314558714746197,0.9219385591116214,0.47477219289243794,-0.02566289414317736,-0.02428105257038466,-0.879399346830765,-0.022755820701797446,-0.08912227218269306,0.1286046305231862,-0.24998185970353098,0.2166775719623068,-1.1446607437016412,0.0,0.0,1.0,29.999999999349896,0.7059436669075205,29.999999999754504,0.5169838539305577,7.43422513903668,7.550658100304707,8.615722574761062,0.5170684232092124,1.4401582702509779,1.5696401685710433,0.0018704569956753403,0.0,0.0,0.0,0.0,0.0,0.0,0.0,0.0,0.0,0.0,0.0,0.0,1.5678592167514684,1.222892043576861
7.169371604919434,0.24915316417562638,0.02049817980483288,0.9232805877205561,0.469635027289672,-0.02512700927312235,-0.022832868511507936,-0.8822075915923382,-0.020698490237263556,-0.08163789099133163,0.13420286089347283,-0.24382760109773427,0.22123059696754724,-1.16535589130315,0.0,0.0,1.0,29.99999999849143,0.5847632483330465,29.999999992355352,0.31434986052832314,10.916962722762179,5.6383715238188845,9.621122206148337,0.31483169583325443,1.4495588007612288,1.5675997039066645,0.0019578869978431612,0.0,0.0,0.0,0.0,0.0,0.0,0.0,0.0,0.0,0.0,0.0,0.0,1.5496162243942555,1.2528920435768611
7.179657459259033,0.24897870603827293,0.01977033842937341,0.924712781212345,0.4644365839650938,-0.024659078943158285,-0.021454617279666698,-0.885002987959867,-0.01744581373534622,-0.07278413754594697,0.14321934917889503,-0.23812056226696326,0.20232751059652426,-1.1750022523485637,0.0,0.0,1.0,29.999999999716284,0.5189449609879174,29.999999999588947,0.15725757439901927,9.8793636541773,6.861063009522493,7.8206411073009034,0.16025381548405535,1.6966418324628556,1.5697177788430583,0.0022525640088133514,0.0,0.0,0.0,0.0,0.0,0.0,0.0,0.0,0.0,0.0,0.0,0.0,1.5353223067323944,1.2828920435768612
7.189349889755249,0.2488311641203809,0.019117244108179263,0.9262013490147252,0.459153807077165,-0.02427394135021013,-0.020157545227762447,-0.8877962776382107,-0.014754191789204184,-0.06530943211941483,0.14885678023802107,-0.231849056005399,0.1797602503016696,-1.1897789691055052,0.0,0.0,1.0,29.9999999982845,0.7433896006003592,29.999999999446782,0.42507852039848226,3.7178589850915458,6.2101358307237415,5.882929039602724,0.4295932538311886,1.1471975514157131,1.570558953080427,0.001643697003601119,0.0,0.0,0.0,0.0,0.0,0.0,0.0,0.0,0.0,0.0,0.0,0.0,1.5583679532653174,1.3128920435768612
7.1995320320129395,0.248705819800803,0.018525847348247665,0.9276829945329337,0.45378689458097665,-0.02384797571486971,-0.018874481552675713,-0.8905910859125945,-0.012534431957787978,-0.05913967599315983,0.14816455182085186,-0.2260270491567506,0.1853914892887457,-1.2050903620890783,0.0,0.0,1.0,29.13742862133171,0.9426932063229659,29.999999993856555,1.0817974178904677,5.31015179542232,6.540494965575658,8.502437809616042,1.09029575400115,1.7006860301656026,1.5687848088885208,0.0020996779785491526,0.0,0.0,0.0,0.0,0.0,0.0,0.0,0.0,0.0,0.0,0.0,0.0,1.5283679532653174,1.3428920435768612
7.209247589111328,0.24859344099579722,0.017979470911204755,0.9291605145261438,0.44835747058622666,-0.02322637909273842,-0.01752548916166488,-0.8933806417834481,-0.011237880500579339,-0.05463764370429113,0.14775199932101346,-0.2202935270263317,0.2259597215591675,-1.2161724163656622,0.0,0.0,1.0,29.615340440653423,1.6591806168887868,29.999999997316202,2.246270104275083,5.234149586899936,8.582157473347065,8.101701263086488,2.2644678983803033,1.2031292177453865,1.5598016340954983,0.0016745479952078313,0.0,0.0,0.0,0.0,0.0,0.0,0.0,0.0,0.0,0.0,0.0,0.0,1.5529848213939295,1.3728920435768612
7.219491004943848,0.24848336392302794,0.01746118148472115,0.9306500913266156,0.4428334976763514,-0.022475649856363022,-0.016147851770570085,-0.8961766485366925,-0.011007707276926898,-0.0518289426483604,0.14895768004717513,-0.2142940149733938,0.2513000622647775,-1.2339644591829488,0.0,0.0,1.0,29.999999990080816,2.53236654062413,29.778157765696882,3.64631693232361,7.589275514991442,9.596426011096275,10.174220431304139,3.664038982897158,1.3494614744047184,1.5175855813435026,0.0019573639729060233,0.0,0.0,0.0,0.0,0.0,0.0,0.0,0.0,0.0,0.0,0.0,0.0,1.5229848213939294,1.3995934136509522
7.2294394969940186,0.24836597986544934,0.016955870181654047,0.9321958377414389,0.4372234127613088,-0.021649621592889773,-0.014764334629904535,-0.8989710760870868,-0.011738405757861017,-0.05053113030671056,0.15457464148232755,-0.2090608742491505,0.2650319960107994,-1.2494759926941048,0.0,0.0,1.0,29.99999999888899,3.059100963727638,29.486708992513137,4.907318281878587,10.528351336406141,9.00585677238105,12.19962881295693,4.876992863841143,1.1993940237318985,1.4385757640037375,0.001981734996661544,0.0,0.0,0.0,0.0,0.0,0.0,0.0,0.0,0.0,0.0,0.0,0.0,1.4981957718240422,1.416449437607031
7.239409446716309,0.2482404102818605,0.016459242952455034,0.9338359647922406,0.43158420735769865,-0.020807444896671818,-0.013391819391646098,-0.9017332096411224,-0.012556958358883045,-0.04966272291990145,0.16401270508017418,-0.20570141241746823,0.26674753186158695,-1.2519831191057136,0.0,0.0,1.0,29.999999999259757,1.4444793573004375,29.88809981273916,3.2699933438267617,10.134845905422232,9.874131868603767,9.742861342395694,4.30682631694242,2.1943951022889645,1.16916969333254,0.0017735209839884192,0.0,0.0,0.0,0.0,0.0,0.0,0.0,0.0,0.0,0.0,0.0,0.0,1.4681957718240422,1.419610341377989
7.24946403503418,0.2481104800333149,0.01597401575085617,0.9355388689257423,0.42587099946628537,-0.019996508095150866,-0.012060635899460815,-0.904482488796377,-0.012993024854558765,-0.04852272015988641,0.17029041335016656,-0.20121742053975475,0.25729415672724565,-1.2643082119649325,0.0,0.0,1.0,29.449997832267645,1.7948568646229934,29.15136993977142,1.3484553573754234,10.938226846950581,8.514700639552615,10.54186543528423,2.1213324959984377,1.1471975520300113,1.4190430350321943,0.001852012996096164,0.0,0.0,0.0,0.0,0.0,0.0,0.0,0.0,0.0,0.0,0.0,0.0,1.4981957718240422,1.389610341377989
7.259394407272339,0.24799176729005448,0.015517407982463993,0.9372699308889645,0.4201083384818379,-0.019247894220390176,-0.01079715395162707,-0.907205557728046,-0.011871274326042494,-0.04566077683921783,0.17310619632221086,-0.1944132656955247,0.24002950632242473,-1.2711421771384217,0.0,0.0,1.0,29.999999780162014,1.6774923245160347,29.849046826508832,1.618403764395507,10.851803250029922,9.765122238374424,10.573948381604206,2.548465395494212,2.037665545858852,1.5235771265173679,0.0018455989775247872,0.0,0.0,0.0,0.0,0.0,0.0,0.0,0.0,0.0,0.0,0.0,0.0,1.4681957718240422,1.3938150119000183
7.269275903701782,0.24787436415441716,0.015075236989087708,0.9390655433982688,0.4142651543752202,-0.018530888245268273,-0.00958719159179871,-0.9099170697424566,-0.011740313563731232,-0.044217099337628456,0.179561250930423,-0.18764335774705773,0.22957930747344446,-1.2849193699174124,0.0,0.0,1.0,27.55316160482664,1.973216697300993,27.347967537631767,0.7823774804242245,11.08278928146927,9.129047697888172,10.829262819603086,1.0317403603057405,1.147197551805379,1.5278749464763086,0.0018071160011459142,0.0,0.0,0.0,0.0,0.0,0.0,0.0,0.0,0.0,0.0,0.0,0.0,1.4981957718240422,1.412352456845354
7.27900767326355,0.2477603814340363,0.01464701250581118,0.9407782038169172,0.40839857018037656,-0.017850729334104764,-0.008433069622413254,-0.9125901833099062,-0.01139827203808559,-0.042822448327652786,0.17126604186484926,-0.18054726710325472,0.2180599400063606,-1.286132656455714,0.0,0.0,1.0,27.664674780218757,2.0842658796731954,27.672706070379416,1.3336787945335107,11.57319387819681,9.960439219325366,11.439130256676217,1.6366138222318836,1.8262875681371673,1.5618378223085052,0.0016707380127627403,0.0,0.0,0.0,0.0,0.0,0.0,0.0,0.0,0.0,0.0,0.0,0.0,1.4681957718240422,1.428855669649776
7.289050817489624,0.2476416306682181,0.014221399863503374,0.9424439237172424,0.4024938120900974,-0.01717379635358141,-0.007317070515075663,-0.9152323488748988,-0.011875076581820784,-0.04256126423078071,0.16657199003251486,-0.17393669715876656,0.2141823904058049,-1.2907029949363404,0.0,0.0,1.0,25.661188459130905,2.927240824014093,25.983966814396556,2.771628760476978,10.756233672419947,10.95369157209062,10.787175899896763,3.275845190766762,1.1471975513941466,1.5494916172799746,0.001900736999232322,0.0,0.0,0.0,0.0,0.0,0.0,0.0,0.0,0.0,0.0,0.0,0.0,1.4981957718240422,1.4478531200295945
7.299073934555054,0.24749808376864443,0.01377421784098727,0.9439550252804311,0.3965663799267532,-0.01644583648756007,-0.006207555262646287,-0.9178377345869343,-0.014354689957365005,-0.044718202251610405,0.15111015631886732,-0.1686662705722021,0.22284129563788124,-1.2919896531446882,0.0,0.0,1.0,24.774648548889022,4.97500938177749,25.13150687211579,6.523495462898349,13.028027723110945,12.641610283466358,13.08952675170993,7.497354097492062,1.1471975512734673,1.4875325859192805,0.0018734770128503442,0.0,0.0,0.0,0.0,0.0,0.0,0.0,0.0,0.0,0.0,0.0,0.0,1.4681957718240422,1.4623729053510774
7.309537649154663,0.24728009121536373,0.013248715912272353,0.9453538333925143,0.39067539592992395,-0.015644575363189844,-0.005059813147038428,-0.9203816494083417,-0.021799255328070182,-0.05255019287149168,0.13988081120832407,-0.16967351004190992,0.23917208534359763,-1.2803885630892216,0.0,0.0,1.0,25.387146255751055,6.612671210436215,24.570965418739746,8.025333550853437,14.360901403639764,15.229423389692652,13.81952295243743,9.07130011711993,1.3665886751132228,1.1095708377911504,0.002084006991935894,0.0,0.0,0.0,0.0,0.0,0.0,0.0,0.0,0.0,0.0,0.0,0.0,1.4381957718240421,1.4659671454322494
7.319274663925171,0.24694523553129458,0.012601144220553008,0.946697239735338,0.38477430546190483,-0.014907732085723794,-0.003929335228092192,-0.922881928366264,-0.03348556840691467,-0.0647571691719345,0.1343406342823733,-0.17151634448420267,0.22581847984275938,-1.2788282010854333,0.0,0.0,1.0,25.572502704314655,7.520567984213873,24.243032835201795,8.84306742788677,15.588201668926255,15.568597351032997,14.761468337446022,9.69771990471154,1.147197551340097,1.1958455005017132,0.001674125000135973,0.0,0.0,0.0,0.0,0.0,0.0,0.0,0.0,0.0,0.0,0.0,0.0,1.4279661865796394,1.4359671454322493
7.32889986038208,0.24648323876797257,0.011822141389843657,0.9480251568322715,0.37887955440525567,-0.014301741183627809,-0.0028406698411199225,-0.9253311158972474,-0.04619967633220054,-0.07790028307093516,0.13279170969334253,-0.1738094116328132,0.19830097779236208,-1.2737480323415027,0.0,0.0,1.0,25.771789210998463,7.467320882333637,24.1952532950131,7.856889888952253,16.0607377097612,15.64521085529224,15.115840227916932,9.163717112283017,1.309679849731587,1.0471975514108878,0.001614074019016698,0.0,0.0,0.0,0.0,0.0,0.0,0.0,0.0,0.0,0.0,0.0,0.0,1.3979661865796393,1.4059671454322493
7.339167356491089,0.24591087019972102,0.01093070373063653,0.9493525392767189,0.3729628658953967,-0.013864146301691839,-0.0018200086783698249,-0.9277408979229211,-0.05723685682515494,-0.08914376592071264,0.13273824444474658,-0.17402484388479944,0.16185803972602242,-1.2749207249774224,0.0,0.0,1.0,25.413491747297954,7.792517205715302,24.101998836085457,7.59636656130031,16.764123310650476,15.04196662035592,15.979611052570917,8.647258574618512,1.1471975517676414,1.1632819702022983,0.002210673992522061,0.0,0.0,0.0,0.0,0.0,0.0,0.0,0.0,0.0,0.0,0.0,0.0,1.3853538527442033,1.3759671454322493
7.349175453186035,0.24524210438165664,0.00994192481443694,0.9506899717211076,0.36704181069693015,-0.01355594204193799,-0.0008593247252811806,-0.9301052667288207,-0.06687658180643896,-0.09887789161995914,0.13374324443886895,-0.17254331753726118,0.1332482693929766,-1.2724625774188452,0.0,0.0,1.0,25.235668045603525,8.037591260503689,23.999018244375915,7.2671734498955205,17.224875135451843,15.022116255363647,16.49303567090731,8.372968613415317,1.1471975520684907,1.0471975661879087,0.001971432997379452,0.0,0.0,0.0,0.0,0.0,0.0,0.0,0.0,0.0,0.0,0.0,0.0,1.3553538527442033,1.3459671454322493
7.358944654464722,0.24448422948624138,0.008863952070546901,0.9520452203794045,0.3611119136980832,-0.013363143913985335,4.0370592893049836e-05,-0.9324267319957408,-0.07578748954152734,-0.10779727438900379,0.13552486582969112,-0.1696864933115751,0.10718519844673732,-1.2711033112069223,0.0,0.0,1.0,24.924284972121814,7.921458753188296,23.597009337453837,6.349469586989079,17.063742055077405,15.396536911074062,16.28719496545177,8.013445734656273,1.3620592332412853,1.0471975529442645,0.0015998859889805317,0.0,0.0,0.0,0.0,0.0,0.0,0.0,0.0,0.0,0.0,0.0,0.0,1.3256172383619587,1.3159671454322492
7.369410276412964,0.2436461011016491,0.0077065470904789084,0.953391034209466,0.3551466145872457,-0.013295774256400923,0.0008688225132690531,-0.9347156517795031,-0.08381283845922798,-0.11574049800679925,0.1345813830061519,-0.16555424073708905,0.07856236661864596,-1.2755462490347902,0.0,0.0,1.0,23.800424468655116,8.305880866453833,22.959708152214695,6.088198198246471,17.697480924203955,14.278194686526117,17.20764220254769,6.653398122155925,1.1471975512799362,1.494429709347149,0.0023934240161906928,0.0,0.0,0.0,0.0,0.0,0.0,0.0,0.0,0.0,0.0,0.0,0.0,1.3308232376304339,1.2859671454322492
7.379234313964844,0.24274826106986724,0.006490048172206398,0.9547057009677309,0.3491794700964858,-0.01328386879680837,0.0016382252502263228,-0.9369602727495738,-0.08978400317818536,-0.12164989182725106,0.1314666758264903,-0.15846753432098235,0.06388191103110236,-1.2729112969063947,0.0,0.0,1.0,23.38054759530285,8.731443744038964,22.643829396285856,6.443651209593756,17.889836049304147,14.456165443574118,17.464383804665285,6.957602654253408,1.147197567837697,1.194807636106309,0.001820623001549393,0.0,0.0,0.0,0.0,0.0,0.0,0.0,0.0,0.0,0.0,0.0,0.0,1.3045909967232199,1.3157475117058064
7.388787031173706,0.24178525321850072,0.005210252385443104,0.9559850300808006,0.3432160400515981,-0.013303601421208113,0.002356749111002721,-0.9391593101141855,-0.09630078513665094,-0.1279795786763294,0.1279329113069709,-0.15114771943310737,0.05427762239325919,-1.269177313302068,0.0,0.0,1.0,22.951618099812407,9.645672220756083,22.108743162128356,7.246888650057345,18.38117112344319,14.693842306977237,17.850490195236684,7.548848597297256,1.1471975514004396,1.3231349038793372,0.001448140013962984,0.0,0.0,0.0,0.0,0.0,0.0,0.0,0.0,0.0,0.0,0.0,0.0,1.282106221168145,1.298470386620164
7.398543119430542,0.2407448978469522,0.0038578788990677945,0.9572312893894311,0.33726623756471685,-0.013362648362897455,0.0030171180789189725,-0.9413096311130399,-0.10403553715485332,-0.13523734863753095,0.12462593086305208,-0.1429096748848649,0.04276507687281803,-1.263446706662423,0.0,0.0,1.0,22.57616732563217,9.859292199342592,21.62778261194693,6.82385964844541,18.457161603272127,14.617342248198764,17.826120126702687,7.108805010714802,1.1471975514925898,1.127540243128744,0.0017459899827372283,0.0,0.0,0.0,0.0,0.0,0.0,0.0,0.0,0.0,0.0,0.0,0.0,1.262833554058473,1.30199388908576
7.4097089767456055,0.2396371829107209,0.0024432835033627335,0.95842719238045,0.33132097651521647,-0.013477013764205252,0.003604589466748814,-0.9434149604260994,-0.11077149362313013,-0.14145953957050608,0.11959029910188747,-0.13293218317969066,0.027310450857935605,-1.2597849996824255,0.0,0.0,1.0,22.172806233565176,10.48634746212907,21.21862441428931,6.124478340975278,18.98753696820389,14.179431073077124,18.318586481445553,5.982298027799196,1.1471975512225807,1.3424035412353803,0.0019115089962724596,0.0,0.0,0.0,0.0,0.0,0.0,0.0,0.0,0.0,0.0,0.0,0.0,1.2463141251204897,1.2770719396633292
7.418760299682617,0.23847664868217233,0.0009808473898530391,0.9595751529615264,0.32536690994453576,-0.013650473756506982,0.004095916385769076,-0.9454804397491932,-0.11605342285485522,-0.14624361135096944,0.11479605810763911,-0.11875957790876288,0.009688188917045603,-1.2591075390426516,0.0,0.0,1.0,21.77832809234078,10.72817607330371,20.930521340513458,5.024892618072121,19.092768022467233,13.954257223202733,18.492753557701473,4.894849867200398,1.1471975512780686,1.2777197257177921,0.0017383490048814565,0.0,0.0,0.0,0.0,0.0,0.0,0.0,0.0,0.0,0.0,0.0,0.0,1.2321546145636455,1.2864050256021937
7.428512334823608,0.23727651584884835,-0.0005167868751117675,0.9606658940261622,0.3193862085269185,-0.013867429564961026,0.004481566668763677,-0.9475125644339781,-0.1200132833323972,-0.14976342649648067,0.10907410646357633,-0.1017068866619357,-0.005482779572248872,-1.2622977670164486,0.0,0.0,1.0,21.561566042478333,10.97869671623623,20.70404413840504,4.113478670193468,19.096390993923748,14.160627642922442,18.473252937538213,4.06789879648589,1.1471975512679013,1.3723052858188776,0.001515582000138238,0.0,0.0,0.0,0.0,0.0,0.0,0.0,0.0,0.0,0.0,0.0,0.0,1.2200178912371344,1.2851642684758506
7.439159870147705,0.23604174230030675,-0.0020436620703975956,0.9616932265998291,0.31335371413167107,-0.014128397310577013,0.004747602848323699,-0.9495195092764106,-0.12347735485416002,-0.15268751952858278,0.1027332573666954,-0.08201716551778213,-0.021487293067656586,-1.2708755995806171,0.0,0.0,1.0,20.70268854651488,11.55793744205517,19.87923550911858,3.5443151369203236,18.895966765017057,14.075658828696595,18.272761413760694,3.4529196141789837,1.1471975512407426,1.4429921064011348,0.0015307680005207658,0.0,0.0,0.0,0.0,0.0,0.0,0.0,0.0,0.0,0.0,0.0,0.0,1.209614985527244,1.2976129852391403
7.4489216804504395,0.23477266413545717,-0.0035963236574745924,0.9626171842388863,0.307261772387537,-0.014422210689860273,0.004882444059814677,-0.9515032132410742,-0.12690781648495877,-0.15526615870769966,0.09239576390571164,-0.05935108894066263,-0.035956219316443334,-1.2811104584860646,0.0,0.0,1.0,19.587594191254453,12.624630397626508,18.987408947403548,3.88051222025769,19.161145627505057,13.13732039854094,18.685603990039247,3.6791582477394913,1.147197551210425,1.4811253535449878,0.0015316880017053336,0.0,0.0,0.0,0.0,0.0,0.0,0.0,0.0,0.0,0.0,0.0,0.0,1.2006982092006009,1.3183814311194253
7.459158897399902,0.23346692851627962,-0.005173554255233857,0.963416067374117,0.3011409051874419,-0.014708800326761773,0.004885173109444332,-0.9534536913240862,-0.1305735619177554,-0.1577230597759265,0.0798883135230651,-0.033881848612956726,-0.04276778079374931,-1.2849472678548701,0.0,0.0,1.0,18.822483440278766,13.216602950897478,18.49166042414023,4.833088708242836,19.350841104980503,12.186890124489688,19.100710296659308,4.558924253968481,1.1471975512659742,1.4529572299329894,0.0017832170124165714,0.0,0.0,0.0,0.0,0.0,0.0,0.0,0.0,0.0,0.0,0.0,0.0,1.1930552580591471,1.3416305628945056
7.468815088272095,0.23212101698987528,-0.006776041598699952,0.9640842182492997,0.2950366358534156,-0.01494286162013887,0.004770501600432566,-0.955357177554751,-0.13459115264043478,-0.16024873434660944,0.06681508751827267,-0.008327871887716463,-0.03997636783996069,-1.279245892797057,0.0,0.0,1.0,18.898198106501514,13.03987377401493,18.448655931714327,5.214672886798847,19.10095210292853,12.524238612234166,18.721236632607802,5.0153747970260785,1.1562730848938176,1.3707304350670595,0.0014287950180005282,0.0,0.0,0.0,0.0,0.0,0.0,0.0,0.0,0.0,0.0,0.0,0.0,1.1865041570886938,1.3575343724714317
7.479007005691528,0.2307328203622199,-0.008403269988092281,0.9646171447719206,0.2889488150361791,-0.015145061883930576,0.00453555681354267,-0.9572139980767678,-0.13881966276553792,-0.16272283893923295,0.05329265226209797,0.016537752744252128,-0.04114080278099136,-1.273678367267933,0.0,0.0,1.0,19.01196511558763,12.958894308170837,18.46370201278881,5.6208178117803715,19.093968126507992,12.64765840380748,18.60753973622597,5.472885605699401,1.1471975513808859,1.35123700586195,0.001840873999753967,0.0,0.0,0.0,0.0,0.0,0.0,0.0,0.0,0.0,0.0,0.0,0.0,1.1821854324894259,1.3594195242708071
7.489369630813599,0.22930114839466745,-0.010054030338963403,0.9650215915597276,0.2828847609259049,-0.015333085775951667,0.004178111747053887,-0.9590222374370208,-0.14316719675524506,-0.16507603508711222,0.04044467878069789,0.0408368812399709,-0.0456748402381614,-1.266678972061674,0.0,0.0,1.0,18.972302977079018,12.696869044834758,18.589947884788554,6.672940367970218,18.966173242891088,12.548972234150447,18.641118025892684,6.551576434776215,1.1471975517575692,1.32185021821123,0.0023819199996069074,0.0,0.0,0.0,0.0,0.0,0.0,0.0,0.0,0.0,0.0,0.0,0.0,1.1771871637596345,1.3582505930695419
7.49906849861145,0.22781945831905023,-0.011731506141141117,0.9653032639511628,0.27688323129143766,-0.015479750034375595,0.0037249027236632695,-0.9607716579230384,-0.14816900756172163,-0.16774758021777142,0.02816723914352311,0.06168755482682667,-0.04339251139496546,-1.2516175286083724,0.0,0.0,1.0,19.4112456968085,12.282627238046706,18.868423826856688,6.866686175793453,19.014753504504707,12.799540802149776,18.529980950380008,6.92895860827793,1.192723402310444,1.1821611616485677,0.0014128740003798157,0.0,0.0,0.0,0.0,0.0,0.0,0.0,0.0,0.0,0.0,0.0,0.0,1.1729029334736252,1.3530505395183545
7.509013652801514,0.22629051728825916,-0.013432035903882837,0.9654792388947445,0.27094751093605074,-0.015616339051442156,0.003175851058848839,-0.962462201981065,-0.1528941030791061,-0.17005297627417193,0.017597494358165697,0.08082206034287266,-0.046995275879343615,-1.2360005429582313,0.0,0.0,1.0,19.774991826940795,11.762814062361956,19.28440552803482,7.464418155262647,18.872286179894523,13.051514236416928,18.44801245580083,7.897435537545858,1.198442586271476,1.1539915257740678,0.0016355410043615848,0.0,0.0,0.0,0.0,0.0,0.0,0.0,0.0,0.0,0.0,0.0,0.0,1.1757344290217422,1.328637771251242
7.519036531448364,0.22470907490633005,-0.015157696828508989,0.9655657200683336,0.2650992559504205,-0.015735209776907854,0.0025541611526942553,-0.9640893443704353,-0.15814423819291254,-0.17256609246261517,0.00864811735891297,0.09599750359098637,-0.04777444036317478,-1.2159436665819512,0.0,0.0,1.0,20.30419956946183,11.17776779127836,19.734780146063795,7.519653450314512,18.833784330611373,13.290375364385875,18.344680108120247,8.435146032281105,1.2230290271124626,1.047197551700588,0.0020606080070137978,0.0,0.0,0.0,0.0,0.0,0.0,0.0,0.0,0.0,0.0,0.0,0.0,1.1789784514859898,1.3036883076116457
7.528706789016724,0.22307797371470947,-0.016905089378442827,0.9655829769145113,0.2593426744221446,-0.015854111542861114,0.001870498666306843,-0.9656534189891811,-0.16311011916205714,-0.17473925499338375,0.0017256846177651983,0.10820161625682673,-0.051311521014781335,-1.1951182230831627,0.0,0.0,1.0,20.867991110933662,10.515378078159344,20.26896666512714,7.447887894934487,18.70928963375453,13.520120733308003,18.2103679018512,9.120353637300946,1.2394298255750593,1.0471975513559009,0.0016250459884759039,0.0,0.0,0.0,0.0,0.0,0.0,0.0,0.0,0.0,0.0,0.0,0.0,1.1852713908612003,1.2736883076116456
7.5400776863098145,0.2213994227673133,-0.01867153190494742,0.965552330154775,0.25368239146719257,-0.01598228783336221,0.0011423667769195258,-0.9671548509588546,-0.16785509473961516,-0.17664425265045938,-0.0030646759736266743,0.11659090412973795,-0.05564394771193086,-1.1734149352091205,0.0,0.0,1.0,21.56678402324722,9.648461417480046,20.94698725748212,6.862177852042026,18.575227867395867,13.586757673343113,18.081282735984484,9.36295372844106,1.2830369393236063,1.0471975513856646,0.0020364579977467656,0.0,0.0,0.0,0.0,0.0,0.0,0.0,0.0,0.0,0.0,0.0,0.0,1.1930083101060374,1.2436883076116456
7.549079418182373,0.2196856243421315,-0.020448593253881743,0.9654988744081076,0.2481109766091806,-0.01613226060861043,0.00038381518670966793,-0.9685972053127122,-0.17137984251817967,-0.17770613489343237,-0.005345574666752961,0.1216397115322272,-0.06161261762712995,-1.1533295859616424,0.0,0.0,1.0,22.213278295420487,8.876111954585895,21.696559762715747,6.421001069974862,18.27624875657394,13.668594386589167,17.899471725352907,9.83525927793207,1.2799796890109394,1.047197551292119,0.0017767249955795705,0.0,0.0,0.0,0.0,0.0,0.0,0.0,0.0,0.0,0.0,0.0,0.0,1.2058695428514044,1.2156181995793627
7.558916091918945,0.21794178426808236,-0.022232160488007306,0.9654461306363692,0.24262403233406918,-0.016291360119864887,-0.0003826935779871336,-0.969983517419253,-0.17438400740491483,-0.1783567234125563,-0.005274377173835044,0.12299650610102031,-0.06396279985693767,-1.1342111153902996,0.0,0.0,1.0,22.879517333124543,8.18818151676625,22.39811089674331,5.937129758043352,18.035912645348077,13.7308941906849,17.709403806491558,10.129074513403273,1.3061671006599906,1.0471975515406524,0.0015169900143519044,0.0,0.0,0.0,0.0,0.0,0.0,0.0,0.0,0.0,0.0,0.0,0.0,1.2164567065884808,1.1915581069668992
7.568380117416382,0.21617402320251264,-0.024017448466443336,0.9654186875187687,0.2372115859538975,-0.016458742195387982,-0.0011426715113637275,-0.9713179024379192,-0.1767761065569722,-0.17852879784360312,-0.0027443117600547224,0.12157431816566944,-0.06541617073440426,-1.1172168329988268,0.0,0.0,1.0,23.51838773469062,7.604804601941163,23.07826447793587,5.472393502320106,17.7190559198583,13.814391579602233,17.445080416132992,10.427940368519405,1.2941374853231424,1.0471975514560012,0.0014296599838417023,0.0,0.0,0.0,0.0,0.0,0.0,0.0,0.0,0.0,0.0,0.0,0.0,1.229272477170125,1.1709351704774353
7.578897714614868,0.21438608815401153,-0.025800953306034782,0.9654384540886658,0.2318612689187837,-0.016630665564446,-0.0018829089657985197,-0.9726048671439399,-0.17879350485011083,-0.17835048395914468,0.0019766569897153004,0.11773932753905827,-0.06550373316523897,-1.102831389055683,0.0,0.0,1.0,24.04766030838146,7.098687105098788,23.639557033597054,5.0916526192422324,17.456081278899436,13.82151599881187,17.221051516456132,10.580307076907198,1.304957651377378,1.0471975516322793,0.0013096320035401732,0.0,0.0,0.0,0.0,0.0,0.0,0.0,0.0,0.0,0.0,0.0,0.0,1.2385389069062704,1.1532583677600876
7.588504314422607,0.21258241869077993,-0.0275787812636619,0.9655237776522938,0.22656266597103888,-0.01680512903046273,-0.0025933926348173267,-0.9738481505558276,-0.18036694632315928,-0.17778279576271178,0.008532356362797242,0.11202221719490224,-0.0647438889255688,-1.0906462022264536,0.0,0.0,1.0,24.49806866407441,6.69136354073075,24.12333200622365,4.782974727454462,17.17477915867189,13.83119879836466,16.976093195173682,10.729215185205645,1.2946309663747264,1.0471975517338448,0.0014726600202266127,0.0,0.0,0.0,0.0,0.0,0.0,0.0,0.0,0.0,0.0,0.0,0.0,1.2480272989735715,1.1381068225989721
7.600226879119873,0.21076576822068122,-0.029347978107780857,0.9656893886841301,0.22130616626977334,-0.016978714025561892,-0.0032650961197073928,-0.9750510977319814,-0.18166504700987032,-0.17691968441189573,0.016561103183632353,0.1046712050954441,-0.06292927878704799,-1.080487987345719,0.0,0.0,1.0,24.852105754259902,6.34878910247652,24.497308066933314,4.53457858963244,16.94967639986038,13.791647633775696,16.773401339608267,10.756352968061469,1.3024948856472771,1.0471975513006277,0.0023546800075564533,0.0,0.0,0.0,0.0,0.0,0.0,0.0,0.0,0.0,0.0,0.0,0.0,1.254684965745165,1.125119783903954
7.608816862106323,0.20893968853270378,-0.031105221680929652,0.965945576842972,0.21608339586301792,-0.017150447668782414,-0.0038919919313585077,-0.9762165131649189,-0.18260796879774457,-0.1757243573148796,0.025618815884186352,0.09615418898500866,-0.06069040954392008,-1.0720981517273407,0.0,0.0,1.0,25.10613785876263,6.088675183380548,24.77139819811901,4.345058435104888,16.702041819347343,13.774876659995016,16.54608674863781,10.795338044048975,1.294891548318989,1.047197551445478,0.0015622889914084226,0.0,0.0,0.0,0.0,0.0,0.0,0.0,0.0,0.0,0.0,0.0,0.0,1.2615149543026096,1.113988036389193
7.618497610092163,0.207106028776822,-0.03284814569790194,0.9662963729753414,0.21088692219522132,-0.017318150667974548,-0.004468750834022439,-0.9773468258353587,-0.18336597558817888,-0.17429240169722893,0.035079613236946514,0.08665695643549037,-0.057836621026986265,-1.065277921157577,0.0,0.0,1.0,25.317474120286168,5.872373684838827,24.967720403547307,4.095427406433308,16.524324825813263,13.736415001140088,16.362938696587037,10.518423531170175,1.2934582065391436,1.0471975512549097,0.0013175280182622373,0.0,0.0,0.0,0.0,0.0,0.0,0.0,0.0,0.0,0.0,0.0,0.0,1.2662830391620923,1.1044465385400908
7.629667520523071,0.2052700392867004,-0.034572542472285694,0.9667428074728788,0.20570311744184522,-0.017486213824501287,-0.004998632243423359,-0.9784454371483802,-0.18359894901215973,-0.17243967743837532,0.04464344975373718,0.07755081886834307,-0.056028318626799856,-1.0613017040746773,0.0,0.0,1.0,25.33415693783365,5.736193245786717,25.022262649467486,4.022431376353841,16.316626485226426,13.712346944459927,16.183968949498173,10.460539111656733,1.2896966674551678,1.0471975514133036,0.001996621984289959,0.0,0.0,0.0,0.0,0.0,0.0,0.0,0.0,0.0,0.0,0.0,0.0,1.2701652059302424,1.096268111785065
7.6393959522247314,0.20343222642326383,-0.036276869624825646,0.9672768531182251,0.20052793859789322,-0.01764846338889943,-0.005479063052070713,-0.97951368415646,-0.18378128634365665,-0.17043271525399525,0.05340456453462672,0.06817352691780496,-0.052953784963822435,-1.0581973213390048,0.0,0.0,1.0,25.419968545856367,5.636060494191885,25.046334454756295,3.6995587620426704,16.21259196546964,13.734369668671054,16.041938878285784,9.7205681773691,1.2740846943354236,1.047197551556972,0.0016564379911869764,0.0,0.0,0.0,0.0,0.0,0.0,0.0,0.0,0.0,0.0,0.0,0.0,1.2729554147195175,1.0892580317319562
7.64909291267395,0.2016005044247772,-0.037955487213547266,0.967891470748979,0.1953375154604391,-0.017816608066878497,-0.005926639411485347,-0.9805563209097271,-0.18317219984866273,-0.1678617588721621,0.061461763075391564,0.061475049081504904,-0.05289810847390156,-1.0600342017386877,0.0,0.0,1.0,25.201249315199412,5.582048168849618,25.02795640663331,4.09655059294886,16.10113162008467,13.570272212961914,16.060603357260167,10.425386621621337,1.2799413791713572,1.0471975523784545,0.0014808590058237314,0.0,0.0,0.0,0.0,0.0,0.0,0.0,0.0,0.0,0.0,0.0,0.0,1.2731167403789325,1.0832493917069586
7.658872365951538,0.19976553754572823,-0.03961262843110034,0.9685779288540968,0.19016056788085237,-0.01795638227409134,-0.006315754965097106,-0.981568458131209,-0.18349668790489537,-0.16571412175530723,0.06864581051178412,0.05120270910158317,-0.04514309008373868,-1.0560252015091207,0.0,0.0,1.0,25.25821110823029,5.5386489994633274,25.014769462364196,4.161587233442336,16.048761417572656,13.583687871522308,15.959014270542372,10.609082771801926,1.3065631845759953,1.0471975515943557,0.001766149012837559,0.0,0.0,0.0,0.0,0.0,0.0,0.0,0.0,0.0,0.0,0.0,0.0,1.2740916887778504,1.0780991289457438
7.668487310409546,0.19792505058393275,-0.04124856534726804,0.9693330107375305,0.18499917997026197,-0.01807964126175102,-0.006644347033451536,-0.9825498881149373,-0.18404869617954925,-0.16359369161676995,0.07550818834337376,0.04004384206852875,-0.03968968703764242,-1.051606201025469,0.0,0.0,1.0,25.300946497615943,5.482523483699026,25.028748198645435,4.136150857636801,15.922601141636397,13.556411983389467,15.81413202691405,10.708079790568465,1.2728804611405484,1.047197551589289,0.001472089992603287,0.0,0.0,0.0,0.0,0.0,0.0,0.0,0.0,0.0,0.0,0.0,0.0,1.278730473891871,1.0736846178955455
7.679105520248413,0.19607818070511984,-0.042863062481371526,0.9701509854459334,0.17985307031127162,-0.018191019452332244,-0.006910216940404408,-0.9835009958371826,-0.18468698788129007,-0.16144971341034853,0.08179747084028394,0.028253382775114286,-0.03512359990575489,-1.047270877891772,0.0,0.0,1.0,25.300952277552327,5.382427175133507,24.996335434241058,4.05833252502191,15.880223394084476,13.406931447827704,15.751595102384389,10.52022068068484,1.3064388530365927,1.047197551668824,0.0014331029960885644,0.0,0.0,0.0,0.0,0.0,0.0,0.0,0.0,0.0,0.0,0.0,0.0,1.2778947577845392,1.069900751280366
7.688422918319702,0.19422893808812725,-0.04445391002271406,0.971024634629782,0.17472058635104745,-0.01829770132738567,-0.0071159460022701855,-0.9844223047776663,-0.18492426169925855,-0.15908475413425358,0.08736491838486062,0.0166832986030137,-0.03212609838529256,-1.0433064482920937,0.0,0.0,1.0,25.2692121828366,5.355482824815414,24.982101045061484,4.002806866279903,15.784777715521956,13.346401340232564,15.668945802091558,10.431490534928809,1.2637840155197804,1.047197551515371,0.0013654700014740229,0.0,0.0,0.0,0.0,0.0,0.0,0.0,0.0,0.0,0.0,0.0,0.0,1.2819724856776897,1.0666574370501456
7.698958158493042,0.1923778484055882,-0.04602044772904218,0.9719463930917716,0.16959870956686096,-0.018396533337907892,-0.007262105755973716,-0.9853147248947371,-0.18510896825390571,-0.15665377063281224,0.09217584619895575,0.005309213901756177,-0.02858959200831914,-1.040001694428233,0.0,0.0,1.0,25.181201660560756,5.324032916622594,24.891379864106536,3.984799073890447,15.807374687306003,13.209410713532518,15.689557791914355,10.19866710386975,1.2970963997274654,1.0471975518780035,0.001381620008032769,0.0,0.0,0.0,0.0,0.0,0.0,0.0,0.0,0.0,0.0,0.0,0.0,1.2793741327979884,1.0638774534023208
7.7085020542144775,0.19052779553664156,-0.04756121754436068,0.9729082205042614,0.1644864905024116,-0.018489160008412435,-0.007352119562568609,-0.9861786307471486,-0.18500528689466195,-0.15407698153184998,0.09618274124898706,-0.005467688275589173,-0.025553164651450647,-1.036933711775842,0.0,0.0,1.0,25.092804249282946,5.346265130795397,24.82235553307575,3.978363203739979,15.775756324532274,13.167731559482837,15.670220393772826,10.086304873427983,1.2622660760032145,1.0471975538469374,0.0015151830157265067,0.0,0.0,0.0,0.0,0.0,0.0,0.0,0.0,0.0,0.0,0.0,0.0,1.281905885216485,1.0614946103274183
7.719101190567017,0.18867847569788163,-0.04907610290379148,0.9739025629452959,0.15938154438983174,-0.018571874900794903,-0.007387861078941597,-0.9870147051990965,-0.18493198387599283,-0.15148853594308073,0.0994342441034423,-0.015778279896510736,-0.02190500087713282,-1.0343974988453772,0.0,0.0,1.0,24.98099914678198,5.364108732295435,24.701283438023104,3.973156096273438,15.841517695734604,13.070582071301525,15.728657751899716,9.81872985601826,1.2828558361954974,1.0471975522625205,0.001408525014994666,0.0,0.0,0.0,0.0,0.0,0.0,0.0,0.0,0.0,0.0,0.0,0.0,1.279100198186018,1.0594521736873497
7.728823900222778,0.18683206881742664,-0.05056410012908608,0.974922294612699,0.15428160265415777,-0.018646954470746872,-0.007374882143253689,-0.9878234099700227,-0.18464068804549702,-0.14879972252946014,0.10197316674030833,-0.025093466859399657,-0.01893899098234648,-1.0323674654446786,0.0,0.0,1.0,24.85150115981034,5.406177140148325,24.5845876531346,3.9839876347038596,15.857515190196535,13.025691671527348,15.7517566888923,9.656914830758229,1.2633268188435929,1.0471975525439068,0.0015698389906901866,0.0,0.0,0.0,0.0,0.0,0.0,0.0,0.0,0.0,0.0,0.0,0.0,1.279636717901658,1.0577015134838026
7.738534927368164,0.18498845665180336,-0.05202519868419614,0.9759597012366457,0.1491848415533806,-0.018711988808681218,-0.007316667671337719,-0.9886051845401701,-0.1843612165623286,-0.14610985551100583,0.1037406623946682,-0.03366890675256539,-0.015654332800526312,-1.0307542131100744,0.0,0.0,1.0,24.74875598818385,5.444624251428111,24.456735997460417,3.9198336345919045,15.940242494040499,12.969763767230338,15.816633735567997,9.26433035990166,1.2700946168247056,1.0471975553036992,0.0014952989877201617,0.0,0.0,0.0,0.0,0.0,0.0,0.0,0.0,0.0,0.0,0.0,0.0,1.2773067323219343,1.056200947635246
7.749199867248535,0.18315047718573638,-0.05345821457803634,0.9770087304792306,0.14408474274450536,-0.01877183636613895,-0.007222711109982589,-0.9893609237845986,-0.1837979466066968,-0.14330158938401988,0.10490292425849629,-0.04055553511687936,-0.013664671499228316,-1.030511160617769,0.0,0.0,1.0,24.559691565327938,5.506423175958592,24.272103137738092,3.898496434732942,15.961877130776076,12.955061501160129,15.839817043328347,8.975374904648055,1.2616873471600365,1.047197554672331,0.0014680650201626122,0.0,0.0,0.0,0.0,0.0,0.0,0.0,0.0,0.0,0.0,0.0,0.0,1.2762764301080445,1.0549147487307393
7.758834600448608,0.18131849377769113,-0.0548629952497057,0.9780590057463098,0.13897719158232008,-0.018825484909914432,-0.007099918776924021,-0.9900911738275212,-0.18319834080452402,-0.14047806716693634,0.1050275267079117,-0.04607387904381237,-0.011713552669197639,-1.0311519580574284,0.0,0.0,1.0,24.484405856115522,5.565031449801904,24.126542645783985,3.604043120139638,16.058653789276207,12.99276603344785,15.889429920759543,8.099594845790353,1.251023665327235,1.0473645908625737,0.0015089880034793168,0.0,0.0,0.0,0.0,0.0,0.0,0.0,0.0,0.0,0.0,0.0,0.0,1.2741922754011863,1.053812292436681
7.768632411956787,0.17949882824027275,-0.05623683244412135,0.9791043391067183,0.13384231059886437,-0.018885670188819995,-0.00696969060182445,-0.9907981584399473,-0.1819665537418373,-0.1373837194415656,0.10453333604085903,-0.04779787530964794,-0.012927673363487959,-1.035879873458424,0.0,0.0,1.0,24.236815439433215,5.5545499750047584,24.043090913656126,3.8529016170295627,16.105040870162664,12.769652901432838,16.04320183426049,8.303607237187949,1.2586786172774245,1.1778368889622075,0.0017369329871144146,0.0,0.0,0.0,0.0,0.0,0.0,0.0,0.0,0.0,0.0,0.0,0.0,1.2708824739620503,1.0528911922118085
7.779472827911377,0.17768803230008967,-0.05758173544942182,0.9801401968364758,0.12869834045131845,-0.018926589885598585,-0.006820761707371187,-0.9914797015421496,-0.18107959401830803,-0.13449030053004676,0.10358577297574988,-0.05098677487556829,-0.008718170159252338,-1.036956184099923,0.0,0.0,1.0,24.156536260563946,5.571194216091711,23.957669561405826,3.721806345826748,16.219746117618616,12.671480891141918,16.150071324961168,7.6336051413123425,1.272438327769156,1.134539187699393,0.0017304560169577599,0.0,0.0,0.0,0.0,0.0,0.0,0.0,0.0,0.0,0.0,0.0,0.0,1.2691390658642467,1.0707405774618655
7.789152145385742,0.1758909215445624,-0.05889608752399163,0.9811641370422519,0.12353686000344456,-0.018951367827156,-0.006665807959972044,-0.9921366120057307,-0.17971107555272667,-0.1314352074569806,0.10239402057761607,-0.05179867964339363,-0.005479362589697484,-1.039793621891526,0.0,0.0,1.0,24.000128407904423,5.606088492200933,23.89740422613478,4.090398614898853,16.281563111939143,12.54039066396668,16.272598347851023,8.060173128481557,1.2687969601025417,1.212992159693432,0.001474880991736427,0.0,0.0,0.0,0.0,0.0,0.0,0.0,0.0,0.0,0.0,0.0,0.0,1.2696103889935195,1.079854664638655
7.7992329597473145,0.17410108098413832,-0.0601827246850202,0.9821763945822909,0.11837573858054568,-0.018944086998325817,-0.006492833640357913,-0.9927669158441113,-0.17898405604240744,-0.12866371610285723,0.10122575400390248,-0.054545545945531765,0.0012268768892081628,-1.0390394293108538,0.0,0.0,1.0,23.94937630591368,5.646884345076328,23.821173907194076,4.206698830221161,16.401611394367855,12.44623381246383,16.369483806548054,7.952322763497621,1.2805638427846184,1.1585819817448813,0.001957781001692638,0.0,0.0,0.0,0.0,0.0,0.0,0.0,0.0,0.0,0.0,0.0,0.0,1.2694941848662369,1.0988743067893376
7.808630466461182,0.1723181925356788,-0.061442088708793544,0.9831780326164755,0.11321774503886137,-0.018909850798268343,-0.006304138298441929,-0.9933702318830662,-0.1782888448459541,-0.1259364023773343,0.10016380341845718,-0.056981949717621695,0.0068529897954613455,-1.0377548610827196,0.0,0.0,1.0,23.936906973539525,5.713064194491062,23.754717936250778,4.325869039080864,16.488324321720498,12.452607270876147,16.414805881093333,8.011838345325897,1.275244256640998,1.1583047257233734,0.0013761599839199334,0.0,0.0,0.0,0.0,0.0,0.0,0.0,0.0,0.0,0.0,0.0,0.0,1.2710755645688627,1.1074039746401296
7.819481134414673,0.17053963773460223,-0.06267526096927649,0.984170950254531,0.10806423632895389,-0.018857419898679083,-0.006100890566744202,-0.9939463253494615,-0.17785548010765567,-0.12331722604829512,0.09929176380555048,-0.059409865061275706,0.010700038956739903,-1.0362153102232927,0.0,0.0,1.0,23.8682380100394,5.751325152431777,23.628529201011926,4.327520963316718,16.522800410237053,12.433194596237497,16.40712632750888,7.890271201407393,1.2793327509548327,1.147746096968271,0.0016880769981071353,0.0,0.0,0.0,0.0,0.0,0.0,0.0,0.0,0.0,0.0,0.0,0.0,1.2716710920077392,1.1146755105091644
7.829502582550049,0.16876521042520937,-0.06388259438342103,0.9851510453088145,0.10291353450977488,-0.018796653885253194,-0.0058874807753172866,-0.9944952628281061,-0.1774427309392857,-0.1207333414144541,0.09800950542834125,-0.061206114128494846,0.012477615556116886,-1.0350422419080767,0.0,0.0,1.0,23.857591167757814,5.791282275442477,23.536747904066317,4.055627514813837,16.585153604232843,12.451902097759007,16.412695184149037,7.322238290170004,1.2594811313625178,1.1518150579437842,0.001985832001082599,0.0,0.0,0.0,0.0,0.0,0.0,0.0,0.0,0.0,0.0,0.0,0.0,1.2727656147144668,1.1193998800033225
7.838995695114136,0.16699905484905697,-0.06506288069832092,0.9861157069588337,0.0977519478436757,-0.01874233827914752,-0.005678217930336843,-0.9950181100310351,-0.17661555761523973,-0.11802863148998928,0.09646616500191792,-0.06052425356348193,0.010998374949189735,-1.0366782350242727,0.0,0.0,1.0,23.691700094994424,5.737449149058773,23.530150840321436,4.3339331030831065,16.679903605004892,12.098035280273084,16.618400483418082,7.579615033130704,1.2507360897052433,1.244273616889498,0.0014181300066411495,0.0,0.0,0.0,0.0,0.0,0.0,0.0,0.0,0.0,0.0,0.0,0.0,1.270867831378474,1.1240306197091028
7.849268913269043,0.16523940771934761,-0.06621774168332444,0.9870664952870709,0.09260145692885476,-0.01866946933743287,-0.0054597617560724,-0.9955132405402146,-0.17596471297093577,-0.11548609850035103,0.09507883282372305,-0.061917970955979174,0.014779011446486396,-1.0339148413373418,0.0,0.0,1.0,23.598165506638086,5.72861283910771,23.38140375092238,4.208732999730974,16.712653760175495,12.018117475857752,16.608919547065398,7.156960820428205,1.3216019554271596,1.1900719974133713,0.0018751570023596287,0.0,0.0,0.0,0.0,0.0,0.0,0.0,0.0,0.0,0.0,0.0,0.0,1.2679918682822982,1.1412081907348735
7.858836650848389,0.16348943019459117,-0.06734664756100447,0.9879967271162444,0.0874564668660601,-0.018589351720617917,-0.005240935434057746,-0.9959810916888377,-0.17499775247564386,-0.11289058776800323,0.09302318291735058,-0.061807092082023396,0.016133251364890522,-1.03232089736948,0.0,0.0,1.0,23.684996917969123,5.778908867518981,23.410418174009077,3.881434694945039,16.73111373804679,12.109422988166717,16.586009286142815,6.5992088772058715,1.247112744968963,1.2038023792115795,0.001553387992316857,0.0,0.0,0.0,0.0,0.0,0.0,0.0,0.0,0.0,0.0,0.0,0.0,1.2756504521601355,1.1481887345460875
7.868884086608887,0.16175167725683592,-0.06844879825160285,0.9889089070320326,0.08229922019315489,-0.018512443509874126,-0.005035663565008683,-0.9964229874322212,-0.1737752937755239,-0.11021506905983854,0.09121799157881907,-0.05918158458751269,0.0151475146968176,-1.0343554294743993,0.0,0.0,1.0,23.530037426155413,5.7204095000199775,23.371454610595194,4.116027446066821,16.798299870717255,11.840579311207035,16.734608243479947,6.778541611013561,1.297315302531957,1.294769498821868,0.0017644139879848808,0.0,0.0,0.0,0.0,0.0,0.0,0.0,0.0,0.0,0.0,0.0,0.0,1.2715736368471109,1.156133540926872
7.878254652023315,0.1600244130727249,-0.06952557149084056,0.9898026974011854,0.07714657124556505,-0.01842095511400562,-0.004834593906278798,-0.9968378512373527,-0.17272641841109976,-0.10767732392377015,0.08937903691528168,-0.05805990775364564,0.01788851042129187,-1.0330244569915183,0.0,0.0,1.0,23.61458594473118,5.703213187445596,23.400804245392372,3.7512621372321755,16.828376884010577,11.85484058592995,16.723004691251695,6.046785637103093,1.2976886258517537,1.240937261140847,0.001328115991782397,0.0,0.0,0.0,0.0,0.0,0.0,0.0,0.0,0.0,0.0,0.0,0.0,1.2752510176592318,1.1759386777690144
7.888963222503662,0.1583124372702992,-0.07057582285404845,0.9906797659807262,0.07198209014045291,-0.01832658472878038,-0.004651964246441044,-0.9972266914898743,-0.1711975802425717,-0.10502513632078896,0.08770685795406923,-0.05435751646438429,0.01807125372526744,-1.035052628416336,0.0,0.0,1.0,23.508135993078447,5.64089403318025,23.423929676136424,4.152080786345268,16.81190551727705,11.635457211496968,16.7980540720359,6.550901918159401,1.291778484963235,1.3230184759253105,0.0015655329916626215,0.0,0.0,0.0,0.0,0.0,0.0,0.0,0.0,0.0,0.0,0.0,0.0,1.2784563902581634,1.1852241896792761
7.8985185623168945,0.15661044758341594,-0.0716016901656206,0.9915410517562974,0.06682532838631772,-0.018207535528815447,-0.004473594307836002,-0.9975885164184667,-0.17019896868832493,-0.10258673115721413,0.0861285775571212,-0.05309921317079646,0.02284018684350452,-1.0331626651424788,0.0,0.0,1.0,23.613296118116278,5.653912426842606,23.413906643004076,3.84048442813983,16.86891407389037,11.703018248987206,16.76854456348908,5.929930942381125,1.3215189480759,1.2592554049976932,0.0014910919999238104,0.0,0.0,0.0,0.0,0.0,0.0,0.0,0.0,0.0,0.0,0.0,0.0,1.2803595466446023,1.204909087714424
7.909317493438721,0.15492218284805917,-0.07260228041405481,0.9923884945566472,0.061660290908863116,-0.018085457850101787,-0.004313270733810985,-0.9979240053405691,-0.16882647353567606,-0.10005902484342133,0.08474428003498732,-0.04946472521642584,0.02309992531580128,-1.0345302783332586,0.0,0.0,1.0,23.53446519505887,5.584328640994139,23.455409965671397,4.285706616843715,16.813770207602566,11.483782715990863,16.799201996784568,6.535276920760563,1.2875214778145352,1.322313264068752,0.0015813630016054958,0.0,0.0,0.0,0.0,0.0,0.0,0.0,0.0,0.0,0.0,0.0,0.0,1.2862394611347876,1.2126728473263195
7.918733358383179,0.1532416871817424,-0.07357974537575353,0.9932228220950475,0.0565074247277844,-0.017939318507296544,-0.004155411476407519,-0.998232349885331,-0.16804956663167792,-0.09774649616987154,0.08343275384003283,-0.04860870938804156,0.02778421389276039,-1.0317959612262384,0.0,0.0,1.0,23.649409641108477,5.596810815878298,23.42951781203217,3.969124851405924,16.87943778449495,11.554641396140102,16.760564694974935,5.96624762601538,1.3375611919839434,1.2556548359217479,0.0014418640057556331,0.0,0.0,0.0,0.0,0.0,0.0,0.0,0.0,0.0,0.0,0.0,0.0,1.2864226063747515,1.22833576400381
7.928304672241211,0.15157289194923118,-0.07453323136999279,0.9940457530022758,0.05135103439214122,-0.01779522062739725,-0.0040131546802769525,-0.9985140439569152,-0.16687952325112107,-0.09534859942392601,0.08229309072282609,-0.045507286402432054,0.027101761954093834,-1.0322526438734676,0.0,0.0,1.0,23.59179143285836,5.509934574892064,23.494519068117302,4.388026505032156,16.79134594821612,11.317671796911746,16.761354690436825,6.582186090971864,1.2855134766036977,1.3106221469154444,0.0014151179930195212,0.0,0.0,0.0,0.0,0.0,0.0,0.0,0.0,0.0,0.0,0.0,0.0,1.293728118604636,1.2322384885635154
7.9403321743011475,0.14991014978311612,-0.07546470831363616,0.9948577076476789,0.04621126939746589,-0.01763135837808404,-0.0038706204226765096,-0.998768577839713,-0.16627421661150593,-0.09314769436433666,0.08119546454030359,-0.04527873977221423,0.030968307614275808,-1.0286684050816794,0.0,0.0,1.0,23.710368197679927,5.494041909665444,23.480372802455935,4.090551724801495,16.85033414743299,11.346552582799275,16.72315509297801,6.096525593429389,1.3540652479727422,1.2466753004076545,0.0028444440104067326,0.0,0.0,0.0,0.0,0.0,0.0,0.0,0.0,0.0,0.0,0.0,0.0,1.2925545983187878,1.2434361540423624
7.948807239532471,0.14825759889597503,-0.07637348185387076,0.9956605158137678,0.0410747568736484,-0.01747266462413347,-0.003738515973894872,-0.9989962932048432,-0.16525508871410743,-0.09087735402345908,0.08028081660889008,-0.04321087578840793,0.02974742930702208,-1.0278036131359012,0.0,0.0,1.0,23.694882923981236,5.3789511869602915,23.605408982239897,4.48071018898298,16.761906061368336,11.045540436394116,16.736887736410008,6.720297823238565,1.2816221953913691,1.2928299861395947,0.0015378370007965714,0.0,0.0,0.0,0.0,0.0,0.0,0.0,0.0,0.0,0.0,0.0,0.0,1.3013418339836385,1.243898889237404
7.958305835723877,0.14661029683281115,-0.07726137211849424,0.9964569478150831,0.03596253729057189,-0.017294247584632043,-0.0035999578210103725,-0.9991970002035603,-0.16473020631638785,-0.08878902646234768,0.07964320013153492,-0.044233211181514576,0.033664942160572295,-1.0227201582380765,0.0,0.0,1.0,23.813774918575366,5.276955184329475,23.65467014107825,4.415718373612838,16.813772213571003,10.904591346868742,16.736801375822097,6.623905508700067,1.3831749368044939,1.2317137317517552,0.001363573013804853,0.0,0.0,0.0,0.0,0.0,0.0,0.0,0.0,0.0,0.0,0.0,0.0,1.2985247427561715,1.250889045937717
7.969405174255371,0.14497069652271657,-0.07812851682694676,0.9972513275738522,0.03087403502106894,-0.017110194059921063,-0.0034553460418033166,-0.9993708499873718,-0.1639600310094572,-0.08671447084525141,0.0794379758769023,-0.045301054978549894,0.034759059280890126,-1.0177703897002746,0.0,0.0,1.0,23.9851187892433,5.248431216229468,23.819927030653616,4.366212280392319,16.67492249942929,10.874169043180597,16.594734139456882,6.778083907572664,1.2989353041513307,1.211946977003644,0.0018271550070494413,0.0,0.0,0.0,0.0,0.0,0.0,0.0,0.0,0.0,0.0,0.0,0.0,1.3106176276202175,1.2481497153397225
7.978852033615112,0.14333700561131482,-0.07897550263111353,0.9980475255452612,0.025805419043173725,-0.016920783274666017,-0.003302658103432533,-0.9995183139346826,-0.1633690911401748,-0.08469858041667684,0.07961979714090192,-0.046795909302419884,0.035803158747932426,-1.013608718700538,0.0,0.0,1.0,23.99120823653129,5.201206277649203,23.737103986875123,4.193243975654484,16.602525096533498,10.876615580112233,16.46079657241525,6.643919709472837,1.382071590027138,1.2209358232359924,0.0013847629888914526,0.0,0.0,0.0,0.0,0.0,0.0,0.0,0.0,0.0,0.0,0.0,0.0,1.3089487242675193,1.2429778955774256
7.988713026046753,0.1417104450371697,-0.07980246080217085,0.9988389689386751,0.020750679927933804,-0.016742277018809898,-0.003145424190170063,-0.9996395409093313,-0.16265605741451175,-0.08269581710573276,0.07914433934138072,-0.047696656372654314,0.033567131174123375,-1.0106766468517776,0.0,0.0,1.0,23.96278987373633,5.212326503182432,23.734644385603644,4.015850180998664,16.524366057056913,10.78626033361398,16.403923413187222,6.44895559732239,1.2707228949033917,1.2406199156500972,0.0017159850103780627,0.0,0.0,0.0,0.0,0.0,0.0,0.0,0.0,0.0,0.0,0.0,0.0,1.3193948479474649,1.239829028100078
7.999455451965332,0.14009208918813162,-0.08060954122729262,0.9996214262246979,0.015705382167252487,-0.016570513865201628,-0.002986746818000043,-0.9997348840491012,-0.16183558490380792,-0.08070804251217752,0.07824572860227247,-0.047965332126074886,0.03214424931682573,-1.0086725339569538,0.0,0.0,1.0,23.833368534325537,5.11448249962386,23.68153259269145,4.064198926682361,16.65213058127145,10.427391124712297,16.584328441004747,6.392434259077904,1.3485124461948237,1.2946788064835646,0.0016807409992907196,0.0,0.0,0.0,0.0,0.0,0.0,0.0,0.0,0.0,0.0,0.0,0.0,1.3124417117983116,1.239942012035795
8.008902311325073,0.13848411269058447,-0.0813973667103012,1.0003943054984972,0.010682109435748478,-0.016395163590956177,-0.0028222346674911716,-0.9998045439686254,-0.16079764975471575,-0.07878254830085837,0.07728792737993222,-0.04903237864664949,0.03280785213789989,-1.0041707722639346,0.0,0.0,1.0,24.0064034377095,4.986163912975907,23.878350957811257,3.8447028868701745,16.600782247337214,10.27887077976719,16.54968787559674,6.088546135932117,1.362401237091868,1.2518075961258395,0.0013888210232835263,0.0,0.0,0.0,0.0,0.0,0.0,0.0,0.0,0.0,0.0,0.0,0.0,1.3175946738549562,1.247761554099762
8.018575429916382,0.13688981443587533,-0.08216608336435269,1.001164033112231,0.00568011276233744,-0.0162145819052439,-0.002654632709330847,-0.999848876869812,-0.15942982547091425,-0.07687166540514892,0.07697276137336496,-0.04955498268387297,0.03378949508313494,-0.9998550506901057,0.0,0.0,1.0,24.07271765393776,4.956531168840215,23.929261078903092,3.775504680518786,16.444336012430597,10.312462190112255,16.381820103965,6.0856926026539595,1.3681046962929353,1.2782666619128642,0.0016262619756162167,0.0,0.0,0.0,0.0,0.0,0.0,0.0,0.0,0.0,0.0,0.0,0.0,1.3239956114602294,1.2483395601034872
8.029425621032715,0.13530756798990237,-0.08291603175106232,1.0019279935392564,0.0006868759022062671,-0.01603155570523839,-0.002485028050311175,-0.9998681623387929,-0.15822464459729496,-0.07499483867096395,0.07639604270254463,-0.04991098037259273,0.03420402449337993,-0.9980696795813409,0.0,0.0,1.0,24.13671736293099,4.9785601950414895,23.943070696996774,3.505383847964885,16.429771016560817,10.339438511305097,16.332550683268085,5.643128836816282,1.3337361432277843,1.2922730012088106,0.0016223290003836155,0.0,0.0,0.0,0.0,0.0,0.0,0.0,0.0,0.0,0.0,0.0,0.0,1.330296909293473,1.2526148603619696
8.03905987739563,0.13373961194512898,-0.08364706151065472,1.0026859883270463,-0.004309053000849776,-0.01585619073311934,-0.002321232747013955,-0.9998623030978845,-0.15679560447733765,-0.07310297595923926,0.07579947877899106,-0.04874644466079833,0.03258921653033322,-0.9986193877836211,0.0,0.0,1.0,24.034019416323574,4.912567759452438,23.919722427768388,3.50484110702952,16.42312266847691,10.161971824962638,16.38056326192477,5.537898806713821,1.3565474159265074,1.3430614352948769,0.0013691270141862333,0.0,0.0,0.0,0.0,0.0,0.0,0.0,0.0,0.0,0.0,0.0,0.0,1.330788228426946,1.2582803090543755
8.04858684539795,0.13218606669941815,-0.08435966248494384,1.003434600886235,-0.009302504573222611,-0.015676399390435136,-0.0021620666486025205,-0.999831505494113,-0.15535452457108326,-0.0712600974289109,0.07486125591886315,-0.04780510799350796,0.03340042609638401,-0.9981622113967527,0.0,0.0,1.0,24.091706530738215,4.915089407295988,23.94067865253086,3.214291292042085,16.426359721762797,10.18931545115943,16.35724460457181,4.981578875227621,1.3564773578004252,1.3410582625628247,0.001357478991849348,0.0,0.0,0.0,0.0,0.0,0.0,0.0,0.0,0.0,0.0,0.0,0.0,1.334468112355455,1.2703918985173042
8.059386730194092,0.1306494447495489,-0.08505371098998998,1.004174434213085,-0.014304708377270728,-0.015500604277461704,-0.0020155483695685986,-0.999775496874196,-0.1536621949869256,-0.06940485050461398,0.07398333268499135,-0.04528506460259402,0.03254201481097306,-0.9999972160484227,0.0,0.0,1.0,23.97282064010516,4.834597701476057,23.93366094901942,3.3864377811275097,16.402427909637403,9.956906790569892,16.409157750847,5.112838320929109,1.3499895007610887,1.3910482542076172,0.0016740809951443225,0.0,0.0,0.0,0.0,0.0,0.0,0.0,0.0,0.0,0.0,0.0,0.0,1.337612290276165,1.28048709338095
8.06897521018982,0.12912809772490993,-0.08572991663901303,1.004902497232417,-0.019304304936650776,-0.015310481593291946,-0.001876532060657144,-0.9996946591793517,-0.15213470246389585,-0.06762056490230488,0.07280630193320155,-0.04380789983602249,0.03535243793592154,-0.9995759462910528,0.0,0.0,1.0,24.039184691387135,4.872376005580104,23.921567660436278,3.1599572661684423,16.43648419609789,10.055378104222235,16.385875381396932,4.642313746302292,1.3778256176442993,1.3736004277617138,0.001557167008286342,0.0,0.0,0.0,0.0,0.0,0.0,0.0,0.0,0.0,0.0,0.0,0.0,1.3393804632025825,1.2962815449276168
8.078932285308838,0.12762319367041364,-0.08638815855431903,1.0056201550286334,-0.024312252809750957,-0.015121121351049524,-0.001752269464091896,-0.9995885131413463,-0.15049040544963063,-0.06582419153060026,0.07176577962165527,-0.04087117711853072,0.035176327015546044,-1.0013883237804013,0.0,0.0,1.0,23.926663848786188,4.790562535117007,23.919532962844446,3.447362855223936,16.40001103290772,9.794806640769648,16.424172321531834,4.943948203191034,1.3426143114396245,1.4105480384172933,0.0016676950035616755,0.0,0.0,0.0,0.0,0.0,0.0,0.0,0.0,0.0,0.0,0.0,0.0,1.3448726281228278,1.307327099618202
8.088821411132812,0.12613215343976847,-0.08702918002748519,1.0063246840114881,-0.02931401378115654,-0.014913682804339707,-0.0016354905115962054,-0.9994576508447153,-0.14910402306451648,-0.06410214731661602,0.07045289828546861,-0.039435590214400434,0.038754324341565866,-1.000300589012267,0.0,0.0,1.0,24.006521015986433,4.847171995394645,23.885448799647406,3.2566488486569747,16.45501559895203,9.934986471227445,16.397052591644258,4.561480646894793,1.395905170269354,1.382652449068299,0.0018324170086998492,0.0,0.0,0.0,0.0,0.0,0.0,0.0,0.0,0.0,0.0,0.0,0.0,1.3445500114537987,1.3220729480180722
8.098485946655273,0.12465553867821991,-0.08765283522400234,1.0070180294577156,-0.03432045447881222,-0.014708948294065768,-0.0015325576315452637,-0.9993014582755081,-0.14766147615485628,-0.06236551965171573,0.06933454462274806,-0.03665768596905687,0.038217900967666356,-1.0014249607852828,0.0,0.0,1.0,23.910796195148272,4.7585425485502135,23.898403445931926,3.581325087087655,16.401416450515107,9.647062884354982,16.418060998024252,4.936376218450104,1.33518460660235,1.4112700906675315,0.001572520995978266,0.0,0.0,0.0,0.0,0.0,0.0,0.0,0.0,0.0,0.0,0.0,0.0,1.3518864627131637,1.3307271624538188
8.110239028930664,0.12319064784635424,-0.08825982876950687,1.0076977694282083,-0.03931586971125914,-0.01448786152684581,-0.0014353183794670265,-0.9991207655325638,-0.14648908318656634,-0.06069935455045287,0.06797399704926725,-0.0355920499787959,0.04145646737014357,-0.9994113166624358,0.0,0.0,1.0,24.002186710157616,4.802348771629956,23.865391972273354,3.40689591047485,16.46143855636199,9.77746591867079,16.389458545712195,4.623207586881009,1.4129868916551263,1.379039700001923,0.0022352070081979036,0.0,0.0,0.0,0.0,0.0,0.0,0.0,0.0,0.0,0.0,0.0,0.0,1.3495004832687618,1.3422332950557778
8.118506669998169,0.12173812097490057,-0.0888500529839021,1.0083663211126401,-0.044310290024579486,-0.01427291840485077,-0.0013488344127834827,-0.9989149426472074,-0.14525268714536654,-0.05902242143952192,0.06685516844318017,-0.033384469589144664,0.040240853439456624,-0.9994395103759472,0.0,0.0,1.0,23.94369858329619,4.6833989172775015,23.93066014001283,3.7306806436991695,16.403496313440996,9.416908396181412,16.417618540955427,5.026898300082905,1.3291475739286864,1.4024650444633635,0.0014756739838048816,0.0,0.0,0.0,0.0,0.0,0.0,0.0,0.0,0.0,0.0,0.0,0.0,1.3585699701810996,1.347491352905227
8.129168272018433,0.12029582577073736,-0.08942424200889176,1.0090233689361872,-0.04928667124210775,-0.014042360068830683,-0.0012640920357246256,-0.998685154707376,-0.14422952041632134,-0.057418902498966765,0.06570478235469243,-0.03311695144023342,0.043312409373210625,-0.9960571284552173,0.0,0.0,1.0,24.071775108840054,4.620495233355308,23.982343083653795,3.7219189100086085,16.444153779785204,9.381213610243616,16.40301161345016,4.987453525930976,1.441601193381275,1.3671111567590104,0.0013869460090063512,0.0,0.0,0.0,0.0,0.0,0.0,0.0,0.0,0.0,0.0,0.0,0.0,1.354366770716469,1.3553447374135323
8.139412879943848,0.11886418146253816,-0.08998264616873683,1.0096742031760413,-0.05424695176767949,-0.013810452243660941,-0.0011803880189108506,-0.9984313428157521,-0.1431644308199205,-0.055840415984506106,0.06508342398541796,-0.03287156094561181,0.04352878757230945,-0.9930812567303707,0.0,0.0,1.0,24.16773762294719,4.577615327017197,24.115094528550223,3.7715271468132747,16.37010733353685,9.18782594758679,16.3544632536198,5.1019372869364945,1.335286030504258,1.3649639691548556,0.0020848950080107898,0.0,0.0,0.0,0.0,0.0,0.0,0.0,0.0,0.0,0.0,0.0,0.0,1.3668288310971557,1.3570256544628863
8.149468421936035,0.11744260873509613,-0.09052564695408012,1.0103223405455324,-0.0591883201042018,-0.013570673673434376,-0.0010948206066715232,-0.9981539865908122,-0.1421572727442038,-0.05430007853432935,0.06481373694911585,-0.03327125344461258,0.04501968860914179,-0.9895568624877203,0.0,0.0,1.0,24.166596679503233,4.556917304790634,24.01365769538755,3.707387109998126,16.267897924437726,9.277593071646274,16.183093831087874,5.056712506597739,1.4594930403027602,1.357915860184049,0.0018306619895156473,0.0,0.0,0.0,0.0,0.0,0.0,0.0,0.0,0.0,0.0,0.0,0.0,1.3623227167267418,1.3581596994188818
8.15924072265625,0.11603034728041367,-0.09105330032058429,1.0109604026644163,-0.06411609422479005,-0.013340583925686714,-0.0010081961637127758,-0.997852764100183,-0.14122614546824544,-0.05276533665041641,0.06380621188840481,-0.03332545344419718,0.043011179747720014,-0.9871205382361896,0.0,0.0,1.0,24.099150039299357,4.676772290995751,23.916762446272774,3.497523582701418,16.234715153686334,9.298366398437107,16.132192116268595,4.7819647798346505,1.3120355808956206,1.3686234105436104,0.0015642789949197322,0.0,0.0,0.0,0.0,0.0,0.0,0.0,0.0,0.0,0.0,0.0,0.0,1.3762041915233159,1.358124865242477
8.168961763381958,0.11462767692141497,-0.09156556656842398,1.011582447671469,-0.06903731491367483,-0.013124962764812963,-0.0009252465176418258,-0.9975273071053316,-0.14026703589986989,-0.05122662478396948,0.062204500705262095,-0.03238416225612457,0.040107447330668025,-0.9861303046449459,0.0,0.0,1.0,23.939292014009453,4.615436715076596,23.82099939724259,3.5492254656258844,16.396883279303143,9.04332238105258,16.338618182144376,4.764005901618936,1.40654498574038,1.4017891960571216,0.0015742859977763146,0.0,0.0,0.0,0.0,0.0,0.0,0.0,0.0,0.0,0.0,0.0,0.0,1.3670372471479308,1.3596246574283533
8.178873062133789,0.11323517541002481,-0.09206297255984788,1.0121879535018894,-0.07394139512569381,-0.01291425501236591,-0.0008437616773125598,-0.9971786099644206,-0.13925015113901545,-0.04974059914239043,0.06055058304204451,-0.031974787119090166,0.03908958224350773,-0.983034471250451,0.0,0.0,1.0,24.096783519673867,4.568054657896982,23.967496004689803,3.2335729589893156,16.347705852530627,9.00525278603387,16.28299765929052,4.348446708411442,1.389187126354517,1.3819499803881978,0.0016443310014437884,0.0,0.0,0.0,0.0,0.0,0.0,0.0,0.0,0.0,0.0,0.0,0.0,1.372681209803995,1.3656481629467487
8.188410997390747,0.1118555497369698,-0.09254585728413366,1.012782320547766,-0.07883875203212329,-0.012712262485958007,-0.000767629444336881,-0.9968060294287662,-0.13796256730550055,-0.048288472428577,0.05943670458766736,-0.030757001948733802,0.03737005074784584,-0.9820591398933753,0.0,0.0,1.0,24.083543026132606,4.443309561739831,24.04278022862943,3.320416467021017,16.307787197646707,8.768066756020776,16.304074135591517,4.45084063697193,1.401675025984252,1.418523889572434,0.0014551810163538903,0.0,0.0,0.0,0.0,0.0,0.0,0.0,0.0,0.0,0.0,0.0,0.0,1.375039197882641,1.367976994009813
8.199468851089478,0.11048839011855888,-0.09301470872166616,1.0133664688239186,-0.08372219665252671,-0.012504547632364723,-0.000693659618891867,-0.9964104319568916,-0.13671596184109222,-0.046885143753250855,0.05841482761526893,-0.030377222861639883,0.038488577286533536,-0.9796548427378905,0.0,0.0,1.0,24.200795508046138,4.434595205737191,24.118572318778217,3.1461886966414854,16.27781833808722,8.789105136510674,16.243943574543316,4.192940970317812,1.4127843274842617,1.4080120383393273,0.0018139499879907817,0.0,0.0,0.0,0.0,0.0,0.0,0.0,0.0,0.0,0.0,0.0,0.0,1.3788443161828712,1.3751979790901874
8.209189653396606,0.10913452213098211,-0.0934696964898579,1.0139437072755033,-0.08859946517307463,-0.012299475627331254,-0.0006242116989263844,-0.9959911987714014,-0.1353867987576764,-0.04549877681917316,0.057723845158481495,-0.029413106116215202,0.03797936541229776,-0.9788307553945856,0.0,0.0,1.0,24.18467702929249,4.317782887261196,24.193198184847457,3.2699981807770917,16.292049402224308,8.488573223931743,16.318731180774837,4.31593718495814,1.3904077004645727,1.43010780900918,0.0016850109968800098,0.0,0.0,0.0,0.0,0.0,0.0,0.0,0.0,0.0,0.0,0.0,0.0,1.383692889225927,1.3798857018400645
8.219193696975708,0.10779378764401676,-0.09391137339437844,1.0145165194288968,-0.09346102326437637,-0.01208217678881497,-0.0005557999387731441,-0.995549471006262,-0.13407344869653487,-0.04416769045205477,0.05728121533935023,-0.02938190804804022,0.04037992552163811,-0.9761039105238037,0.0,0.0,1.0,24.297670438118736,4.245203955088089,24.285688224324005,3.259549966848228,16.24614629756333,8.420903873084164,16.255557227671353,4.279286680993728,1.4451591101546593,1.4163702436815298,0.0016171520110219717,0.0,0.0,0.0,0.0,0.0,0.0,0.0,0.0,0.0,0.0,0.0,0.0,1.384652147974305,1.3870602885785097
8.228686809539795,0.10646619976537729,-0.09434002052891727,1.015088146394045,-0.098308785311438,-0.011857194030954794,-0.0004875352886723178,-0.9950851983572285,-0.13275878786394724,-0.042864713453882305,0.05716269651482428,-0.02946040280747015,0.041859680135404205,-0.9737795776967731,0.0,0.0,1.0,24.354640246168728,4.240224960783511,24.338363752656182,3.254769612258079,16.206995544675536,8.332920676855554,16.211358853478583,4.263926310475907,1.396831542584812,1.4195234798146101,0.0015304830158129334,0.0,0.0,0.0,0.0,0.0,0.0,0.0,0.0,0.0,0.0,0.0,0.0,1.3932959997143557,1.3912474250217983
8.238309621810913,0.10515128867868584,-0.0947558246513316,1.0156597050237024,-0.10314348395802574,-0.01162556580863007,-0.00041904934560193716,-0.9945984578382757,-0.13149110866914485,-0.041580412241434,0.05715586296572088,-0.029601935613569597,0.04312588667000426,-0.9716215943272967,0.0,0.0,1.0,24.374074426807127,4.213840103188713,24.339420462897266,3.2613165251985192,16.18404918775298,8.292433306328954,16.174470652492897,4.255156196554346,1.4416824446683953,1.4214397040705422,0.0014451589959207922,0.0,0.0,0.0,0.0,0.0,0.0,0.0,0.0,0.0,0.0,0.0,0.0,1.393801077267278,1.3952868614207714
8.249137163162231,0.10384836609295217,-0.09515892515067821,1.0162304549973802,-0.10796551452536253,-0.011390918598783138,-0.00034978869113771213,-0.9940893180668536,-0.13029225857336704,-0.04031004993466079,0.05707499736777245,-0.029786986988039617,0.04365942375160326,-0.969562158983697,0.0,0.0,1.0,24.40906492411782,4.2093027661328595,24.36633314659703,3.1886228992701073,16.15353459728763,8.21822379639338,16.13779759913832,4.150381656435542,1.406313481328078,1.4209540324003904,0.0015914929972495884,0.0,0.0,0.0,0.0,0.0,0.0,0.0,0.0,0.0,0.0,0.0,0.0,1.4006412726102948,1.39902298179931
8.25960636138916,0.10255757553141256,-0.09554957565049366,1.0168003622221276,-0.11277674397727179,-0.011155159687617044,-0.000280213419233992,-0.9935576932975101,-0.12907905615396023,-0.03906504998154456,0.05699072247472673,-0.029847363550097098,0.04382318698995008,-0.9678995667294203,0.0,0.0,1.0,24.3445147184654,4.212179691338918,24.278170874571973,3.187412444256131,16.105066080555517,8.209259747251657,16.073222985215953,4.128955340450181,1.4387977293224117,1.4298647000351323,0.002436215989291668,0.0,0.0,0.0,0.0,0.0,0.0,0.0,0.0,0.0,0.0,0.0,0.0,1.4014515881414067,1.4021559890280357
8.269236087799072,0.10127789819076771,-0.09592781376080314,1.0173632774331183,-0.11757732478448613,-0.010922427954596884,-0.00021020696893439227,-0.9930036400120249,-0.12796773406448528,-0.0378238110309482,0.05629152109906311,-0.02983974976849318,0.04316248126879355,-0.9662882904487301,0.0,0.0,1.0,24.26241598204784,4.241749231597931,24.170525741539628,3.163131941033831,16.13666859959169,8.139976466405393,16.088112462491974,4.056307690188432,1.4038587831841889,1.4335170502813577,0.0014872089959681034,0.0,0.0,0.0,0.0,0.0,0.0,0.0,0.0,0.0,0.0,0.0,0.0,1.4067867511672645,1.4061143763147639
8.279619693756104,0.10000909921576259,-0.09629383531198732,1.0179149041323263,-0.12236586264514651,-0.010697109749701374,-0.00013975859216566836,-0.9924274018635564,-0.12687989750051268,-0.036602155118417745,0.05516266992080352,-0.029725942891898127,0.041631794245436095,-0.9644169404375638,0.0,0.0,1.0,24.099658147865153,4.269526566729983,24.01920969290385,3.14245211384103,16.186279496243714,8.08899769295774,16.145934630260765,3.977174540870414,1.4259543030787443,1.4396497191592443,0.00218010600656271,0.0,0.0,0.0,0.0,0.0,0.0,0.0,0.0,0.0,0.0,0.0,0.0,1.406368470026825,1.4100290440242773
8.288476705551147,0.09875039728687021,-0.09664769830038625,1.0184489709701776,-0.12714006610134865,-0.010477421381720295,-6.973053201697697e-05,-0.991829432095352,-0.1258701928892377,-0.035386298839892555,0.053406683785131547,-0.029473459858061647,0.04047854215735446,-0.9621043255456224,0.0,0.0,1.0,24.052871594571712,4.266064549343535,23.955581782160316,3.078567556611425,16.253305784913984,7.98860840061563,16.201956270131472,3.8554382634299458,1.4140784471369998,1.4420981987027914,0.001640975009649992,0.0,0.0,0.0,0.0,0.0,0.0,0.0,0.0,0.0,0.0,0.0,0.0,1.4091664461770992,1.4142605690435583
8.29945993423462,0.09750232396246712,-0.09698978543066662,1.0189648412826318,-0.13189890092988313,-0.010266751152604876,-7.227685013490759e-08,-0.9912100048699343,-0.12480733244030937,-0.0342087130280379,0.05158703124542081,-0.02913828394515757,0.03865429716588773,-0.9596019541931635,0.0,0.0,1.0,23.960010931902133,4.25784754742682,23.898881259889464,3.001642387100695,16.289940977658468,7.90507442883214,16.26368000961444,3.720548318218177,1.4269542309312397,1.4493191347798713,0.0015412449720315635,0.0,0.0,0.0,0.0,0.0,0.0,0.0,0.0,0.0,0.0,0.0,0.0,1.4098681605999421,1.4182373732805917
8.309119701385498,0.09626477099076926,-0.09732031093597907,1.0194604459202194,-0.13664170969130462,-0.010059564141975114,6.793085342497889e-05,-0.9905694542672466,-0.1237552971697869,-0.03305255053124464,0.0495604637587693,-0.0286853723518513,0.03796406187357963,-0.95698551275567,0.0,0.0,1.0,23.97178552730906,4.227402648262035,23.897812375764197,2.9197837193135,16.33946534812319,7.801304093730171,16.30411079169338,3.5876674757691354,1.4256859173371077,1.4556789802262027,0.001597897004103288,0.0,0.0,0.0,0.0,0.0,0.0,0.0,0.0,0.0,0.0,0.0,0.0,1.4123090277901276,1.422677624923346
8.318832635879517,0.09503848670088844,-0.09763973517570018,1.019937780246686,-0.14136864785816375,-0.009858857618756971,0.00013450326408916667,-0.9899079200804892,-0.12262842898808152,-0.03194242397211165,0.04773343264666347,-0.028193178306907752,0.03667684803693811,-0.9544177107710858,0.0,0.0,1.0,23.919155242613748,4.2049273444444015,23.885117289045027,2.8308861315717806,16.360204477487365,7.711487575609204,16.352078184084633,3.443988932187547,1.4312710190695002,1.4636295979795093,0.0014781249919906259,0.0,0.0,0.0,0.0,0.0,0.0,0.0,0.0,0.0,0.0,0.0,0.0,1.4142200120111248,1.4273921042523254
8.328718662261963,0.09382348132060746,-0.09794831054928525,1.0203964121941418,-0.1460797850853898,-0.009658580388144513,0.00019838096930273818,-0.9892256410239697,-0.1215005380280984,-0.03085753735850746,0.045863194745567944,-0.027616938005262097,0.03662671524688529,-0.9518812464737195,0.0,0.0,1.0,23.957908879635387,4.170484095433097,23.909490215670594,2.7623678470987585,16.394411832219667,7.6243574101368585,16.375328540095854,3.3302041076580555,1.435967012338959,1.4705825028726596,0.00153926300117746,0.0,0.0,0.0,0.0,0.0,0.0,0.0,0.0,0.0,0.0,0.0,0.0,1.4166558701623213,1.4325688890704946
8.339085578918457,0.09262025091881328,-0.09824644322410127,1.0208391594518569,-0.15077582856203284,-0.0094619755630062,0.00025996818600414987,-0.9885226618325047,-0.12032304017941745,-0.02981326748160159,0.04427472577150317,-0.027028144886981388,0.03592647754418604,-0.9495043387852051,0.0,0.0,1.0,23.973114124416497,4.12761142899445,23.967657569423334,2.6247834209822374,16.447697942362595,7.5053679882641875,16.457474461592575,3.1311263470754906,1.4334748832049375,1.4767984046423164,0.0021719179931096733,0.0,0.0,0.0,0.0,0.0,0.0,0.0,0.0,0.0,0.0,0.0,0.0,1.4194146047589837,1.4379994053279468
8.349061965942383,0.09142944691644085,-0.09853457495967544,1.021270197113715,-0.1554574456164682,-0.009262834427882413,0.0003179796492077506,-0.9877991098344377,-0.11908040023724302,-0.028813173557417006,0.043103766185823095,-0.026371451290426895,0.03649606450580405,-0.9472791559754089,0.0,0.0,1.0,24.03616749060716,4.07134576195418,24.028437840322084,2.5628434045750144,16.39263173806661,7.444321365820466,16.399039315083225,3.035613982635416,1.454755153164191,1.4858567743875055,0.0017033969925250858,0.0,0.0,0.0,0.0,0.0,0.0,0.0,0.0,0.0,0.0,0.0,0.0,1.4214232159655487,1.4435421195157139
8.358926057815552,0.09025115134218836,-0.09881300525562085,1.0216907073835357,-0.16012675018627717,-0.009062357109012943,0.00037269824827352877,-0.9870547900975034,-0.11782955742524893,-0.027843029594541054,0.0420510269820761,-0.025740965897250317,0.036823164836271426,-0.9454983989202829,0.0,0.0,1.0,24.011340488907667,4.06356214054593,23.988685077404913,2.5371420010958157,16.413814875786727,7.366778783577881,16.408587781552175,2.969662508539633,1.4363850585067632,1.4920644516664248,0.0016434039862360805,0.0,0.0,0.0,0.0,0.0,0.0,0.0,0.0,0.0,0.0,0.0,0.0,1.4261849212796405,1.4495870702116842
8.368985414505005,0.08908523857068383,-0.09908197021163269,1.0220995352681823,-0.16478292233641503,-0.008863466838026725,0.00042463440751504874,-0.9862899407108958,-0.11659127715045287,-0.026896495601184178,0.040882788464666885,-0.025118581449051897,0.03656078297058801,-0.9435685242415633,0.0,0.0,1.0,23.90180136467671,4.07794805994832,23.898097258117126,2.5262242342498205,16.46278860261862,7.317330162886954,16.469661878906937,2.9170986760569186,1.4465931959880058,1.4956611440560565,0.0018718950159382075,0.0,0.0,0.0,0.0,0.0,0.0,0.0,0.0,0.0,0.0,0.0,0.0,1.427642083740658,1.4556552675623615
8.378717184066772,0.08793082012700135,-0.09934142920119061,1.0224935322604012,-0.16942413338501908,-0.008663174738814823,0.0004730618593750611,-0.9855050424237604,-0.11544184436824816,-0.02594589895579305,0.03939969922189152,-0.0244478386723979,0.03691612930234685,-0.9412841461376787,0.0,0.0,1.0,23.912744635237825,4.063652329588722,23.906551529125466,2.4712612666871956,16.54132284676815,7.234871525018404,16.54526712904625,2.82265481939167,1.4435043750336465,1.4969204713379658,0.00141505801002495,0.0,0.0,0.0,0.0,0.0,0.0,0.0,0.0,0.0,0.0,0.0,0.0,1.4303493854902791,1.4613703927757464
8.389029741287231,0.086787992497557,-0.09959166335942904,1.0228760862684523,-0.17404995965702835,-0.008462485890311752,0.0005181103558275446,-0.9847003246864513,-0.11428276294443393,-0.02502341582384278,0.038255400805105824,-0.023770502951802996,0.037073028737148336,-0.9389291606300592,0.0,0.0,1.0,23.951418606527003,4.027861309605344,23.953121334933467,2.3698267116698397,16.593124571014613,7.148636286741676,16.601556387959793,2.683648592549348,1.4514827845369858,1.5006929207064041,0.0018106330244336277,0.0,0.0,0.0,0.0,0.0,0.0,0.0,0.0,0.0,0.0,0.0,0.0,1.4322286697107602,1.466448975427492
8.39912223815918,0.08565711693168557,-0.0998330438947864,1.0232513019587706,-0.17866110531891538,-0.008260869184194481,0.0005596115797572664,-0.9838758327763851,-0.11308755658714345,-0.02413805353573561,0.03752156903181878,-0.023081400802113683,0.03734425299241345,-0.9367321824968946,0.0,0.0,1.0,23.904667063459172,4.011547782644868,23.897684317125268,2.3851939036029224,16.511498451622565,7.115974211550758,16.512780446518573,2.6821324273614353,1.4598130295034455,1.5070849434095093,0.0019618209917098284,0.0,0.0,0.0,0.0,0.0,0.0,0.0,0.0,0.0,0.0,0.0,0.0,1.4349792575430782,1.4713409676101938
8.409064531326294,0.0845373856908731,-0.10006554588095565,1.0236134150584548,-0.1832578044539616,-0.008059910790713314,0.0005980344771285722,-0.9830316664785139,-0.1119731240812463,-0.02325019861692555,0.03621130996841781,-0.022430470676028654,0.037290585638840024,-0.9345976104490009,0.0,0.0,1.0,23.855526371965393,4.0197509242362,23.819590469896593,2.3700296984323446,16.602022241571337,7.040555594526808,16.582630670899,2.637845179579079,1.4450365714980538,1.5075585621967418,0.0014069349854253232,0.0,0.0,0.0,0.0,0.0,0.0,0.0,0.0,0.0,0.0,0.0,0.0,1.4385269392517022,1.476447249867239
8.419468641281128,0.08342871883203551,-0.100289390706424,1.0239621167853163,-0.1878380408913346,-0.007864711610163493,0.0006343812521169976,-0.9821683227766115,-0.11086668588375986,-0.022384482546835414,0.034870172686162236,-0.02178696111261743,0.03620149364140214,-0.932067829140972,0.0,0.0,1.0,23.772715071683148,4.028264218351058,23.760813800853732,2.346505288244393,16.64312690667347,6.998810886560854,16.640616405458285,2.5899350085209214,1.4578600417438698,1.5091115390242165,0.0019075929885730147,0.0,0.0,0.0,0.0,0.0,0.0,0.0,0.0,0.0,0.0,0.0,0.0,1.4394568867154667,1.4808917230571679
8.429592370986938,0.08233028596393019,-0.1005044868804028,1.0242956692246599,-0.19240087004559295,-0.00767130503813712,0.0006677434558330772,-0.9812862020855021,-0.10984328681053258,-0.021509617397879856,0.033355243934359124,-0.021108345618206868,0.03592974274442285,-0.9293587517578102,0.0,0.0,1.0,23.7768774827042,4.009110808482575,23.74133644715652,2.3023004039061776,16.699423106863147,6.917214701722918,16.67987442219677,2.5247437777251327,1.453698358359834,1.510640361802028,0.0019096170144621283,0.0,0.0,0.0,0.0,0.0,0.0,0.0,0.0,0.0,0.0,0.0,0.0,1.4420859088623814,1.4849231253381747
8.438358068466187,0.08124231642551207,-0.10071116909299069,1.0246155069378464,-0.19694575023302308,-0.007484079555915503,0.0006991681297311963,-0.9803855727122263,-0.10879695384181264,-0.020668221258789768,0.03198377131866062,-0.020465172589216474,0.03476041640386113,-0.9265521218705874,0.0,0.0,1.0,23.720807037418993,4.0018930712936776,23.711965504256508,2.245116742876825,16.722348597260137,6.860972917546078,16.721758875480663,2.4471792476279983,1.459768892833878,1.513468208140014,0.0015001390129327774,0.0,0.0,0.0,0.0,0.0,0.0,0.0,0.0,0.0,0.0,0.0,0.0,1.4437448302191604,1.4885970162615823
8.449957370758057,0.08016432998263141,-0.10090946316629268,1.0249206513544697,-0.20147247260102294,-0.007298749041207491,0.0007277040523865892,-0.9794667128051247,-0.107798644288065,-0.01982940733019844,0.030514441662340783,-0.019799480927048904,0.03447281347936182,-0.9237144326138784,0.0,0.0,1.0,23.737737059625065,3.9713618584164334,23.706991448373106,2.1805863545793036,16.772209927617677,6.772991695440636,16.75563405745426,2.364237069455493,1.45969086731925,1.5164949974607482,0.002117636991897598,0.0,0.0,0.0,0.0,0.0,0.0,0.0,0.0,0.0,0.0,0.0,0.0,1.4460339820212629,1.4921500436727868
8.458599328994751,0.07909673871064629,-0.10109978014335858,1.0252129754687702,-0.20598082559458855,-0.007119523295787243,0.0007544476960188542,-0.9785298374010306,-0.1067591271985121,-0.019031697706589867,0.029232411430036787,-0.019178201461089728,0.03332017232897861,-0.9208453936554127,0.0,0.0,1.0,23.690360005243683,3.957563618931993,23.68857408178524,2.107000640594575,16.789048760585636,6.711567322712758,16.79305450237468,2.271982638134246,1.4640302374244392,1.5200179586326599,0.001557431009132415,0.0,0.0,0.0,0.0,0.0,0.0,0.0,0.0,0.0,0.0,0.0,0.0,1.447984965635261,1.495627894213924
8.468384742736816,0.07803918407118268,-0.10128218300350898,1.0254917635810654,-0.21047083503521263,-0.0069417927542868504,0.0007783705350809817,-0.977575180358139,-0.10575546394636143,-0.018240286015041348,0.027878811229528965,-0.018541117435773264,0.033115669668603305,-0.9179921980652497,0.0,0.0,1.0,23.709915358334246,3.9232264094797196,23.687511062334746,2.0341757846355164,16.835519368432738,6.622793266359512,16.8242244631023,2.18218914414194,1.4651760725391043,1.523570409058994,0.0015844570007175207,0.0,0.0,0.0,0.0,0.0,0.0,0.0,0.0,0.0,0.0,0.0,0.0,1.4502771473194294,1.4991121891308863
8.479971170425415,0.07699210550272363,-0.10145709967576166,1.0257589132107197,-0.21494238380258793,-0.0067695806186399326,0.0008005849508325441,-0.9766029405481258,-0.10470785684590472,-0.017491667225267876,0.026714962965419402,-0.017951906968933125,0.03208136361923532,-0.9151261913295321,0.0,0.0,1.0,23.663795484777516,3.909020178911682,23.670493520141047,1.958112459845778,16.850087833367745,6.563498019218899,16.859421747929865,2.0892142950012453,1.4690180671049278,1.5271505200499613,0.002160233008908108,0.0,0.0,0.0,0.0,0.0,0.0,0.0,0.0,0.0,0.0,0.0,0.0,1.4524055652079544,1.5026062205491875
8.489575147628784,0.07595512829544061,-0.10162457341641155,1.0260136749966577,-0.21939554014483192,-0.006598245721038018,0.000820024425926249,-0.9756133392271263,-0.10369772072830193,-0.016747374064989187,0.025476178593814524,-0.01735006839148759,0.03200285950048945,-0.9122839846689939,0.0,0.0,1.0,23.6801890748127,3.8758716317410022,23.66604788798928,1.8861459621895016,16.896496599992048,6.478022386219494,16.890169318374678,2.002029632738201,1.4701815644958443,1.5305250654819804,0.002271963021485135,0.0,0.0,0.0,0.0,0.0,0.0,0.0,0.0,0.0,0.0,0.0,0.0,1.454778779764665,1.506112549049298
8.498157501220703,0.07492863794964563,-0.10178501194185985,1.0262577594345437,-0.22383013731517293,-0.006431822227147285,0.0008378393187339317,-0.9746065869455153,-0.10264903457949856,-0.016043852544829002,0.024408443788598598,-0.016795886498155745,0.031090137625433226,-0.9094181577344729,0.0,0.0,1.0,23.634163881591476,3.863682549730644,23.648101707726244,1.812884115290378,16.911602774997334,6.423691426619091,16.925166466796362,1.9141006998906749,1.4739304078924123,1.53373192953273,0.0014048840093892068,0.0,0.0,0.0,0.0,0.0,0.0,0.0,0.0,0.0,0.0,0.0,0.0,1.456979177583405,1.509600051396824
8.509430646896362,0.07391220786413505,-0.10193842006288575,1.0264904034277382,-0.22824624095738483,-0.006265807369141783,0.0008529533029780549,-0.9735829012557174,-0.10164300855105822,-0.015340812102591065,0.023264399319463135,-0.016230174612766195,0.031106512657059923,-0.9065749297282831,0.0,0.0,1.0,23.647936123863964,3.8326152758967096,23.64020693816845,1.7442290241821248,16.957015960868013,6.343172514383679,16.95419555903736,1.8325290131779286,1.4749106724562802,1.5366999925792184,0.0019388179935049266,0.0,0.0,0.0,0.0,0.0,0.0,0.0,0.0,0.0,0.0,0.0,0.0,1.459400781913263,1.5130474625590962
8.518930196762085,0.07290615846250537,-0.1020851766963826,1.0267131122368724,-0.23264366706092365,-0.006104330429662039,0.0008665698769550767,-0.9725424979830448,-0.1006049401629689,-0.014675663349685383,0.02227088091342663,-0.01571089520326205,0.030267120745895604,-0.9037038693099619,0.0,0.0,1.0,23.60481409000229,3.821773493068212,23.623967653548977,1.6715436035104814,16.972491287566008,6.293541503790337,16.988775306883664,1.7476027521215278,1.4784951912538455,1.539462132785597,0.0015099309966899455,0.0,0.0,0.0,0.0,0.0,0.0,0.0,0.0,0.0,0.0,0.0,0.0,1.4616164805622656,1.5164263954191137
8.528626203536987,0.07191003584648621,-0.10222525743126502,1.0269252472616057,-0.23702253978774765,-0.005943059111020552,0.0008776133715213959,-0.9714855765659826,-0.099612261601916,-0.014008073488241592,0.021213502473322397,-0.015181051617237254,0.030323465412852715,-0.9008667962680672,0.0,0.0,1.0,23.617809002115408,3.7938618821173353,23.615692330387883,1.6083654885912915,17.012146282505313,6.221818692997325,17.01226622859228,1.6740949744258553,1.4796243775350961,1.5421314400060773,0.0014816370094195008,0.0,0.0,0.0,0.0,0.0,0.0,0.0,0.0,0.0,0.0,0.0,0.0,1.464027724946777,1.519717215042897
8.539535284042358,0.0709240592649479,-0.10235898889932056,1.0271280852526503,-0.24138280088765318,-0.00578599443143017,0.0008872710366015703,-0.9704123239397672,-0.09859765815383119,-0.013373146805553071,0.02028379910445805,-0.014693117820360434,0.02954914065563755,-0.8980271403968368,0.0,0.0,1.0,23.62021693263382,3.775940597826764,23.64555130707048,1.5055588884436635,17.038704218434336,6.171412109478179,17.05842831432988,1.560533578015939,1.4823955818457275,1.5443621927683953,0.001748818001942709,0.0,0.0,0.0,0.0,0.0,0.0,0.0,0.0,0.0,0.0,0.0,0.0,1.4662558181736798,1.5229192471804942
8.549112796783447,0.06994793695375379,-0.10248641263089706,1.0273238162870109,-0.2457252753437777,-0.005628783085698204,0.0008944527815533655,-0.9693227562646104,-0.09761223111941078,-0.012742373157649789,0.019573103436057337,-0.014201976230309174,0.029675098650512512,-0.8953655114903375,0.0,0.0,1.0,23.69244899044614,3.735144096024167,23.70929974144795,1.4177055786964865,17.022887117547665,6.116597604623328,17.035497127802262,1.4646988976776316,1.4875161305131404,1.547674678419079,0.001378782995743677,0.0,0.0,0.0,0.0,0.0,0.0,0.0,0.0,0.0,0.0,0.0,0.0,1.468561498698258,1.525982525121623
8.55925440788269,0.06898180286758811,-0.10260780380018286,1.027515209224251,-0.25005179026222935,-0.005473296838371008,0.0008998604940426177,-0.9682165746667764,-0.09661340861656778,-0.012139116928580503,0.0191392937240145,-0.01375827796669071,0.02940628850034155,-0.8930902979011788,0.0,0.0,1.0,23.723602067967164,3.7056040820825866,23.746943612299546,1.3097964225340593,17.034687476444418,6.059828939552835,17.051402961860077,1.347922794347713,1.486113096103957,1.550398237985435,0.002018742001382634,0.0,0.0,0.0,0.0,0.0,0.0,0.0,0.0,0.0,0.0,0.0,0.0,1.4712693032432411,1.5290814041641168
8.56907033920288,0.0680256485732589,-0.1027233578552488,1.0277044808568603,-0.25436324579960357,-0.00531878564767418,0.0009034529242328142,-0.9670937046007172,-0.09561542943292005,-0.011555405506594,0.018927163260924928,-0.013344514735444821,0.029287278912463927,-0.8910108875381202,0.0,0.0,1.0,23.667920032387276,3.677264189277633,23.682141513304877,1.2555194521749562,16.986136604012913,6.00809128615022,16.99563785676351,1.2871089548550414,1.4914206405047044,1.5535371467124501,0.0016555859765503556,0.0,0.0,0.0,0.0,0.0,0.0,0.0,0.0,0.0,0.0,0.0,0.0,1.4733898450804863,1.5321266661385908
8.578491687774658,0.06707933618405792,-0.10283320915090588,1.0278862871790866,-0.25865939822742307,-0.005166993891527094,0.0009058746194055341,-0.9659543453362209,-0.09463123892009885,-0.010985129565706983,0.018180632222620063,-0.012966426995487765,0.028800539997975272,-0.8888915441843195,0.0,0.0,1.0,23.53207624528409,3.67867740760572,23.52912128005023,1.2154946819610297,17.096184917002134,5.932824880887016,17.093173322239284,1.2402015146418226,1.4841053305092193,1.555046234115709,0.0014671069802716374,0.0,0.0,0.0,0.0,0.0,0.0,0.0,0.0,0.0,0.0,0.0,0.0,1.4759656729982318,1.5351853062205707
8.58893609046936,0.06614279789500867,-0.10293753071068551,1.028056887396277,-0.26293660874799835,-0.0050209253810761766,0.0009080317548049699,-0.96479961938568,-0.09365382890492552,-0.010432155977962602,0.01706002171904316,-0.012602450249367764,0.02768923139131894,-0.8860283700539549,0.0,0.0,1.0,23.456625564307032,3.6894193912472932,23.479986196583713,1.1383747413711665,17.208709349156692,5.892984878123389,17.224991774030823,1.1571959974410406,1.489505279886476,1.5560581128193371,0.0013341849844437093,0.0,0.0,0.0,0.0,0.0,0.0,0.0,0.0,0.0,0.0,0.0,0.0,1.4771284812140872,1.538022581634162
8.59870195388794,0.06521547242976748,-0.10303617916591656,1.0282177538022004,-0.26719345468277034,-0.004876246368775868,0.0009086249889731263,-0.9636301439850602,-0.09273254652411887,-0.009864845523105447,0.016086640592331874,-0.012209837210678361,0.0274848444851252,-0.8828762470809203,0.0,0.0,1.0,23.385052353563136,3.6745638142709516,23.4037829784925,1.123146374135215,17.177730090143733,5.851800823175558,17.190124343420177,1.139027116813947,1.495377040407559,1.5579503340330927,0.0017313289863523096,0.0,0.0,0.0,0.0,0.0,0.0,0.0,0.0,0.0,0.0,0.0,0.0,1.4788965953101427,1.540599086089187
8.608381748199463,0.064297000067568,-0.1031291348039579,1.0283637326513515,-0.2714296776892624,-0.004733822914851048,0.0009079680948471944,-0.9624462045143374,-0.09184723621994864,-0.009295563804133343,0.014597884915107854,-0.011830885337726667,0.027099089226211126,-0.8796762108724643,0.0,0.0,1.0,23.331280409958616,3.6703523708561114,23.32194624084328,1.0791463739384513,17.292719785309824,5.785076600271918,17.28429671777029,1.0916129119695201,1.4893579223599762,1.5582968085818687,0.0015919370052870363,0.0,0.0,0.0,0.0,0.0,0.0,0.0,0.0,0.0,0.0,0.0,0.0,1.4812509446097737,1.543077835795459
8.619057655334473,0.06338747642046877,-0.10321664790407312,1.0284953609848353,-0.27564336771402526,-0.0045985570508943795,0.0009075338440324797,-0.9612485440772555,-0.09095236470992323,-0.008751310011521268,0.013162833348370912,-0.011466342041024579,0.025692156170039802,-0.876084763888124,0.0,0.0,1.0,23.2639251922647,3.6761179463054083,23.279441382505897,1.035796547717276,17.3399143685487,5.756374743078223,17.350320729622727,1.0459065163824057,1.4960404442606083,1.5592913775321187,0.001427136012353003,0.0,0.0,0.0,0.0,0.0,0.0,0.0,0.0,0.0,0.0,0.0,0.0,1.4824090842883741,1.5452519747649462
8.62933611869812,0.06248625484041754,-0.10329849282902913,1.028612049715654,-0.27983416795504235,-0.004466234077856706,0.0009060243810990469,-0.960037535890078,-0.09012215800512284,-0.008184492495601128,0.011668873081866853,-0.011078764325183305,0.025169228187437814,-0.8724215412862963,0.0,0.0,1.0,23.264277057262177,3.656728537115381,23.257461858525897,0.9812079423675942,17.405621416770522,5.694472629427407,17.39917682174033,0.9894211768948721,1.4947694392814799,1.56019969647866,0.0019085220119450241,0.0,0.0,0.0,0.0,0.0,0.0,0.0,0.0,0.0,0.0,0.0,0.0,1.4843564214272646,1.5472576037316852
8.63882040977478,0.061593470340902914,-0.1033749405519789,1.028715487405881,-0.2840017891472409,-0.004340838495600319,0.0009047725583529397,-0.9588134971249309,-0.08927844995146252,-0.0076447722949770334,0.01034376902272285,-0.010722184216282142,0.023808853199387192,-0.8687012597084434,0.0,0.0,1.0,23.224221866931575,3.656036888915639,23.2401354061471,0.9270666576934153,17.43371962602972,5.666064829630881,17.44462098360926,0.933713232456876,1.4984529239063578,1.5613083994686419,0.0015253740129992366,0.0,0.0,0.0,0.0,0.0,0.0,0.0,0.0,0.0,0.0,0.0,0.0,1.4858439954064382,1.54910647412411
8.649136066436768,0.060708585668390054,-0.103445812966357,1.0288056581192193,-0.28814654453847505,-0.0042185308541524014,0.0009025959921334418,-0.9575766069555193,-0.08848846725128581,-0.007087241437809453,0.009017071333825151,-0.010351929498505854,0.023253929887095934,-0.8650477435095142,0.0,0.0,1.0,23.235544040222067,3.6335466299784667,23.228327150903965,0.8674343933443878,17.492006436653103,5.606223344324748,17.48531034735293,0.8727290318280184,1.4977796844376379,1.562326122897057,0.00197118500364013,0.0,0.0,0.0,0.0,0.0,0.0,0.0,0.0,0.0,0.0,0.0,0.0,1.4876452709064267,1.550849606316186
8.658698558807373,0.05983178119875874,-0.10351140801944433,1.0288844785222742,-0.29226839210711997,-0.004103441125614473,0.0009009338346100469,-0.9563271077744653,-0.08768044696313153,-0.006559505308732524,0.007882040305490312,-0.010017430699363205,0.02182716532249341,-0.8613880277400771,0.0,0.0,1.0,23.205252624390372,3.631331771619887,23.220320097704896,0.8104716989362575,17.515029087133236,5.5805177505528185,17.525448858734702,0.8146278101157474,1.5010779632477285,1.5633944914461917,0.0015689069987274706,0.0,0.0,0.0,0.0,0.0,0.0,0.0,0.0,0.0,0.0,0.0,0.0,1.4890930442680284,1.552489108684882
8.668620347976685,0.05896255742490599,-0.1035715538168141,1.028952206824908,-0.296367829559051,-0.003991797390649099,0.0008986144900906132,-0.9550651117322045,-0.08692237738527485,-0.006014579736975973,0.006772830263374242,-0.00967416129170475,0.02119218436589008,-0.8578333621305455,0.0,0.0,1.0,23.220693139488443,3.608534613658,23.21384501085986,0.7516963829313037,17.566123094849917,5.525167333410617,17.559773488563973,0.7548909010651305,1.500469283680674,1.5643341968188333,0.0016916299937292933,0.0,0.0,0.0,0.0,0.0,0.0,0.0,0.0,0.0,0.0,0.0,0.0,1.4908051755508427,1.5540470205079262
8.679954767227173,0.0581010834508862,-0.10362653907203728,1.0290107283264018,-0.30044495188325876,-0.0038875057956093825,0.0008970573031594762,-0.9537908122197188,-0.08614739740197895,-0.005498525522318538,0.0058521501493907675,-0.009368350310265254,0.01972881597563464,-0.8543008329634593,0.0,0.0,1.0,23.192696938656745,3.6060369600498348,23.206501826469808,0.6988397897226145,17.58487096969881,5.50229504861894,17.59446304940897,0.7012520504587548,1.5033987092554446,1.5652470977641133,0.0021989679953549057,0.0,0.0,0.0,0.0,0.0,0.0,0.0,0.0,0.0,0.0,0.0,0.0,1.492185762426533,1.55551661712377
8.68836784362793,0.05724688862600455,-0.10367619429359408,1.0290601711415852,-0.30450026952410014,-0.0037870550717543357,0.0008951594379216173,-0.9525043006533962,-0.0854194824881651,-0.004965522155679485,0.0049442815183299875,-0.009057805720020632,0.01900319989257931,-0.8508761443467904,0.0,0.0,1.0,23.204106014413057,3.5856706354648975,23.198032213443717,0.6471438878107757,17.631639836522094,5.452823501587384,17.625954637164654,0.648928874658167,1.5027231564618604,1.5659995289332438,0.0014948970056138933,0.0,0.0,0.0,0.0,0.0,0.0,0.0,0.0,0.0,0.0,0.0,0.0,1.4937876119735203,1.5569066857866762
8.699182748794556,0.05640009853954184,-0.10372077485870643,1.029102119750356,-0.30853386602113786,-0.0036939712003483172,0.0008942460727987691,-0.9512057655516937,-0.08467900864627108,-0.004458056511234728,0.004194860877087606,-0.00878241184510419,0.017526851636067674,-0.8474710240454034,0.0,0.0,1.0,23.187787128800046,3.583203846531441,23.201094814392658,0.5988645177708585,17.648759637645195,5.434229605682432,17.658088693530107,0.6001708304077171,1.5053898531858503,1.5666876764830653,0.0014751589915249497,0.0,0.0,0.0,0.0,0.0,0.0,0.0,0.0,0.0,0.0,0.0,0.0,1.4950641183289974,1.558205663379043
8.708845615386963,0.05556026818477302,-0.10376011144541814,1.0291371957840332,-0.3125464112253855,-0.0036049494704938566,0.0008932673107956188,-0.9498952296137504,-0.0839830354768816,-0.003933658671170688,0.00350760336771753,-0.008505901761325383,0.01674546669081692,-0.8442074802341366,0.0,0.0,1.0,23.208256174295713,3.564980518946441,23.20658073036843,0.5553022549996796,17.677563237033993,5.395830829602351,17.67527431639957,0.5562594328726782,1.505158862265684,1.567277995967694,0.001501485996413976,0.0,0.0,0.0,0.0,0.0,0.0,0.0,0.0,0.0,0.0,0.0,0.0,1.496539223308548,1.5594173795367605
8.718531131744385,0.054727439747418304,-0.10379439197702645,1.0291669514043256,-0.3165384218830524,-0.0035226469674650156,0.0008932772791170294,-0.9485727280951274,-0.08328284373547126,-0.0034280531608309314,0.0029755620292329353,-0.00826105733884896,0.015394849579102702,-0.8410547659222216,0.0,0.0,1.0,23.216444170750094,3.5596649432070677,23.228613561229434,0.5102320289859656,17.69057514731809,5.379959463792838,17.69900920626052,0.5109202937610148,1.506826688411268,1.5677726115712227,0.0015530030068475753,0.0,0.0,0.0,0.0,0.0,0.0,0.0,0.0,0.0,0.0,0.0,0.0,1.4977706003024245,1.5605403247411795
8.729447603225708,0.05390125940088667,-0.1038234978362853,1.0291928958094774,-0.3205108666326606,-0.003444710335401901,0.0008935580752308951,-0.9472381537369854,-0.08261803465316306,-0.0029105859258859797,0.0025944405151823733,-0.008024415386398183,0.014537430815904532,-0.838107695185504,0.0,0.0,1.0,23.255837106279504,3.5416930235851227,23.261420244011166,0.47325005857044145,17.68547087475191,5.35574634875331,17.68868204704403,0.4737635152785938,1.5077135095348912,1.5682447829650605,0.0015759449743200094,0.0,0.0,0.0,0.0,0.0,0.0,0.0,0.0,0.0,0.0,0.0,0.0,1.4990643271751165,1.5615735085740428
8.738926887512207,0.05308165598948004,-0.10384752193420707,1.0292165743236463,-0.32446503761706946,-0.003372325359615429,0.0008946850941313317,-0.9458912550205787,-0.08196034114066358,-0.0024024097921761917,0.0023678514168879467,-0.007818469246138616,0.013419677940276235,-0.8354361774550125,0.0,0.0,1.0,23.25684896629162,3.5305338473435097,23.261983759048533,0.438646632194805,17.694307796176485,5.332017041281318,17.697181835416675,0.43900618311611933,1.507317174313551,1.5686027790705719,0.001305467012571171,0.0,0.0,0.0,0.0,0.0,0.0,0.0,0.0,0.0,0.0,0.0,0.0,1.5002999246550843,1.5625265477727597
8.748564958572388,0.05226848073214679,-0.10386649430108255,1.0292383240721852,-0.32840142006607903,-0.00330558095729958,0.0008968291249390947,-0.9445320408173767,-0.08131752573332507,-0.0018972366875475316,0.0021749748538779667,-0.007635037283210488,0.012275114211634854,-0.8328704633557829,0.0,0.0,1.0,23.2365089207071,3.5193490247509662,23.238884498535903,0.413012619145917,17.69827064114466,5.306733000668293,17.699062938057075,0.4132698909496389,1.5080644350345311,1.568913584012666,0.0015378930256702006,0.0,0.0,0.0,0.0,0.0,0.0,0.0,0.0,0.0,0.0,0.0,0.0,1.501302388892008,1.5633945808153042
8.75837516784668,0.0514616100908017,-0.1038804614175322,1.0292570584033276,-0.3323201317817565,-0.003244945417017353,0.0009002884408705274,-0.9431606383975745,-0.08068706413450884,-0.001396711644964594,0.0018734331142484782,-0.0074727744183565375,0.011023491559466551,-0.8303330782390624,0.0,0.0,1.0,23.193153991444348,3.5131930729382197,23.192897004897997,0.3883792501135578,17.736554271456864,5.276609164439172,17.735426342483994,0.3885563689404372,1.507151458592265,1.5691268456590473,0.001484256994444877,0.0,0.0,0.0,0.0,0.0,0.0,0.0,0.0,0.0,0.0,0.0,0.0,1.502268395483797,1.5641830098434988
8.769668579101562,0.050660937103889116,-0.10388947995126319,1.0292718700425558,-0.3362204764667325,-0.0031908614280948995,0.0009053333705862155,-0.9417774630873892,-0.08006729869125831,-0.000901853373098691,0.0014811639228267679,-0.007326628878302131,0.009671320542286496,-0.8276510673212225,0.0,0.0,1.0,23.138186136659797,3.510330764661925,23.13872540695292,0.368175915641432,17.774250769872534,5.249997535407683,17.773861523189787,0.3683053978404468,1.507946606187761,1.5693204988163096,0.0019056860182899982,0.0,0.0,0.0,0.0,0.0,0.0,0.0,0.0,0.0,0.0,0.0,0.0,1.5029659759278637,1.5648892721028629
8.779002904891968,0.049866305212012844,-0.10389356032193502,1.0292813783968962,-0.3401017094622301,-0.003143180241611333,0.0009119855265499671,-0.9403829623729034,-0.07946318918762686,-0.0004080370671835905,0.000950835434024836,-0.007188661680273183,0.008346549064632556,-0.8248129515387082,0.0,0.0,1.0,23.06006411536759,3.508244789702478,23.060660576823803,0.35264673170200506,17.81192936849985,5.219445155414859,17.811680320569728,0.3527434649116898,1.5079660413684175,1.5694708064066047,0.0014242619799915701,0.0,0.0,0.0,0.0,0.0,0.0,0.0,0.0,0.0,0.0,0.0,0.0,1.5036774945364204,1.5655223044904982
8.78925633430481,0.049077580247549185,-0.10389272657031463,1.0292829629504334,-0.34396272773169195,-0.0031018767647888095,0.0009202854368411472,-0.9389777278331075,-0.07887249644636594,8.337516203864683e-05,0.0001584553537217245,-0.007054001289857558,0.007024531677236814,-0.821741254551424,0.0,0.0,1.0,22.9925743688327,3.507806928815975,22.988755488349064,0.3359201039809807,17.882604825570162,5.185236264267466,17.879027446579748,0.3359923914965481,1.5076717452072308,1.5695789879144209,0.0016485350206494331,0.0,0.0,0.0,0.0,0.0,0.0,0.0,0.0,0.0,0.0,0.0,0.0,1.5042901440838485,1.5660863761927992
8.799230575561523,0.04829470121027929,-0.10388706039281169,1.0292757380164521,-0.34780223235824054,-0.0030677166637415217,0.0009305603403883314,-0.9375624407678397,-0.07828790372698971,0.000566617750293812,-0.0007224933981236822,-0.006921988396754497,0.005536972322175686,-0.8183926883909137,0.0,0.0,1.0,22.87572612858979,3.5101892973255664,22.87539555691526,0.32719919789515167,17.930193075148214,5.150740422313968,17.929474160951056,0.32725582143652815,1.508562727797083,1.5696934158572518,0.0019564130052458495,0.0,0.0,0.0,0.0,0.0,0.0,0.0,0.0,0.0,0.0,0.0,0.0,1.5047732299586174,1.5665853207244596
8.808826684951782,0.04751751478130778,-0.10387655965703743,1.029255667924856,-0.3516185745724156,-0.0030400916527996524,0.0009425667049640428,-0.9361379425204452,-0.07771864289715102,0.001050073577425183,-0.00200700915962036,-0.0067795777766668786,0.00418115396044535,-0.8146903037799623,0.0,0.0,1.0,22.812097308244855,3.510336822425856,22.805720944839752,0.311429385585569,18.025433483185335,5.110691213024526,18.02004050576077,0.31147388765885864,1.5081965499952974,1.5697474683152448,0.001534559007268399,0.0,0.0,0.0,0.0,0.0,0.0,0.0,0.0,0.0,0.0,0.0,0.0,1.5053145867926838,1.5670293343148585
8.818763017654419,0.046746023203474936,-0.10386135409928438,1.0292230888189804,-0.3554103655876569,-0.003020082877887599,0.0009567323059050026,-0.9347049993423349,-0.07714915778328439,0.0015205557753062452,-0.0032579105875506836,-0.0066349082058445655,0.0025935715699898707,-0.8106876107263029,0.0,0.0,1.0,22.762794229625147,3.514065553737956,22.773540398463467,0.30000781101531054,18.06626590901799,5.090071710689514,18.074567429429134,0.3000504452849364,1.510935440269339,1.569846664437808,0.0015695009788032621,0.0,0.0,0.0,0.0,0.0,0.0,0.0,0.0,0.0,0.0,0.0,0.0,1.5057262958216286,1.5674176391720565
8.829468488693237,0.04597994667452728,-0.10384131306677331,1.0291778763841455,-0.35917753591529883,-0.003004790848485121,0.000971906171374462,-0.9332639092583436,-0.07660765289476511,0.0020041032511068373,-0.004521243483496971,-0.00647480509976991,0.001630514286051944,-0.8066643543430582,0.0,0.0,1.0,22.76457900550001,3.504429610775588,22.768098540009838,0.2853875414523859,18.118850617843783,5.055474219218035,18.12123610569747,0.2854250321983474,1.5108056190522987,1.5699141596136075,0.0015910530055407435,0.0,0.0,0.0,0.0,0.0,0.0,0.0,0.0,0.0,0.0,0.0,0.0,1.5064704593141587,1.5677646427814496
8.838918685913086,0.045219345252618774,-0.10381661007514154,1.029121996213256,-0.3629203052568946,-0.0029955351849793913,0.000988661248423729,-0.9318148428470833,-0.07606014219085108,0.002470299163177169,-0.005588017088950713,-0.006323203130535143,0.0003806827314846192,-0.8026830168070833,0.0,0.0,1.0,22.756462682831724,3.501611038327227,22.772650865683946,0.2741897763238912,18.136669013953913,5.036864953285829,18.149120173259757,0.27422312116848946,1.5127529577343315,1.5699985934632574,0.0014264560013543814,0.0,0.0,0.0,0.0,0.0,0.0,0.0,0.0,0.0,0.0,0.0,0.0,1.5070897678481787,1.568071716614615
8.848316431045532,0.04446402768115949,-0.10378718213136341,1.0290563323276691,-0.3666394521696753,-0.0029901907695686486,0.0010061727847862957,-0.9303577583318202,-0.07553175714592841,0.0029427943778119435,-0.006566388558687641,-0.0061677173629435976,-0.0004126127010892968,-0.7988629469518325,0.0,0.0,1.0,22.77842031126142,3.4892472369468757,22.78827839207002,0.26179551888887387,18.166334432488256,5.006987508212099,18.173460535492133,0.26182385410024395,1.5127343672719995,1.5700595315951877,0.0014186759945005178,0.0,0.0,0.0,0.0,0.0,0.0,0.0,0.0,0.0,0.0,0.0,0.0,1.507898794974772,1.5683469847358495
8.859077215194702,0.04371406077675134,-0.10375320597472518,1.028982988029375,-0.3703357388729453,-0.0029899175467011114,0.0010249924787834636,-0.9288925935203234,-0.07499669044081528,0.0033976156638233688,-0.007334429829403318,-0.006027222669840267,-0.001461577149598305,-0.7952020324744842,0.0,0.0,1.0,22.782468987843433,3.482860417499494,22.800957342371618,0.25150949699282965,18.175113802140633,4.987674715879651,18.189010928560787,0.25153376939565736,1.5140795578611759,1.5701250621930407,0.0015928630018606782,0.0,0.0,0.0,0.0,0.0,0.0,0.0,0.0,0.0,0.0,0.0,0.0,1.5085895910172331,1.5685916342871835
8.869627237319946,0.04296932743197193,-0.10371468067777453,1.0289029182126543,-0.374010067832987,-0.002993279973598526,0.001044595836124698,-0.927419224651993,-0.07447333447794124,0.003852529695064396,-0.008006981672071145,-0.0058920792363130175,-0.002204455588042671,-0.7917306559221235,0.0,0.0,1.0,22.80661475934301,3.470514225834592,22.821891557359645,0.2411547626260183,18.189752902150975,4.9621701732223915,18.20080078397052,0.24117560625791645,1.5144005696560365,1.5701765630879028,0.002231449994724244,0.0,0.0,0.0,0.0,0.0,0.0,0.0,0.0,0.0,0.0,0.0,0.0,1.5093738719949392,1.5688106954165917
8.879110336303711,0.04222986835395203,-0.10367175592047233,1.0288178407931419,-0.3776633507570305,-0.0030008875676187903,0.0010653336173217427,-0.9259374996364838,-0.07394590780199001,0.004292475730220913,-0.008507741951246256,-0.005774095477117492,-0.003086124311261289,-0.7884521950746459,0.0,0.0,1.0,22.80710291178069,3.4619660348854104,22.82690951787381,0.23201971379421665,18.197367919286055,4.940113196684054,18.21185621647524,0.23203700229426613,1.5150796114376486,1.570226860193088,0.001468421978643164,0.0,0.0,0.0,0.0,0.0,0.0,0.0,0.0,0.0,0.0,0.0,0.0,1.5100919716608103,1.5690058193696361
8.888772010803223,0.04149563527065,-0.1036244929907352,1.0287282835615759,-0.3812962485594029,-0.003012002932522026,0.0010869830390108776,-0.9244473576903849,-0.0734233083302035,0.004726292973713337,-0.008955723156602579,-0.005667526883165287,-0.003813975122523317,-0.7853130545572719,0.0,0.0,1.0,22.810811134363714,3.451181496505035,22.829087516116466,0.2236370968149183,18.210452204043225,4.914627756465119,18.22347810874805,0.2236517927028624,1.5155152579206117,1.5702691430815063,0.0014678720035590231,0.0,0.0,0.0,0.0,0.0,0.0,0.0,0.0,0.0,0.0,0.0,0.0,1.51080449162893,1.5691802537729864
8.89828872680664,0.04076665801430739,-0.10357302972766326,1.02863490208518,-0.3849092781549886,-0.003026930363714756,0.001109768613934081,-0.9229487817297357,-0.07289772563426049,0.005146326307193586,-0.009338147639586632,-0.00557674890231631,-0.004614830140362048,-0.7822829249856146,0.0,0.0,1.0,22.78907330304386,3.4435860893459824,22.809728732998927,0.2160882651166998,18.22837713032012,4.888734081480389,18.24314607077895,0.21610014283677223,1.5158181114248435,1.5703067157046275,0.0014319509791675955,0.0,0.0,0.0,0.0,0.0,0.0,0.0,0.0,0.0,0.0,0.0,0.0,1.5114774582420274,1.5693358093884893
8.909457206726074,0.04004292535245656,-0.10351746198026147,1.0285374015633213,-0.388502502904016,-0.003045293619208407,0.00113360856743811,-0.9214419386785607,-0.0723732661850837,0.005556774740178523,-0.009750052185856747,-0.00549672527867762,-0.005339618415007547,-0.7792636704550909,0.0,0.0,1.0,22.764905097183064,3.436028348304582,22.78474813487852,0.20898211041213835,18.256108152811507,4.860694911430194,18.270061414564804,0.20899216350776856,1.516235773374959,1.5703391376848215,0.0017458109941799194,0.0,0.0,0.0,0.0,0.0,0.0,0.0,0.0,0.0,0.0,0.0,0.0,1.5120975515538582,1.5694745102907948
8.919256448745728,0.03932446503302846,-0.10345792472434898,1.0284356375681167,-0.3920757906705424,-0.0030672646869766857,0.0011586507979940367,-0.9199270752541955,-0.07184603194280959,0.005953725591249166,-0.010176399520463201,-0.005427637476111689,-0.006107320698296826,-0.7762127657749054,0.0,0.0,1.0,22.717107705902915,3.430957577652955,22.739756038930196,0.20347252600691715,18.28153912577421,4.832655250583159,18.297636946830405,0.2034808835823534,1.5167933911974203,1.5703689162504193,0.001748690992826596,0.0,0.0,0.0,0.0,0.0,0.0,0.0,0.0,0.0,0.0,0.0,0.0,1.5126887260997297,1.5695980284899413
8.928877115249634,0.03861126406163506,-0.10339450914819841,1.0283283164975578,-0.3956287194488589,-0.003092389636284274,0.0011847463553187015,-0.9184045676332777,-0.07132009713933996,0.006341557615057154,-0.010732107055880447,-0.005363403958942258,-0.006779594384302139,-0.7730664908687559,0.0,0.0,1.0,22.680740671119477,3.425503511264782,22.702189301807522,0.19670779619009435,18.326856314027303,4.801798881270523,18.341868829225348,0.19671489537606462,1.5170745175667102,1.5703908531511792,0.0014908279990777373,0.0,0.0,0.0,0.0,0.0,0.0,0.0,0.0,0.0,0.0,0.0,0.0,1.5132751068279713,1.5697081553128667
8.938597679138184,0.03790336275990352,-0.10332736242869738,1.0282154075745202,-0.3991607823011615,-0.0031209095911168805,0.0012120530764136524,-0.9168748337278047,-0.07079013017315397,0.006714671950103071,-0.01129089230375476,-0.005306046183349193,-0.007508441456374218,-0.7698056347971449,0.0,0.0,1.0,22.615899019608303,3.422128444053527,22.64119604083017,0.19320379959062037,18.355499747746375,4.772264677892051,18.373561623045113,0.19320997365951428,1.5180561720588108,1.5704177162957595,0.0015915409894660115,0.0,0.0,0.0,0.0,0.0,0.0,0.0,0.0,0.0,0.0,0.0,0.0,1.5138178797906483,1.5698056835754828
8.949168682098389,0.037200740408520644,-0.10325656444309034,1.0280949570855347,-0.4026713300178084,-0.0031521930522477913,0.0012403103196147942,-0.91533836655685,-0.07026223513828746,0.007079798560703697,-0.01204504889855565,-0.005247934074370826,-0.008100501126965972,-0.7663978801147164,0.0,0.0,1.0,22.58015689721904,3.4169571729259625,22.603388855070687,0.18622884595604308,18.414352392382643,4.738608076747043,18.430644748697343,0.18623408721902215,1.5182497917741908,1.5704305781237042,0.00145130098098889,0.0,0.0,0.0,0.0,0.0,0.0,0.0,0.0,0.0,0.0,0.0,0.0,1.5144233501146716,1.5698931168212367
8.958706855773926,0.036503458860796145,-0.10318228566882284,1.0279675372946706,-0.40615975272251087,-0.0031866371274593235,0.0012697364807922724,-0.9137956491368717,-0.0697281547724498,0.007427877426749278,-0.012741979086410102,-0.005194989174603716,-0.008782675590312315,-0.762850886082503,0.0,0.0,1.0,22.52341847307914,3.414557214423271,22.553872094530835,0.1838712976586229,18.4409802728814,4.71137495324221,18.46312176672676,0.18387632090369474,1.5198395543053853,1.5704568763133848,0.0014861820091027766,0.0,0.0,0.0,0.0,0.0,0.0,0.0,0.0,0.0,0.0,0.0,0.0,1.51496998463746,1.5699698970073035
8.96943736076355,0.03581146670771743,-0.10310456827210726,1.0278317162649822,-0.40962568264563914,-0.0032230448190624502,0.0012997950747489506,-0.9122470732383594,-0.06919921530787129,0.0077717396715587745,-0.013582102968845388,-0.005138215871623468,-0.009202364717665272,-0.759216089827255,0.0,0.0,1.0,22.509469710625915,3.4071420832389316,22.53756888406958,0.17678629004390128,18.49398769314043,4.678530192716512,18.514054445381674,0.17679065122758017,1.520152882786436,1.5704649204108805,0.0016206209838856012,0.0,0.0,0.0,0.0,0.0,0.0,0.0,0.0,0.0,0.0,0.0,0.0,1.5156656374471635,1.5700394654796008
8.97912883758545,0.035124839662539896,-0.10302359810266301,1.0276889548475772,-0.41306896728312936,-0.003261874970167961,0.0013307415573792867,-0.9106929326431803,-0.06866270451775369,0.00809701694442544,-0.014276141740489436,-0.005088599316850719,-0.009726556370124498,-0.7555403903235578,0.0,0.0,1.0,22.483392700186613,3.403710787235853,22.521329313030236,0.1748161170232734,18.507473907803664,4.656608740524431,18.535519488780263,0.17482059360352467,1.5220696785533518,1.5704902825445262,0.0016221189871430397,0.0,0.0,0.0,0.0,0.0,0.0,0.0,0.0,0.0,0.0,0.0,0.0,1.5163066724956311,1.570100244755498
8.988961935043335,0.034443503618682494,-0.10293938618652583,1.0275389665205816,-0.41648995046799997,-0.003301498090072015,0.0013618347414668921,-0.9091333052284807,-0.06813360438574025,0.008421191613718392,-0.014998832699548043,-0.00503672031258506,-0.009892621278909856,-0.7519318119639408,0.0,0.0,1.0,22.490674175985156,3.3932260854730227,22.52497267374676,0.16820477695778474,18.54346499657336,4.625840574547693,18.568254792862266,0.16820853190084287,1.522250971088586,1.5704967452678424,0.0017504169954918325,0.0,0.0,0.0,0.0,0.0,0.0,0.0,0.0,0.0,0.0,0.0,0.0,1.5171299590753056,1.5701559644396448
8.998594284057617,0.03376755150238124,-0.10285213865857269,1.0273835214246119,-0.4198889843219276,-0.003342597672957378,0.0013934506390009833,-0.9075682487731787,-0.06759521163012573,0.008724752795313711,-0.01554450959698693,-0.00499576250393652,-0.010214186190190273,-0.7483930986936272,0.0,0.0,1.0,22.47445700912152,3.3880551943247483,22.51641187760572,0.16655948355490857,18.54933123339037,4.604538972734698,18.58026816898743,0.16656323362962655,1.5238805260145682,1.5705192716843628,0.0016290360072162002,0.0,0.0,0.0,0.0,0.0,0.0,0.0,0.0,0.0,0.0,0.0,0.0,1.51786153222006,1.5702046474151017
9.009147882461548,0.033096934103823014,-0.10276189225341788,1.0272224098436433,-0.4232665887909138,-0.003383917889263988,0.0014250178786546924,-0.9059977446092614,-0.0670617398558226,0.009024640515481332,-0.01611115809685817,-0.0049555941864269605,-0.010259761931100914,-0.7449609294861901,0.0,0.0,1.0,22.482921233582807,3.3772783523970586,22.521111053538878,0.1604823232368275,18.579358268004256,4.575045478756955,18.60691746023845,0.16048542288531709,1.5240480433627623,1.5705244053819114,0.0014154179953038692,0.0,0.0,0.0,0.0,0.0,0.0,0.0,0.0,0.0,0.0,0.0,0.0,1.5187213884764184,1.5702495937392817
9.018643856048584,0.032431741510138674,-0.10266885238383053,1.027057193534854,-0.426623155798864,-0.003426157815312302,0.0014569279083448989,-0.9044218162671185,-0.0665192593684341,0.009303986958734991,-0.0165216308789227,-0.00492715903943642,-0.010465098239450367,-0.741608132701218,0.0,0.0,1.0,22.46586618550716,3.3717487682782714,22.510443357809784,0.15916554109237102,18.584610042122275,4.55363158197183,18.61728499273892,0.1591686334343572,1.5255030593444814,1.570544137121556,0.0014623950119130313,0.0,0.0,0.0,0.0,0.0,0.0,0.0,0.0,0.0,0.0,0.0,0.0,1.5194823391744674,1.5702888525453718
9.030426263809204,0.03177193658412905,-0.10257306884012321,1.026887526846551,-0.4299591281400478,-0.0034682754245563174,0.0014887039987955281,-0.902840463733784,-0.06598049260096253,0.00957835437073112,-0.016966668830305533,-0.004900836418045101,-0.010441262277217951,-0.7383457304336292,0.0,0.0,1.0,22.469777196822196,3.361613380882758,22.511126860843884,0.15356945758144577,18.61277396066483,4.5251641465396055,18.64253940896208,0.15357200244784594,1.5257325671949544,1.5705480405488075,0.002658048993907869,0.0,0.0,0.0,0.0,0.0,0.0,0.0,0.0,0.0,0.0,0.0,0.0,1.520342442055898,1.5703253217705408
9.039361953735352,0.03111759737331184,-0.1024747354485552,1.026714675124688,-0.4332748124949575,-0.003510870952642231,0.0015206925214644052,-0.9012537368226938,-0.06543392108172115,0.009833339156800958,-0.01728517218629596,-0.004885624960967175,-0.010555595183379743,-0.7351444932275011,0.0,0.0,1.0,22.449615332899466,3.356233656644456,22.49645997484357,0.15255483727481983,18.61990016414366,4.503556621485967,18.6540765170756,0.1525573935367445,1.527057416023741,1.5705653984301915,0.0020734519930556417,0.0,0.0,0.0,0.0,0.0,0.0,0.0,0.0,0.0,0.0,0.0,0.0,1.521112459932906,1.5703571387388646
9.049030303955078,0.03046869281665111,-0.10237390871827007,1.0265381673889695,-0.43657052741474756,-0.00355305189061912,0.0015524794971088216,-0.899661680979291,-0.06489045566607306,0.01008267302851388,-0.017650773571848726,-0.004872820838746831,-0.010473214882870013,-0.7320067603668432,0.0,0.0,1.0,22.450146177175895,3.3469062037618182,22.494532957485735,0.14734184065807543,18.646716964503657,4.476357206905887,18.678648964422575,0.14734396426082344,1.5274018285912545,1.570568251758317,0.0014696239959448576,0.0,0.0,0.0,0.0,0.0,0.0,0.0,0.0,0.0,0.0,0.0,0.0,1.5219617393744538,1.57038689012334
9.058950662612915,0.029825285629473976,-0.10227076599698658,1.026359068900502,-0.43984652528290014,-0.0035952822498623925,0.0015843436177906869,-0.8980643618346096,-0.0643407187177133,0.01031427212834972,-0.017909848846758458,-0.004870009546022194,-0.01049870529650534,-0.7289185255731091,0.0,0.0,1.0,22.430315935191764,3.341806399166893,22.48012009942811,0.14660439473139614,18.653747740839187,4.455506674750526,18.690051603619217,0.14660655960357036,1.5286579703881724,1.5705837411454946,0.0017984749865718186,0.0,0.0,0.0,0.0,0.0,0.0,0.0,0.0,0.0,0.0,0.0,0.0,1.5227388949768539,1.5704127989283367
9.068980693817139,0.029187341398025354,-0.10216535848711314,1.026176914317673,-0.4431031017360885,-0.0036366830776246814,0.0016158667057143523,-0.8964618255914977,-0.06379442314486217,0.01054075098734331,-0.018215458282894396,-0.004869416931474881,-0.010329615212720368,-0.725889096289642,0.0,0.0,1.0,22.427479791575575,3.3329216552501078,22.474811145858403,0.1417260896698036,18.678706404868514,4.429123029516149,18.712765765608587,0.14172786440266844,1.5290047299134084,1.5705857173330773,0.0016229350003413856,0.0,0.0,0.0,0.0,0.0,0.0,0.0,0.0,0.0,0.0,0.0,0.0,1.5235844771784708,1.5704372192450735
9.079172372817993,0.028554914800327038,-0.10205785559239476,1.0259925158141932,-0.44634045789502397,-0.0036777163939954866,0.0016473235198284292,-0.8948541536884139,-0.06324265976983175,0.010750289471838264,-0.018439850347997652,-0.004877783645805075,-0.010267796519071438,-0.7228980794565752,0.0,0.0,1.0,22.402512248061804,3.328138821934176,22.454135861004556,0.1413111170176823,18.68778946590981,4.407956691460112,18.72532267233946,0.14131292617606447,1.5301243197854881,1.5705996478851767,0.0021270829893182963,0.0,0.0,0.0,0.0,0.0,0.0,0.0,0.0,0.0,0.0,0.0,0.0,1.5243587989977476,1.5704584332576454
9.088699102401733,0.027927976058574708,-0.10194831408791813,1.0258051858759452,-0.44955875256235556,-0.003717691227436487,0.001678376653371739,-0.8932414510188869,-0.06269387417523309,0.010954150447663305,-0.018732993824799288,-0.0048876621921394685,-0.010052302942232817,-0.7199356442938376,0.0,0.0,1.0,22.393483777124526,3.3201563848776345,22.442555315111957,0.1365969675708491,18.71601836061349,4.381740484104417,18.75128737660162,0.13659843227337434,1.530467343816489,1.570600654883976,0.0014656730054412037,0.0,0.0,0.0,0.0,0.0,0.0,0.0,0.0,0.0,0.0,0.0,0.0,1.5251824448245677,1.5704786067758643
9.098460674285889,0.027306572053131903,-0.10183689595654544,1.025615562235219,-0.4527580417941755,-0.003757076731134127,0.0017092999639815203,-0.8916238659091479,-0.06214040054428063,0.011141813137269694,-0.01896236407262189,-0.004904964812962988,-0.009945357113747265,-0.716979224103144,0.0,0.0,1.0,22.36252148850247,3.3160366145005735,22.415110511551504,0.1366310392418462,18.72867823255633,4.36029745566471,18.766837228197403,0.1366325595194117,1.5315545902084462,1.5706136290557748,0.0016809689986985177,0.0,0.0,0.0,0.0,0.0,0.0,0.0,0.0,0.0,0.0,0.0,0.0,1.525937430394842,1.5704960422198802
9.109357833862305,0.026690673025775193,-0.10172365804769584,1.0254227799507103,-0.45593834053852306,-0.0037953088892120263,0.001739807171387339,-0.8900015720932298,-0.06158990273567115,0.011323790884959174,-0.019278228450873177,-0.004922540529579286,-0.00971203781387287,-0.714019030075789,0.0,0.0,1.0,22.349936576707833,3.308912721307352,22.400323896498836,0.13189207222668928,18.76096201216121,4.33433124341731,18.797202237259466,0.13189328828192423,1.5319182439375512,1.570613386594469,0.001718505984172225,0.0,0.0,0.0,0.0,0.0,0.0,0.0,0.0,0.0,0.0,0.0,0.0,1.5267398817967854,1.5705128403392936
9.118981122970581,0.026080315487432396,-0.10160875118709595,1.0252274946505675,-0.4590996102586086,-0.0038327927781225722,0.001770136155975345,-0.8883747656129727,-0.06103575383427947,0.011490686059989845,-0.019528530014273675,-0.004946175723400021,-0.009572640235816395,-0.7110432131313753,0.0,0.0,1.0,22.317349342569326,3.3053758773635735,22.371056343168863,0.13246744463666096,18.775642000966936,4.313261889632575,18.814661515408755,0.13246875673651015,1.5330357432521011,1.5706259876801256,0.0015176929882727563,0.0,0.0,0.0,0.0,0.0,0.0,0.0,0.0,0.0,0.0,0.0,0.0,1.5274796478168948,1.5705272040900329
9.12842607498169,0.0254754649027255,-0.10149222555504972,1.025028848185546,-0.4622418283713631,-0.003868995564232567,0.0018000055366166948,-0.8867436399305566,-0.060485058470689634,0.011652563204622117,-0.019864646502134625,-0.004969071275931161,-0.00931287455429421,-0.708054688442761,0.0,0.0,1.0,22.305193777807723,3.2987137443590098,22.357002717900617,0.12755701194730792,18.809571583082363,4.287883013043416,18.846958530693943,0.1275580344121591,1.5334121792609634,1.5706243478467192,0.0013703079894185066,0.0,0.0,0.0,0.0,0.0,0.0,0.0,0.0,0.0,0.0,0.0,0.0,1.52827337573621,1.5705413160314747
9.138964891433716,0.024876148775979993,-0.10137422200483562,1.0248276117218698,-0.4653649578882555,-0.003904268158148769,0.0018296237626508542,-0.8851083917445929,-0.059931612674550716,0.011800355021409784,-0.020123646367628496,-0.00499723741158406,-0.009134748690333762,-0.7050503096778632,0.0,0.0,1.0,22.274796666429136,3.295486309663032,22.32975913716254,0.1287022375846535,18.82477782942267,4.267552159701545,18.864841319402746,0.12870339933698347,1.5345398641918169,1.5706369841315297,0.0014398680068552494,0.0,0.0,0.0,0.0,0.0,0.0,0.0,0.0,0.0,0.0,0.0,0.0,1.5290074905254605,1.5705531777193669
9.148787498474121,0.024282328331822204,-0.10125478449183138,1.0246230620747443,-0.4684690155241159,-0.00393810475875701,0.0018587156365653952,-0.883469194709673,-0.05938204441577892,0.011943751300422998,-0.02045496471254684,-0.005024266470298969,-0.00884161916143902,-0.70204157138072,0.0,0.0,1.0,22.264386841552213,3.28907124867197,22.31761882238373,0.12355689822673785,18.858143783031966,4.243014487778323,18.896732339864506,0.1235577616428824,1.5349200744662252,1.570633973552317,0.0017249149968847632,0.0,0.0,0.0,0.0,0.0,0.0,0.0,0.0,0.0,0.0,0.0,0.0,1.5297978296206542,1.5705651500639615
9.158287763595581,0.02369402316445074,-0.10113404491736622,1.0244160482237243,-0.4715540089263251,-0.003970825351641581,0.0018874732185567185,-0.8818262224817248,-0.05883051673714655,0.012073957446517018,-0.020701385102003415,-0.00505615014361684,-0.008623166209176917,-0.6990265808633067,0.0,0.0,1.0,22.23702740324053,3.286005740359969,22.2930655207366,0.12526698126773797,18.873608590844512,4.2234222356640405,18.914607324326802,0.1252680263048557,1.5360114849508406,1.5706468045310646,0.0014199769939295948,0.0,0.0,0.0,0.0,0.0,0.0,0.0,0.0,0.0,0.0,0.0,0.0,1.5305295788843072,1.5705749819908694
9.1692054271698,0.023111192208708234,-0.10101204381928804,1.0242060005875828,-0.47462000154381306,-0.004001981287804446,0.0019156464328744863,-0.8801796229060681,-0.05828309557425058,0.012200109807817954,-0.021004763614149345,-0.00508693154433278,-0.008302155568277386,-0.6960174560091879,0.0,0.0,1.0,22.227327969904366,3.279884727415373,22.28175016411846,0.11985742560885701,18.905659381102485,4.19981575296171,18.94529472548308,0.11985814957660575,1.5363942221850648,1.5706425208478514,0.0014910679892636836,0.0,0.0,0.0,0.0,0.0,0.0,0.0,0.0,0.0,0.0,0.0,0.0,1.5313127083223834,1.5705852423537545
9.17874813079834,0.02253384703217189,-0.10088890357854391,1.0239937552036802,-0.4776670343909809,-0.004031869772723433,0.0019434151829123213,-0.8785295506809598,-0.057734517653634534,0.012314024074412675,-0.021224538390272087,-0.005122197969560329,-0.008050688140193413,-0.6930093130734387,0.0,0.0,1.0,22.202001356163752,3.2769763757774695,22.258744505109046,0.12213272381209071,18.921972604157297,4.180790249526701,18.963632756745632,0.12213367329093054,1.5374167823375897,1.570655610454397,0.0015054270043037832,0.0,0.0,0.0,0.0,0.0,0.0,0.0,0.0,0.0,0.0,0.0,0.0,1.5320386388741951,1.5705934249957683
9.189309358596802,0.02196194552271144,-0.1007646633598671,1.023778861378065,-0.4806951881247512,-0.004060121359607458,0.0019705686739796275,-0.876876141987771,-0.05719015094604496,0.01242402186768118,-0.021489382561522653,-0.005156544960917869,-0.007714325320997765,-0.6900107273894642,0.0,0.0,1.0,22.191302216420347,3.2713100360652985,22.246563234833765,0.11642040905607662,18.952960078883056,4.1581041532398935,18.99339024479944,0.11642100568037768,1.537806804972329,1.570650122335566,0.0014317109889816493,0.0,0.0,0.0,0.0,0.0,0.0,0.0,0.0,0.0,0.0,0.0,0.0,1.5328069450832515,1.5706023086327152
9.198962688446045,0.021395490623880256,-0.10063943468566615,1.0235620659054758,-0.4837045071310002,-0.004087006415744455,0.00199727167055975,-0.8752195479224564,-0.056645489883118266,0.012522867420094891,-0.02167954725892228,-0.005194877467888701,-0.00744136852728965,-0.687013630831753,0.0,0.0,1.0,22.166722127584027,3.268642015230735,22.223776441420263,0.11929470078130588,18.970941717822807,4.13950184007764,19.01297629776606,0.11929557213706185,1.5387470461094304,1.5706635532783209,0.0015635580057278275,0.0,0.0,0.0,0.0,0.0,0.0,0.0,0.0,0.0,0.0,0.0,0.0,1.5335212107816911,1.5706091391616939
9.208340883255005,0.020834439454431624,-0.10051325595725363,1.0233430048255883,-0.4866950584629291,-0.004112240771101067,0.002023357597054248,-0.873559909546931,-0.056105116944863254,0.012617872841252138,-0.02190610798874709,-0.005232428715293599,-0.007102711957120398,-0.6840228004906018,0.0,0.0,1.0,22.15373708331553,3.2636365832372105,22.20948954166678,0.11320378985659633,19.001382456664267,4.117773047656952,19.04236604350788,0.11320426759690004,1.5391489585851181,1.5706568412712953,0.0014567530015483499,0.0,0.0,0.0,0.0,0.0,0.0,0.0,0.0,0.0,0.0,0.0,0.0,1.534267758685654,1.5706169126069263
9.219064950942993,0.020278785644243895,-0.10038622613172213,1.023122295671065,-0.48966686790879166,-0.004136059688530508,0.002048970167324445,-0.8718973868546124,-0.05556538101877301,0.012702982553150409,-0.022070915452330742,-0.005273258001136592,-0.006819297804239386,-0.6810289240564582,0.0,0.0,1.0,22.12910739341573,3.261397216711467,22.186154066780478,0.11676905706837105,19.021611449430942,4.0996572698148075,19.063803571041273,0.11676986826480988,1.5400015808693823,1.5706707779064,0.001408826996339485,0.0,0.0,0.0,0.0,0.0,0.0,0.0,0.0,0.0,0.0,0.0,0.0,1.534965072957006,1.5706226167018362
9.22899842262268,0.0197284848791715,-0.10025838174981105,1.0228996485467938,-0.49261997461584683,-0.004158258700428136,0.002073984609278919,-0.8702321345950771,-0.05503007650723943,0.012784438191107242,-0.022264712427128294,-0.005313246930317314,-0.006488164251640086,-0.6780346796199234,0.0,0.0,1.0,22.11335326173758,3.257500335685418,22.16931557618312,0.1101751070674882,19.051849568609924,4.079324644340386,19.09320460462394,0.11017547154973938,1.5404105834590043,1.5706626879906864,0.0018038940033875406,0.0,0.0,0.0,0.0,0.0,0.0,0.0,0.0,0.0,0.0,0.0,0.0,1.5356845740873455,1.5706294968739167
9.238645076751709,0.01918351994598047,-0.10012980560673729,1.0226755459225032,-0.4955543853101912,-0.0041790313671683415,0.002098516862466713,-0.8685643229626979,-0.054496493319102945,0.012857614307376237,-0.022410262429057793,-0.005355365959882898,-0.006202289712496055,-0.675032657231527,0.0,0.0,1.0,22.08852825730448,3.25662769646342,22.14535092027922,0.1146388097311776,19.07441537428452,4.062818225137353,19.116636038567584,0.11463958155509757,1.5411544730096716,1.5706773955019075,0.0014759449986740947,0.0,0.0,0.0,0.0,0.0,0.0,0.0,0.0,0.0,0.0,0.0,0.0,1.5363597182832966,1.5706342384620267
9.249242305755615,0.018643840967178173,-0.10000052453034507,1.0224497743490888,-0.4984701284239963,-0.0041982406542994755,0.0021224730562887876,-0.8668941117302041,-0.053967897880229695,0.012928107639221562,-0.02257715734143731,-0.005395649586268716,-0.005883456555767042,-0.6720274930800404,0.0,0.0,1.0,22.07016777589077,3.256451315988922,22.126143298467934,0.10743436959839564,19.103967427173842,4.047161638216604,19.145580448482818,0.10743462441300294,1.541512408857552,1.570667523436063,0.0014123129949439317,0.0,0.0,0.0,0.0,0.0,0.0,0.0,0.0,0.0,0.0,0.0,0.0,1.5370446832442073,1.5706404037534383
9.25888180732727,0.018109409311894725,-0.09987058368952738,1.0222226749925443,-0.5013672511496894,-0.004216032283770632,0.002145922020251803,-0.8652216476516699,-0.05344316552834486,0.0129940840817684,-0.022709935654452736,-0.005434360398314255,-0.005596892172640949,-0.6690235146237912,0.0,0.0,1.0,22.045912555650226,3.263974133620996,22.10237795610862,0.11340706002027573,19.127921700791976,4.041089166728485,19.170103689685636,0.11340782111820542,1.5419684330723544,1.5706832297569977,0.0016469010151922703,0.0,0.0,0.0,0.0,0.0,0.0,0.0,0.0,0.0,0.0,0.0,0.0,1.5376829297603993,1.5706442779938132
9.268402099609375,0.017580140240772767,-0.09973994230240806,1.0219941231350758,-0.504245923767072,-0.004232317464455678,0.002168750598663662,-0.8635470064646242,-0.05292690711219576,0.013064138711932642,-0.022855185746844423,-0.0054634401082740555,-0.00528375513191679,-0.6660489941745971,0.0,0.0,1.0,22.02741726897157,3.287174950461393,22.083212808239736,0.10614812216517257,19.15570073196835,4.054534589770743,19.1974433894589,0.10614827284461144,1.5417674502330314,1.5706702770873917,0.0013567540154326707,0.0,0.0,0.0,0.0,0.0,0.0,0.0,0.0,0.0,0.0,0.0,0.0,1.53829514451925,1.570649842531411
9.27894902229309,0.01705589468348216,-0.09960844833923298,1.0217644226061577,-0.5071066382195386,-0.004247180763888316,0.002190860333536219,-0.8618700708692908,-0.05242455572906083,0.013149396317507413,-0.022970052891803434,-0.005468478827283375,-0.004975418927071405,-0.663178815345896,0.0,0.0,1.0,22.007094489029328,3.3462654516341126,22.062840678175146,0.11605515969510928,19.178394640212893,4.112180438901235,19.220244082198313,0.11605596674152513,1.5404971809927994,1.5706859125398647,0.0014744070067536086,0.0,0.0,0.0,0.0,0.0,0.0,0.0,0.0,0.0,0.0,0.0,0.0,1.5387911881926475,1.570652761753694
9.288429737091064,0.016536379548929586,-0.09947563763960807,1.0215336467862202,-0.5099505633308846,-0.004260555126642515,0.002211856243851931,-0.8601903151747776,-0.051951513455257274,0.013281069962491185,-0.02307758199376521,-0.005414468390439575,-0.0046155507581216535,-0.6605710668452063,0.0,0.0,1.0,21.990671104813824,3.4515868936523817,22.04469562351397,0.11059992696774412,19.203312392962296,4.22640280516408,19.243812328222305,0.11059999113901348,1.5363788018266356,1.5706643237658433,0.0013716290122829378,0.0,0.0,0.0,0.0,0.0,0.0,0.0,0.0,0.0,0.0,0.0,0.0,1.5390349014498121,1.5706574975802898
9.299201011657715,0.016021127911085776,-0.0993406719982812,1.0213021582460107,-0.5127797326674546,-0.004272584140075664,0.002231196816560066,-0.8585066758919385,-0.051525163784380955,0.01349656413268725,-0.023148854020938945,-0.005256043722986359,-0.004225107416885955,-0.6584294032743656,0.0,0.0,1.0,21.96125782336692,3.558707586319832,22.011291726824226,0.12407257906730987,19.231670787374505,4.3411458107483,19.268896273836706,0.12407347531890503,1.5283113386652194,1.57067647011617,0.0015826689777895808,0.0,0.0,0.0,0.0,0.0,0.0,0.0,0.0,0.0,0.0,0.0,0.0,1.538655458646501,1.5706584727496546
9.30854606628418,0.015509689361665201,-0.09920270925352104,1.021069728105068,-0.5155958855709155,-0.004283753427059623,0.0022485304619837038,-0.8568182283014768,-0.051143854942057386,0.01379627447601655,-0.023243014094268072,-0.004990644056216101,-0.003881585477285202,-0.6566889067566744,0.0,0.0,1.0,21.918019142020082,3.643959245874508,21.960910093260182,0.11529907223217552,19.27162144296903,4.4272934850324175,19.30290006820054,0.11529900581749018,1.5197455542916163,1.5706454995883763,0.0013037699973210692,0.0,0.0,0.0,0.0,0.0,0.0,0.0,0.0,0.0,0.0,0.0,0.0,1.5371777272206038,1.5706610438020139
9.319085597991943,0.015001747140402049,-0.09906114337768646,1.0208357853741536,-0.518399912901806,-0.00429508251346837,0.0022639644468411936,-0.8551245272090998,-0.05079422212631528,0.014156587583458096,-0.02339427309142681,-0.0046406061820746984,-0.0037230314239200374,-0.6551544523631091,0.0,0.0,1.0,21.858992400560222,3.6982467448340817,21.894128928690975,0.12843948825995713,19.321056369822468,4.473038348753034,19.345936000688614,0.12844042043520995,1.51269578300574,1.5706660881733583,0.0014029550075065345,0.0,0.0,0.0,0.0,0.0,0.0,0.0,0.0,0.0,0.0,0.0,0.0,1.534687416802177,1.5706588232000656
9.328917741775513,0.014497138698841637,-0.09891566387806165,1.0205993370507918,-0.521191669485498,-0.004307728515837181,0.0022778929118289866,-0.8534257427203823,-0.05046084415604123,0.01454794996248015,-0.02364483233619289,-0.0042383471604834026,-0.003802087514833314,-0.6535847765743689,0.0,0.0,1.0,29.99999999999887,8.806733120536592e-12,29.999999999999027,0.9076744391196844,9.730882766234572e-12,12.198896524013298,6.025090152231533,0.9089812546641738,2.1943951023925354,1.569502546738664,0.0016457290039397776,0.0,0.0,0.0,0.0,0.0,0.0,0.0,0.0,0.0,0.0,0.0,0.0,1.5315457548312574,1.570659861053393
9.33955979347229,0.013964892074925234,-0.09870422305962145,1.0204431896539548,-0.5243450171637078,-0.004225363904683679,0.0022350157867860984,-0.8514924861558658,-0.05322466239164034,0.021144081844019724,-0.015614739683705999,-0.004864575908508105,0.018298906496068888,-0.7397501650248968,0.0,0.0,1.0,29.99999999997505,1.8181818186584136,29.999999999991637,29.999999999945665,1.8450319783050395,1.6200374375330284e-12,0.8860552379627729,29.99999999994586,1.1471975511968724,1.5467922940389027,0.0026019570068456233,0.0,0.0,0.0,0.0,0.0,0.0,0.0,0.0,0.0,0.0,0.0,0.0,1.5615457548312575,1.5704945304370033
9.350597858428955,0.012973205321753386,-0.09759003437645869,1.020359226102549,-0.5256443685580977,-0.0037224091288555424,0.0020229172182172,-0.8506938634311199,-0.0991686753171849,0.11141886831627705,-0.008396355140576274,-0.018079339903322354,0.10780097500906376,-0.30498290883938406,0.0,0.0,1.0,29.999999999991086,2.5003776826793e-11,25.2002316248263,4.498487540618381,1.8531249046291096,1.0454087166859165,3.4932945425225626e-10,29.999999999861377,2.194395102375797,1.0471975511971714,0.002818633016431704,0.0,0.0,0.0,0.0,0.0,0.0,0.0,0.0,0.0,0.0,0.0,0.0,1.5315457548312574,1.567108496665846
9.359821557998657,0.011774230159233047,-0.09610478604623858,1.020185558103576,-0.5260875114633816,-0.003403120547637883,0.0023002260908128263,-0.8504205183394483,-0.11989751625203396,0.1485248330220114,-0.017366799897291757,-0.08118794899677381,0.025145987610305676,-0.10379662914583995,0.0,0.0,1.0,29.999999999986,0.5298957373161881,19.53549256458126,2.445954550012175e-11,6.057969681450004e-10,1.5180612322751585e-10,1.501075529745686,17.48655906375621,1.147197551296117,1.047197551196649,0.0022273629729170352,0.0,0.0,0.0,0.0,0.0,0.0,0.0,0.0,0.0,0.0,0.0,0.0,1.5615457548312575,1.537108496665846
9.369561433792114,0.010565405790331734,-0.09461140104686998,1.0197737710248604,-0.5263682614650755,-0.004030474195969787,0.0032958498255963565,-0.8502407576527466,-0.12088243689013138,0.1493384999368598,-0.04117870787154629,-0.10360499568541179,-0.2114531700394764,-0.06627606491066049,0.0,0.0,1.0,29.999999999999037,3.3423597223247725e-11,26.938217931397144,0.4816151673851729,1.7254005443237963,0.4816151705947249,2.2477797401165844e-11,15.411685353447659,1.9644797071159878,1.0471975511966143,0.0026066989812534302,0.0,0.0,0.0,0.0,0.0,0.0,0.0,0.0,0.0,0.0,0.0,0.0,1.5315457548312574,1.507108496665846
9.380265951156616,0.009344329461923265,-0.09310286685373204,1.0193232349349843,-0.5266263184270527,-0.004911336455906961,0.004549246689905608,-0.8500705287614316,-0.12210763284084682,0.15085341931379376,-0.04505360898761471,-0.12072650994254681,-0.2817058966434015,-0.06137303267357325,0.0,0.0,1.0,29.999999999965464,0.6811543616548421,29.999999999864386,7.809599633645803e-10,1.3222156036718502e-08,5.634222924045389,1.8181818280493693,16.843870061939388,1.4712461965981511,1.0471975511972376,0.0026932059845421463,0.0,0.0,0.0,0.0,0.0,0.0,0.0,0.0,0.0,0.0,0.0,0.0,1.5615457548312575,1.4771084966658459
9.389589071273804,0.008080474292480074,-0.09152298448703959,1.0189346068498935,-0.5268755439015032,-0.0056461536822368635,0.0058301163623941075,-0.8499036956798652,-0.1263855169443192,0.157988236669245,-0.03886280850908845,-0.14076774609964676,-0.2597744449778129,-0.05935402352103309,0.0,0.0,1.0,29.999999999997424,2.229950668564129e-10,26.174796269007864,1.800985478612725,1.702266559716743,29.43252103356318,4.6346926296791935e-11,29.99999999999746,2.1943951023875057,1.047197551196643,0.0022896609734743834,0.0,0.0,0.0,0.0,0.0,0.0,0.0,0.0,0.0,0.0,0.0,0.0,1.5486458179408138,1.4471084966658458
9.40019416809082,0.006432367226193216,-0.08921509678657437,1.0185766002725016,-0.5273420821856076,-0.0062563584221470864,0.007383592348434942,-0.8495979454421214,-0.1648107066286858,0.23078877004652154,-0.03580065773917334,-0.20064405031220522,-0.26722215972154684,-0.11047832404625987,0.0,0.0,1.0,29.999999999906805,0.479452763731709,21.15222439937088,7.150080527651426e-11,1.8423527148314633e-09,15.821940863695598,1.550067408208488,6.853184686406166e-12,1.1471975511967933,1.0471975511967504,0.002477970003383234,0.0,0.0,0.0,0.0,0.0,0.0,0.0,0.0,0.0,0.0,0.0,0.0,1.5786458179408138,1.4171084966658458
9.409482479095459,0.004833130666002772,-0.08700648676365165,1.0180427200177335,-0.5282927359618103,-0.0077092586368079615,0.009442064865821406,-0.8489747934257682,-0.1599236560190444,0.22086100229227237,-0.05338802547680933,-0.19864971862346248,-0.463356518663089,-0.2268276604277293,0.0,0.0,1.0,29.999999999995456,0.043886739450757384,29.664314276782275,0.9388714605226198,1.8080095458063183,29.999999999985203,5.262963398422471e-10,0.9388714626723365,2.194395102392413,1.5707963267948966,0.002152774977730587,0.0,0.0,0.0,0.0,0.0,0.0,0.0,0.0,0.0,0.0,0.0,0.0,1.5486458179408138,1.3871084966658458
9.420214176177979,0.0031060984507284874,-0.08454097768091648,1.0176355419846068,-0.5305286759777442,-0.00898699021975729,0.011350627264718721,-0.8475433447516353,-0.17270322152742842,0.24655090827351717,-0.04071780331267345,-0.19521206609046587,-0.4165938707706385,-0.5303673839301591,0.0,0.0,1.0,29.999999999863142,1.5998308266922643,17.856285617886506,1.7995571699458424e-10,2.67456279345879e-09,29.999999999609454,1.450190476219166,1.7995571699458424e-10,1.1471975511969428,1.5803122715819056,0.0024413159990217537,0.0,0.0,0.0,0.0,0.0,0.0,0.0,0.0,0.0,0.0,0.0,0.0,1.5786458179408138,1.4133496152557101
9.429633617401123,0.0013086500633447801,-0.0819286560541832,1.017041651916039,-0.5338547368740546,-0.011194350019469765,0.013810325033436412,-0.8453893075780214,-0.17974483873837072,0.2612321626733274,-0.05938900685677159,-0.19359560945408508,-0.6314785505559436,-0.7929452997451681,0.0,0.0,1.0,29.264708916301693,3.1510904996423506e-10,29.99999999995204,0.5029823708049693,2.2093566119554193,16.095434878331112,13.644060258963584,0.5029823706811644,2.1943951023927664,1.5707963267948966,0.002433472021948546,0.0,0.0,0.0,0.0,0.0,0.0,0.0,0.0,0.0,0.0,0.0,0.0,1.5486458179408138,1.4372014233023094
9.439961671829224,-0.00045698190083309255,-0.07940024376791936,1.0166039760223147,-0.5375350277001755,-0.012822471445791269,0.01591311706023611,-0.8429937431124983,-0.17656319641778725,0.25284122862638353,-0.043767589372442184,-0.19655677289352003,-0.4949967151423794,-0.877825345308247,0.0,0.0,1.0,29.99999999996481,0.24614212259098672,29.999999999981235,2.0587254123682897e-10,6.691096565702992e-10,8.122688421199332,5.015657307306791,2.0587254123682897e-10,1.1471975511969712,1.5572981893134545,0.002280057000461966,0.0,0.0,0.0,0.0,0.0,0.0,0.0,0.0,0.0,0.0,0.0,0.0,1.5786458179408138,1.4562864095155361
9.449260473251343,-0.002141514791256846,-0.0770639191791649,1.0162311758920253,-0.5413585247025248,-0.01432683560856234,0.017952057662680616,-0.8404780860552089,-0.16845328904237533,0.2336324588754461,-0.03728001302893738,-0.19984578454657703,-0.4671190817315517,-0.9146507122648058,0.0,0.0,1.0,29.999999999918785,7.705089344334226e-10,29.999999999984354,0.15933265120484844,1.9660732382714576,5.0986436276487845,4.880417008861344,0.15933265141395922,2.194395102391022,1.5707963267948966,0.0022528150002472103,0.0,0.0,0.0,0.0,0.0,0.0,0.0,0.0,0.0,0.0,0.0,0.0,1.5486458179408138,1.4707166637723816
9.45995283126831,-0.0037460225235124295,-0.07492410218458417,1.0159186596743583,-0.5452749722872792,-0.015735283736115116,0.019945116648569905,-0.837872184622885,-0.16045077322555834,0.21398169945807197,-0.03125162176669169,-0.2031086697078867,-0.4459531449278423,-0.9398335269832606,0.0,0.0,1.0,29.999999999944425,0.0042934713198073396,29.999999999990823,3.701561834823508e-10,1.9712809162797384e-10,0.13076415923021667,9.550119189905491,3.701561834823508e-10,1.1471975511985952,1.5699655205232255,0.0025592500169295818,0.0,0.0,0.0,0.0,0.0,0.0,0.0,0.0,0.0,0.0,0.0,0.0,1.5786458179408138,1.4850137584898837
9.469505786895752,-0.005279005188164309,-0.07297013600137889,1.0156972167695624,-0.5492476134295047,-0.016918475183460548,0.021807951888870945,-0.8352037102251598,-0.15329826646518793,0.19539661832052904,-0.022144290479589747,-0.2062783183021179,-0.3939768331673858,-0.9555853164469685,0.0,0.0,1.0,29.99999999999001,1.5429889331508573e-08,29.999999999992678,0.0009647642365260359,2.2477188651785074,1.9186977007201733e-09,14.174722525416191,0.0009647642470109565,1.678608241311575,1.5707963267948966,0.0026345720107201487,0.0,0.0,0.0,0.0,0.0,0.0,0.0,0.0,0.0,0.0,0.0,0.0,1.5486458179408138,1.4971497244946468
9.480004787445068,-0.006755168686489305,-0.07117753857461658,1.0156286695737042,-0.5532647868488165,-0.01768444932016771,0.023411863278614796,-0.8324885708183624,-0.14761634983249966,0.17925974267623082,-0.0068547195858034045,-0.20921280099552897,-0.29580504238085875,-0.9672064142243323,0.0,0.0,1.0,29.999999999473847,0.0013778120575093072,29.99999999991461,2.339544744985522e-07,1.2400658278011178e-09,0.0013776356422079733,7.543583535607468e-10,2.3395447193875086e-07,1.6707963267948966,1.5707963242403766,0.0023585550079587847,0.0,0.0,0.0,0.0,0.0,0.0,0.0,0.0,0.0,0.0,0.0,0.0,1.5672118784223512,1.5076706676803968
9.48947811126709,-0.008170218796751314,-0.06955606087454917,1.015595794143961,-0.5573480983918824,-0.01843679357070176,0.025016657757154198,-0.8296971427553824,-0.14150501102620083,0.1621477700067408,-0.0032875429743195812,-0.21145919869450663,-0.29359359117618994,-0.9865931228792771,0.0,0.0,1.0,29.999999999969948,0.05471826492659188,29.99999999999106,0.0034609360807785713,1.8749999934774402,0.05471169696256396,1.874999998057574,0.0034609360809485005,1.6707963359829445,1.5707963267948968,0.0025060030166059732,0.0,0.0,0.0,0.0,0.0,0.0,0.0,0.0,0.0,0.0,0.0,0.0,1.5820096567612862,1.5166886186175368
9.500406742095947,-0.009531209086465577,-0.06809555851023984,1.0156024456777477,-0.5614936276828757,-0.019176744570394314,0.02662228685244339,-0.8268303407483015,-0.1360990289714263,0.1460502364309337,0.0006651533786659037,-0.21358574809529982,-0.29159676702626747,-1.0052545606715342,0.0,0.0,1.0,28.911325400172657,2.019425206213821,29.99999999997412,1.0148025185192228e-07,6.402736119071051e-10,2.019197048709567,5.80031716911035,1.0148025183847817e-07,1.6707468607570504,1.570796128578594,0.002762390999123454,0.0,0.0,0.0,0.0,0.0,0.0,0.0,0.0,0.0,0.0,0.0,0.0,1.594693468078666,1.5244182912143025
9.510138511657715,-0.010851351767969432,-0.0667677300722677,1.0156294059164392,-0.5656992575462639,-0.019714839432060777,0.028095318483362258,-0.8238970373760864,-0.13201426815038547,0.132782843797213,0.0026960238691480115,-0.2149114183910802,-0.24326091703743977,-1.022095075506445,0.0,0.0,1.0,28.819716080787092,29.99999999987616,29.999999999980606,1.8749953366048218,2.090719162087295,29.999999999876138,10.174016315575107,1.8749953366053762,1.6185606454905463,1.5707963267948963,0.0026267420034855604,0.0,0.0,0.0,0.0,0.0,0.0,0.0,0.0,0.0,0.0,0.0,0.0,1.6055582384612923,1.5310436965520584
9.52000093460083,-0.012441529984868376,-0.06466939880414585,1.0159073060712682,-0.5718056546393211,-0.019905848115496554,0.0286179805084089,-0.8196481328746626,-0.15901782168989437,0.20983312681218572,0.02779001548288995,-0.11246648053632986,-0.07304993891177528,-1.4859551520401963,0.0,0.0,1.0,29.999999999822162,11.658403310059398,29.999999999745093,6.596490020882584e-10,5.419013981782897,29.999999996764714,5.4397727441575245,6.596490020882584e-10,1.982664747746468,1.4727583878623196,0.003002314013428986,0.0,0.0,0.0,0.0,0.0,0.0,0.0,0.0,0.0,0.0,0.0,0.0,1.6074157251797572,1.5367226437296067
9.529223918914795,-0.01413178275967195,-0.062309696200605995,1.0163503223383097,-0.5787781417559957,-0.019949419477846144,0.028956054366929194,-0.8147265984386867,-0.16902527748035726,0.2359702603539856,0.0443016267041447,-0.1063662736237411,-0.025491219217764746,-1.7047536367799536,0.0,0.0,1.0,29.99999999995075,29.999999996395974,29.99999999993163,1.1697241788556665,16.680192136485694,7.431174124554822,11.814289528293433,1.169724179356051,1.1471975511974448,1.5707963267948966,0.0020818540069740266,0.0,0.0,0.0,0.0,0.0,0.0,0.0,0.0,0.0,0.0,0.0,0.0,1.6374157251797572,1.5275848928914229
9.540944576263428,-0.015852226545647833,-0.05979022393472908,1.0171397200417025,-0.5862876057476383,-0.02040693433821578,0.028956403411996356,-0.8093280713524394,-0.17204437859758834,0.2519472265876911,0.07893977033928687,-0.008322972267903073,-0.052641668174932925,-1.8512165338718245,0.0,0.0,1.0,29.99999999995019,10.029266037220388,28.03160062312567,5.693334692580265e-11,13.191038712563227,29.999999998286558,3.452953478699783e-10,5.693334692580265e-11,2.19439510239279,1.5591677126995491,0.0035545580030884594,0.0,0.0,0.0,0.0,0.0,0.0,0.0,0.0,0.0,0.0,0.0,0.0,1.6074157251797572,1.5337579548776334
9.549142360687256,-0.017615567985032027,-0.057138649789893525,1.0180621823756393,-0.594320973074122,-0.021265712687757607,0.029241234098374314,-0.8034147749802182,-0.17633414393841954,0.26515741448355534,0.09224623339367397,-0.01243912047273417,-0.15001869878673238,-1.9975487329915387,0.0,0.0,1.0,29.999999999966043,29.999999999952728,29.99999999994999,1.0701877692871806,5.61279737227771,4.24600857651598,1.9882665884236241,1.070187769300023,1.1471975511967645,1.5707963267948966,0.0023574049992021173,0.0,0.0,0.0,0.0,0.0,0.0,0.0,0.0,0.0,0.0,0.0,0.0,1.6374157251797572,1.5373879202807643
9.559502124786377,-0.01937638865930294,-0.05437197309647065,1.0190874939552652,-0.6027000666989006,-0.022315315265773673,0.029063313596928653,-0.7971260754162395,-0.17608206742709132,0.27666766934228776,0.10253115796259404,0.08093510610645871,-0.1252509095356776,-2.1008126156144153,0.0,0.0,1.0,29.99999999972311,10.612697500526814,29.999999999818407,8.971419163117389e-10,4.995678892782962e-08,29.99999999869202,4.220094404903404,8.971419163117389e-10,2.1943951023919332,1.5379827972353826,0.0020852989982813597,0.0,0.0,0.0,0.0,0.0,0.0,0.0,0.0,0.0,0.0,0.0,0.0,1.6074157251797572,1.5421605497827833
9.569971323013306,-0.021166193386671316,-0.05146721185066386,1.020207027460857,-0.6114760688376658,-0.023156820883978666,0.02874930516388308,-0.7904013261236189,-0.17898047273683754,0.2904761245806792,0.11195335055917854,0.0732409120308271,-0.07530921755807155,-2.2160556725143445,0.0,0.0,1.0,22.62227100467714,29.99999999995116,21.041436814575032,1.2248811084068096,1.3231424786284098,9.196196250590745,3.063762576971385e-10,1.2248811090424954,1.1471975511968038,1.5707963267948966,0.0021624339860863984,0.0,0.0,0.0,0.0,0.0,0.0,0.0,0.0,0.0,0.0,0.0,0.0,1.6374157251797572,1.5415637279902974
9.579341173171997,-0.0229351267733017,-0.04842503025018871,1.0209493295324439,-0.6203811979144335,-0.02425771352673821,0.028056255020366606,-0.7834229886612593,-0.17689333866303839,0.3042181600475147,0.07423020715869741,0.16282760469384944,-0.07039017446441383,-2.270731267703959,0.0,0.0,1.0,23.31084160842667,5.426582373474481,29.999999999957396,9.451639471080853e-11,1.9794827998964593e-09,29.99999999994531,1.6154800505086502,9.451639471080853e-11,2.1943951023930346,1.5552518133645827,0.002278403000673279,0.0,0.0,0.0,0.0,0.0,0.0,0.0,0.0,0.0,0.0,0.0,0.0,1.6074157251797572,1.5457398135338116
9.589833498001099,-0.02471378371806449,-0.045251188622683736,1.0215859064539945,-0.6294492267062854,-0.024482441477900928,0.026782037756052368,-0.7761939213313732,-0.17786569447627879,0.3173841627504974,0.06365769215505337,0.1429788230866662,0.13870268243579542,-2.325271627322157,0.0,0.0,1.0,29.9999999999158,27.921388228332773,26.07019452643613,1.2774501145853119,1.7019141125209638,12.95701539570057,0.09297098662844716,1.2774501145985948,1.1471975511971664,1.5707963267948966,0.002431539003737271,0.0,0.0,0.0,0.0,0.0,0.0,0.0,0.0,0.0,0.0,0.0,0.0,1.6374157251797572,1.5470986706524932
9.59914231300354,-0.02644364616553912,-0.0420293648900223,1.022190882842241,-0.6385937239896928,-0.02523596136264464,0.025445202102247905,-0.7687091411093373,-0.17298624474746294,0.3221823732661437,0.06049763882465058,0.21752693430895342,0.06365254486148939,-2.3724765736593683,0.0,0.0,1.0,27.19704473319227,5.122942530796596,29.999999999985274,1.5590773116969103e-10,2.4632464848008437,17.935568674746747,2.2893852498914637,1.5590773116969103e-10,2.037685872246043,1.5175561087298473,0.0023178870033007115,0.0,0.0,0.0,0.0,0.0,0.0,0.0,0.0,0.0,0.0,0.0,0.0,1.6074157251797572,1.5504840501014079
9.609273195266724,-0.028104928955083305,-0.039000007592927696,1.0227478289282723,-0.6473115913132137,-0.025624828441034697,0.023913216738538776,-0.7614192209185019,-0.16612827895441865,0.30293572970946037,0.05569460860313224,0.2041008727423105,0.14345320990301272,-2.2811215508514158,0.0,0.0,1.0,29.99999999997733,29.999999999945913,29.999999999988155,1.14343528039095,6.012093045626443e-10,6.589929007928115,4.746299288881367,1.1434352808553363,1.147197551196836,1.5707963267948966,0.0020078860106877983,0.0,0.0,0.0,0.0,0.0,0.0,0.0,0.0,0.0,0.0,0.0,0.0,1.6374157251797572,1.5457800584768993
9.619678497314453,-0.02971068222329487,-0.035861960526966385,1.0234094627200079,-0.6561666834006252,-0.02614071701666939,0.021903212558947827,-0.7538449414756828,-0.16057532682115655,0.31380470659613097,0.06616337917354684,0.2912789747990137,0.18519545433008278,-2.34189443207572,0.0,0.0,1.0,29.26310531919585,4.526657240868079,29.99999999985196,4.961970834216345e-10,1.9329003469646404,29.99999999899994,4.522606025437539,4.961970834216345e-10,2.1943951023924093,1.5602159568255838,0.0023453579924535006,0.0,0.0,0.0,0.0,0.0,0.0,0.0,0.0,0.0,0.0,0.0,0.0,1.6074157251797572,1.549353811093756
9.63077688217163,-0.031284394046288716,-0.032637345887275,1.0241450004699477,-0.6651232654882537,-0.02637033579361837,0.01978605005079422,-0.7460054686929322,-0.1573711822993848,0.32246146396913855,0.0735537749939931,0.2681743994942211,0.24147849045318182,-2.3913079715930308,0.0,0.0,1.0,29.99999999990203,17.284426768555846,28.214287079500934,0.8860960993399375,4.526546931443588,11.070648451079549,4.1953278184792e-08,0.8860960993744095,1.1471975511974004,1.5707963267948966,0.0029340290057007223,0.0,0.0,0.0,0.0,0.0,0.0,0.0,0.0,0.0,0.0,0.0,0.0,1.6374157251797572,1.5509055461983028
9.640215635299683,-0.03277564926534565,-0.029593670972085918,1.0248704641915225,-0.6736867051242418,-0.02686818975290933,0.01779408773634033,-0.7383140890975033,-0.14912552190569342,0.3043674915189085,0.07254637215748205,0.28783580431086947,0.18402641006054848,-2.3133462262074196,0.0,0.0,1.0,28.885699657244313,1.6465158125811286e-09,29.99999999991639,3.46607487156092e-09,3.8599897320292778,8.304970510698606,1.901384777391897,3.46607487156092e-09,2.19439510224362,1.542215020208496,0.002508787001715973,0.0,0.0,0.0,0.0,0.0,0.0,0.0,0.0,0.0,0.0,0.0,0.0,1.6074157251797572,1.5537470862835305
9.649702787399292,-0.03418626268969601,-0.02684581302158041,1.025579605987925,-0.6816459165734919,-0.027267858262873017,0.015823752866607046,-0.7310026793177002,-0.14106134243503599,0.27478579505055073,0.07091417964024273,0.27601113635823066,0.1955019528809995,-2.1724534728113096,0.0,0.0,1.0,29.999999999840465,0.0018022877375282942,29.999999999984826,0.0018029906492484549,2.6861091129148917e-10,3.764100142689131e-12,18.899721455753536,0.0018029938716646733,1.1471975511983976,1.5707963267948966,0.0022029830142855644,0.0,0.0,0.0,0.0,0.0,0.0,0.0,0.0,0.0,0.0,0.0,0.0,1.6374157251797572,1.5520996482728113
9.660708904266357,-0.035519612703162014,-0.024346670440683685,1.026493587795419,-0.6890215893290533,-0.027056575859977245,0.013377306323225105,-0.7241120347133677,-0.13333500134660045,0.24991425808967252,0.09139818074940378,0.2668417060698291,0.3501814984150426,-2.030432993949921,0.0,0.0,1.0,29.99999999999409,7.736236866395796e-09,29.99999999999569,0.16459870301736312,2.7272727273323145,0.009975844422222175,29.999999999440973,0.16459897936912402,1.6707985186594163,1.5707961283916823,0.002908857975853607,0.0,0.0,0.0,0.0,0.0,0.0,0.0,0.0,0.0,0.0,0.0,0.0,1.6074157251797572,1.5547706023473948
9.669646978378296,-0.03677640664425725,-0.021990577204994144,1.0278998952819467,-0.6958505133723899,-0.025367267881772817,0.009599677165529836,-0.7176743070208893,-0.12567939410952336,0.23560932356895398,0.14063074865275602,0.2601186230781053,0.7486703319989074,-1.8920833294902393,0.0,0.0,1.0,29.999999999527024,0.047489591864645436,29.99999999995802,0.7768829502619481,6.465330493199417e-10,0.013384139955483248,12.431960363721064,0.776885202516575,1.6707871359800452,1.5705285458678215,0.0020178960112389177,0.0,0.0,0.0,0.0,0.0,0.0,0.0,0.0,0.0,0.0,0.0,0.0,1.6164704099625655,1.5570599632108644
9.68021535873413,-0.037959482456251165,-0.019834094831025863,1.0293517897800915,-0.7022782888399629,-0.023572847888077533,0.005751291626526732,-0.7114888955641445,-0.11830758119939126,0.21564823739682798,0.14518944981447057,0.25816545889607057,0.7741141447134521,-1.7995429175902404,0.0,0.0,1.0,29.999999999987,1.3606386094211498e-08,22.0688202819169,10.547926980054978,1.6964359439169499,0.3993053182014159,3.91356565887169,10.548476582191817,1.6707573567354477,1.5442925133096648,0.002229397010523826,0.0,0.0,0.0,0.0,0.0,0.0,0.0,0.0,0.0,0.0,0.0,0.0,1.6242299422507769,1.5589840464475726
9.689587593078613,-0.039081258121805074,-0.01779206296811369,1.0305718910431798,-0.7081346211940545,-0.02251365317996945,0.0026862448218599793,-0.7057133113209658,-0.11217756655539088,0.2042031862912171,0.1220101263088254,0.25312926141520226,0.5607384264754336,-1.657810199164784,0.0,0.0,1.0,29.99999999993818,0.9976055125619026,26.344649295143196,15.260753584369166,10.226642744104014,7.419243885919968e-09,2.4177704727179616e-08,17.660230771380128,1.6643486232505527,1.0471975512238878,0.0024491829972248524,0.0,0.0,0.0,0.0,0.0,0.0,0.0,0.0,0.0,0.0,0.0,0.0,1.630876715748587,1.5568852559993
9.699678182601929,-0.0401444302983675,-0.01566083948132765,1.0317461910223789,-0.7132392663255035,-0.021896533365889682,0.0002139482074006477,-0.7005785073952662,-0.10631721765624222,0.21312234867860386,0.11742999791990945,0.23580455028157496,0.41687161862949307,-1.458524550996259,0.0,0.0,1.0,29.999999999953467,1.1446067427201e-09,22.716158610727987,0.4114978743292781,4.945084437087414,0.9215605146382707,1.7473103354908008,29.999999999967862,1.7150750263384678,1.0471975511970049,0.0018962030007969588,0.0,0.0,0.0,0.0,0.0,0.0,0.0,0.0,0.0,0.0,0.0,0.0,1.6356584168202963,1.5268852559993
9.710519075393677,-0.041169097883715026,-0.01325205656106542,1.0327585468325564,-0.7173709976637768,-0.021576897669405855,-0.0013949423862718317,-0.6963557591731263,-0.102466758534753,0.2408782920262231,0.10123558101776176,0.16156169198076714,0.2559764588346021,-1.1883259973342035,0.0,0.0,1.0,29.999999999928985,1.0093392146558835,26.08598632357485,4.919823215487895e-09,12.027088322912174,3.3081935979829753,3.5175549140120665e-09,29.99999999969052,1.6029880226597892,1.0471975511970908,0.002408019994618371,0.0,0.0,0.0,0.0,0.0,0.0,0.0,0.0,0.0,0.0,0.0,0.0,1.6470036467514637,1.4968852559993
9.719923496246338,-0.04214968327620928,-0.010572421056820274,1.0337707693296434,-0.72063883264114,-0.021458718282949103,-0.0022325374750205166,-0.69297490003296,-0.09805853924942504,0.2679635504245146,0.10122224970868915,0.08653874167044291,0.12113134631486502,-0.9438323019791954,0.0,0.0,1.0,29.99999999999258,21.40269926878993,29.999999999983324,2.3330624346452,18.070381918116194,29.999999999957605,2.3657691402696335,25.588364242117883,1.1471975513240047,1.0471975511966416,0.0025830590166151524,0.0,0.0,0.0,0.0,0.0,0.0,0.0,0.0,0.0,0.0,0.0,0.0,1.6407157004526531,1.4668852559993
9.729634046554565,-0.04303377923799079,-0.007081846695735118,1.035072621876731,-0.7245043213585143,-0.021423716815300503,-0.002784097301397013,-0.6889316087195254,-0.08840959617815072,0.3490574361085156,0.13018525470875644,0.05661471107529938,0.06526771775732965,-1.1208765622092196,0.0,0.0,1.0,29.99999999983509,1.0146550266654231e-10,29.999999999774722,9.09166519846849e-10,20.978440815028506,11.79231440140267,2.992750520555763,1.996630656524669,2.194395102392095,1.0471975511978238,0.00241256199660711,0.0,0.0,0.0,0.0,0.0,0.0,0.0,0.0,0.0,0.0,0.0,0.0,1.610715700452653,1.4368852559993
9.740024089813232,-0.04386383943896711,-0.0038792386829079456,1.036604290970997,-0.7283963998742659,-0.02207258022805869,-0.0025555591945172025,-0.684795557060272,-0.08300602009763178,0.3202608012827172,0.15316690942658875,0.04815818333213266,-0.14240975392812805,-1.1342583029033053,0.0,0.0,1.0,29.99999999999246,0.9375000016539721,29.999999999987445,0.9375000033736356,18.088388163323234,6.087574888624658e-12,3.3325653348015294e-10,29.99999999989123,1.1471975511968782,1.0471975512088392,0.002327930007595569,0.0,0.0,0.0,0.0,0.0,0.0,0.0,0.0,0.0,0.0,0.0,0.0,1.6407157004526531,1.4068852559993
9.749844312667847,-0.04464591658655771,-0.0005100998798988482,1.0383055316089473,-0.7314283700400592,-0.022809380600876412,-0.0016301428367273803,-0.6815347491445165,-0.07820771475906044,0.33691388030090974,0.17012406379503098,-0.031125807775890538,-0.2516709680275635,-0.8858293699055847,0.0,0.0,1.0,29.999999999965652,5.933801228152902e-10,24.5675257179712,2.237666718585274e-10,7.782574584780377e-11,0.1950882323917247,1.6535613853379028,6.437910999271772,2.079543280653182,1.0471975511966984,0.002826935990015045,0.0,0.0,0.0,0.0,0.0,0.0,0.0,0.0,0.0,0.0,0.0,0.0,1.610715700452653,1.3768852559993
9.759508848190308,-0.045399479629716195,0.002569721382047526,1.039807514070183,-0.7344279757507713,-0.023971971862682292,-0.0001921328066559413,-0.6782631171489605,-0.07535630431584799,0.30798212619463744,0.15019824612357835,-0.03855764744264637,-0.384733754854305,-0.8805243281716918,0.0,0.0,1.0,29.99999999998761,0.6642593723843281,29.999999999992134,0.6642593434911123,1.9795402843720817,2.8640274934320624,5.324829354083695,18.392271562671752,1.643475624428197,1.0471975511974656,0.0022984889801591635,0.0,0.0,0.0,0.0,0.0,0.0,0.0,0.0,0.0,0.0,0.0,0.0,1.6407157004526531,1.3468852559992999
9.770322561264038,-0.046112878204737175,0.005593264817935054,1.0413103830737809,-0.7371809847782895,-0.024880444046827897,0.0012263171332097455,-0.6752359997301932,-0.07133985750209801,0.30235434358875274,0.15028690035978692,-0.07205790252390269,-0.3462066118659597,-0.8112599700714048,0.0,0.0,1.0,29.99999999989602,6.468745428776162,28.770194119891435,1.2119959480472176e-09,1.7681434094640736e-10,25.23247452346953,5.4353854750388564e-11,29.999999999992042,1.1471975516293407,1.0471975511967297,0.002396501018665731,0.0,0.0,0.0,0.0,0.0,0.0,0.0,0.0,0.0,0.0,0.0,0.0,1.6411099753063023,1.3168852559992998
9.779743909835815,-0.046752665840082225,0.009190552435322089,1.042830685133894,-0.7398006906079191,-0.02524604119674974,0.0027611610805726187,-0.6723466007718236,-0.06397876353450506,0.35972876173870344,0.15203020601131043,-0.16711916982198516,-0.2894006674942618,-0.772240356927854,0.0,0.0,1.0,29.999999999650463,2.0539836498301156e-10,25.73968702340018,1.6639843458224157,1.7418652265433916,29.99999999869658,1.7418652267726125,24.911483609683685,2.194395102391973,1.0471975511971368,0.0023790019913576543,0.0,0.0,0.0,0.0,0.0,0.0,0.0,0.0,0.0,0.0,0.0,0.0,1.6111099753063023,1.2868852559992998
9.789062976837158,-0.04732628427889644,0.01322261330643471,1.044284144319757,-0.7426988886988612,-0.02540180198675167,0.00465192157674203,-0.669127393555926,-0.05736184388142125,0.4032060871112622,0.1453459185863131,-0.24761516897292402,-0.31535737629274196,-0.8565754363892335,0.0,0.0,1.0,26.681533167069322,0.21363946926749944,25.07749557905472,2.796372022828564e-10,2.967507417079245,7.050101997617059,3.0990282299508376,1.9095836023552692e-11,1.1799332912423925,1.0471975511993772,0.002247853990411386,0.0,0.0,0.0,0.0,0.0,0.0,0.0,0.0,0.0,0.0,0.0,0.0,1.6411099753063023,1.2568852559992998
9.799388885498047,-0.04789390470535004,0.016913130667457327,1.0454793720685478,-0.7456130461237906,-0.025649327462794785,0.006646822980341688,-0.6658521736804478,-0.056762042645360354,0.36905173610226166,0.11952277487906725,-0.24805440093319775,-0.34337676858980376,-0.8665877800313228,0.0,0.0,1.0,29.999999999795442,3.4190019981839015e-09,29.99999999994641,0.527920865916088,8.052696287563776e-10,16.89346671200408,6.894967452036265,0.5279208657956282,2.1943951023837647,1.5707963267948966,0.002249457989819348,0.0,0.0,0.0,0.0,0.0,0.0,0.0,0.0,0.0,0.0,0.0,0.0,1.6111099753063023,1.226929869599311
9.809598207473755,-0.048434169238159186,0.020427120081889658,1.0467065872773393,-0.7488010071098682,-0.02572618138785748,0.008488161288382928,-0.6622410184067349,-0.054026453280914336,0.351398941443233,0.12272152087914513,-0.2549066482553457,-0.29910794797570134,-0.9537076243128808,0.0,0.0,1.0,27.709465912955498,0.38520240400951333,29.999999999515133,9.4035945696902e-10,1.7487716970696703,12.711675893332938,4.1880010570594095e-10,9.4035945696902e-10,1.1471975511979002,1.5776052028546952,0.0021816760126966983,0.0,0.0,0.0,0.0,0.0,0.0,0.0,0.0,0.0,0.0,0.0,0.0,1.6411099753063023,1.256929869599311
9.819883823394775,-0.04895617912888562,0.023739010707870087,1.047863551698114,-0.7521257108218922,-0.025545911353717084,0.010055144840191425,-0.658447579991008,-0.05220098907264331,0.33118906259804304,0.11569644207746499,-0.25808888431256966,-0.22467038873657721,-1.0000932585417837,0.0,0.0,1.0,29.999999999951104,8.819168956231138e-08,29.999999999894417,0.23301275265378363,8.120233229897718,7.456407568362583,2.0642494943987018,0.2330127526372431,1.4684826429462707,1.5707963267948966,0.0020823589875362813,0.0,0.0,0.0,0.0,0.0,0.0,0.0,0.0,0.0,0.0,0.0,0.0,1.6111099753063023,1.286929869599311
9.830723285675049,-0.0494690256402855,0.026784845568619917,1.0490536771403467,-0.7554919257293351,-0.025446692955076518,0.011710435470906222,-0.6545588450830936,-0.05128465113998788,0.3045834860749829,0.11901254422325337,-0.2579295831981758,-0.24903121740726786,-1.01960696333817,0.0,0.0,1.0,29.999999999902915,0.238460471853994,29.57378483267574,5.795785490425587e-09,2.69491096105412e-10,7.869207965530361,7.091247589130489e-10,5.795785518181162e-09,2.1943951023565287,1.5713097555736089,0.002780982991680503,0.0,0.0,0.0,0.0,0.0,0.0,0.0,0.0,0.0,0.0,0.0,0.0,1.590734642112012,1.316929869599311
9.83974289894104,-0.0499737267834945,0.02960251377039001,1.050225367743597,-0.7589116079076145,-0.0253681421195687,0.01338514480088439,-0.6505616547623605,-0.05047011432090043,0.28176682017700927,0.11716906032504053,-0.25787506383273345,-0.25509780398112464,-1.0429438089048444,0.0,0.0,1.0,27.590602680524903,4.871916863890297,29.999999999967226,0.29082341483154883,1.7997063354726701,4.434437588451049,1.7997063373218716,0.29082341472034784,1.1471975511991037,1.5707963267948966,0.002123153011780232,0.0,0.0,0.0,0.0,0.0,0.0,0.0,0.0,0.0,0.0,0.0,0.0,1.6207346421120121,1.346929869599311
9.84952712059021,-0.0504689212829121,0.03223262300739579,1.0513231881080813,-0.762357498633051,-0.02507411554539335,0.014778602522201338,-0.6465012961433763,-0.049519449941760434,0.2630109237005781,0.10978203644842531,-0.2542882229037237,-0.18462270175380152,-1.0567918802344263,0.0,0.0,1.0,20.34945661419663,6.483791281652884e-11,24.69972064374687,3.581838714517005e-10,1.9427082165179854e-10,29.99999999991673,1.9674328832763877e-10,3.581838714517005e-10,2.194395102391759,1.5741272081902256,0.0024765539856161922,0.0,0.0,0.0,0.0,0.0,0.0,0.0,0.0,0.0,0.0,0.0,0.0,1.590734642112012,1.376929869599311
9.860165119171143,-0.05089033156658037,0.035156142867972036,1.0520668881648845,-0.7664685656989075,-0.024247731202561136,0.015685782749823397,-0.6416322479010185,-0.04214102836682694,0.292351986057625,0.07437000568031801,-0.2783084720207614,-0.04373397747251645,-1.2669701085170648,0.0,0.0,1.0,29.99999999995673,0.57978005017364,27.52962408237692,0.5797800486754525,1.7978007561490272,17.973181319298444,1.7978007551679487,0.5797800486767661,1.5316112442856085,1.5707963267948966,0.0026992839993909,0.0,0.0,0.0,0.0,0.0,0.0,0.0,0.0,0.0,0.0,0.0,0.0,1.6207346421120121,1.4051009179694418
9.869317770004272,-0.051295911863369764,0.03797465403268781,1.052773453870715,-0.7707443077977302,-0.02357405797833177,0.016816625977026066,-0.6364861953558629,-0.04055802967893936,0.28185111647157707,0.07065657058304878,-0.2852685584998372,-0.09844417456242925,-1.3299611170648349,0.0,0.0,1.0,29.967980776265442,0.5206432468225035,29.99999995228836,9.176606141636512e-09,2.8368770422213494,11.200727138896795,3.0240614325608304,9.176606141636512e-09,1.147197551393408,1.5679212941606997,0.002190116996644065,0.0,0.0,0.0,0.0,0.0,0.0,0.0,0.0,0.0,0.0,0.0,0.0,1.6080027281368117,1.4287716906587924
9.879459619522095,-0.05170112198707623,0.04061401779304365,1.0535140934746343,-0.7750235870767842,-0.022878467466253733,0.017929231395386467,-0.6312634615298128,-0.04052101237064675,0.26393637603558373,0.07406396039194044,-0.286600091202458,-0.09319243991811027,-1.3422442727472332,0.0,0.0,1.0,29.999999999923595,8.298419729158013e-10,29.999999999967642,0.33177929292564956,1.3366885376342452e-09,10.616938844731424,4.214740118294676,0.3317792935396791,2.194395102390873,1.5707963267948966,0.0021488129859790206,0.0,0.0,0.0,0.0,0.0,0.0,0.0,0.0,0.0,0.0,0.0,0.0,1.5780027281368116,1.4486502054447792
9.890003204345703,-0.05210746463460532,0.043088488134481615,1.0542879473759608,-0.7792954386006782,-0.022142798777927238,0.018996467528877726,-0.6259771961181028,-0.04063426475290868,0.2474470341437968,0.0773853901326536,-0.28727826287754116,-0.08141725971990844,-1.351218273366635,0.0,0.0,1.0,27.28922706912981,0.3161355433931678,29.99999999984691,5.567557526120481e-10,1.7360371812229929,10.432472321478668,3.4012348493206446e-10,5.567557526120481e-10,1.1471975511977794,1.571742467128804,0.002325317997019738,0.0,0.0,0.0,0.0,0.0,0.0,0.0,0.0,0.0,0.0,0.0,0.0,1.6080027281368117,1.4660996513519389
9.899425506591797,-0.052511236665920065,0.04543908751542597,1.05500252389133,-0.7835475888126342,-0.021165188674853487,0.019763355871294,-0.6206566044270939,-0.04037720313147453,0.23505993809443537,0.07145765153694057,-0.2874280286707009,-0.004541619023812893,-1.3545127630220646,0.0,0.0,1.0,29.25667602978914,3.309614249324966e-10,29.999999999995598,0.49454390726929126,1.9924661920356357e-10,15.825405051900626,1.7956568509402664,0.4945439072571594,2.1943951023926482,1.5707963267948966,0.0022192689939402044,0.0,0.0,0.0,0.0,0.0,0.0,0.0,0.0,0.0,0.0,0.0,0.0,1.5780027281368116,1.4811914821772054
9.909873723983765,-0.05290006299396567,0.04773206773150995,1.055731037252639,-0.7878978105199612,-0.020076905408824477,0.0204102511652033,-0.6151401301284369,-0.03888263280456093,0.2292980216083986,0.07285133613088436,-0.29106624676869447,0.027559175896208904,-1.3974547044600902,0.0,0.0,1.0,28.23054786500679,0.4367912150251214,29.99999999865068,1.0732035260474504e-09,1.7645620591487647,14.414109606550749,5.034503036682736e-09,1.0732035260474504e-09,1.1471975511980494,1.571692339783323,0.0022792860108893365,0.0,0.0,0.0,0.0,0.0,0.0,0.0,0.0,0.0,0.0,0.0,0.0,1.6080027281368117,1.493992174265447
9.918862104415894,-0.053277764948199045,0.049961863411748776,1.0564378473170792,-0.7922928920634429,-0.01881120043176373,0.020839477046869587,-0.6094947318233976,-0.037770195423337476,0.22297956802388263,0.07068100644402216,-0.2929513621759272,0.08335321238769017,-1.423439990002662,0.0,0.0,1.0,29.999999964468028,1.576128505487162e-09,29.999999999958675,0.3891411928842802,0.08248728141463713,12.452518090000265,1.8206814367655844,0.3891411928747336,2.194395102391478,1.5707963267948966,0.0020433040044736117,0.0,0.0,0.0,0.0,0.0,0.0,0.0,0.0,0.0,0.0,0.0,0.0,1.5780027281368116,1.5050921979108578
9.928947687149048,-0.05365582282829395,0.0520919839269444,1.0571757492274536,-0.7966883587693748,-0.01753049508204808,0.021245272938092793,-0.6037623531832079,-0.03780578800949092,0.2130120515195623,0.07379019103744262,-0.2928362311261939,0.08856885038260219,-1.4372957150971077,0.0,0.0,1.0,29.72594048042837,0.24719047149841325,29.99999999967728,3.721415980928455e-08,2.1069104424547955,8.157284410562664,5.996470238036963,3.721415980928455e-08,2.1943951023615167,1.5681697050113537,0.0019614259945228696,0.0,0.0,0.0,0.0,0.0,0.0,0.0,0.0,0.0,0.0,0.0,0.0,1.6080027281368117,1.514478502037149
9.939462184906006,-0.05404517088728511,0.0540941418103255,1.0579495438002255,-0.8010103330689975,-0.016194235606875777,0.02155603979976835,-0.5980430838977691,-0.03893480589911562,0.2002157883381101,0.07737945727718855,-0.2898996711194005,0.1101527231551189,-1.426429372676084,0.0,0.0,1.0,29.999999999569884,1.4834389495323859,29.999999999604313,0.17071781823280888,3.2805253284251226,3.979538187159318,6.242215270751218,0.17071781917971504,1.1471975512245824,1.5707963267948966,0.00245812299544923,0.0,0.0,0.0,0.0,0.0,0.0,0.0,0.0,0.0,0.0,0.0,0.0,1.6380027281368117,1.5221486738906067
9.95011019706726,-0.05445360697505495,0.055954116457020656,1.0587679327575314,-0.805228620714619,-0.014844100516651554,0.021811947096917635,-0.5923772109270627,-0.04084360877698381,0.1859974646695155,0.08183889573058582,-0.2849947546660461,0.12032697016851411,-1.4055906830928806,0.0,0.0,1.0,29.999999998377028,1.922260883802096e-08,29.999999999310006,5.816793163804235e-08,2.5830280725123957,8.694836774242464,7.026842596950326,5.816793111068641e-08,2.1943951015046856,1.570440332234142,0.002614566998090595,0.0,0.0,0.0,0.0,0.0,0.0,0.0,0.0,0.0,0.0,0.0,0.0,1.6080027281368117,1.5290983385912196
9.959578275680542,-0.054871742890176,0.05771715534065777,1.0596362454266726,-0.8093962584981678,-0.013447365856172967,0.021978531543369758,-0.5866973744886672,-0.04181359151210492,0.1763038883637113,0.08683126691410553,-0.281827360117176,0.13997069402007759,-1.4019005000707194,0.0,0.0,1.0,29.999999999964515,0.25026451204785016,29.99999999996563,0.25026340508891215,2.4355266829630917,7.758194603035555,3.994222124960566,0.2502634054982713,1.1471975511985826,1.5707963267948966,0.002152472996385768,0.0,0.0,0.0,0.0,0.0,0.0,0.0,0.0,0.0,0.0,0.0,0.0,1.6380027281368117,1.5350043376830655
9.970356464385986,-0.05530330007208512,0.059381897816420504,1.0605323214965765,-0.8135063109877337,-0.012055690049596538,0.022120369254955138,-0.5810101819973399,-0.04315571819091251,0.1664742475762731,0.0896076069903874,-0.27798207641085887,0.14311017884518476,-1.3964229135189539,0.0,0.0,1.0,29.99999999976233,1.2105552615881976e-08,29.999999999941835,0.09535362896991051,0.48210023509922295,16.510129960342763,8.544286363075411,0.09535362832241345,2.1943951023804287,1.5696488945664153,0.0025491050037089735,0.0,0.0,0.0,0.0,0.0,0.0,0.0,0.0,0.0,0.0,0.0,0.0,1.6080027281368117,1.5401174789847556
9.97920536994934,-0.05571038806264781,0.06107341145967688,1.0614958878424243,-0.8177140837143712,-0.010532134371026505,0.022086911139781548,-0.5751042686305339,-0.0407087990562686,0.16915136432563802,0.0963566345847794,-0.28027281331645454,0.18686118509285551,-1.4432048751993358,0.0,0.0,1.0,29.99999999997395,0.0010155322495376381,29.99999999984853,1.9557743313747267e-08,3.7411737951765733,4.027356226288248e-10,14.295107700421251,1.953695850931414e-08,1.645950127075512,1.570581722651499,0.0019514450104907155,0.0,0.0,0.0,0.0,0.0,0.0,0.0,0.0,0.0,0.0,0.0,0.0,1.6380027281368117,1.5443362526392783
9.989306688308716,-0.05613719479824778,0.06266795556153833,1.0625827867682656,-0.8217953908714031,-0.008788981682791422,0.021686586211415962,-0.5693020123993882,-0.04268067355999693,0.15945441018614526,0.10868989258413186,-0.27326458187285857,0.2717782663800344,-1.4115084356762917,0.0,0.0,1.0,29.999999999788777,0.012444901869087715,29.999999999749736,0.001559507215304362,4.532334645426757,0.0015596424517557907,6.0093921418599034,0.0015595073886906937,1.6707963623384101,1.5707963267948966,0.001963173010153696,0.0,0.0,0.0,0.0,0.0,0.0,0.0,0.0,0.0,0.0,0.0,0.0,1.6391380708423402,1.548085605498167
9.999424695968628,-0.056589640518535295,0.06415556171747784,1.063697690246281,-0.8257700626797825,-0.007078169245846979,0.021269707693094796,-0.5635612678641128,-0.04524457202875152,0.1487606155939516,0.11149034780154084,-0.2656099885150027,0.27046225194009965,-1.389425671023555,0.0,0.0,1.0,29.999999999951687,0.11030650503387843,29.99999999997064,2.9615833411322356e-06,1.4159375893996184e-09,0.01710203006543888,4.387819359750874,2.9615797696020112e-06,1.6708028879736174,1.5707962817146193,0.002169742016121745,0.0,0.0,0.0,0.0,0.0,0.0,0.0,0.0,0.0,0.0,0.0,0.0,1.6436606839132073,1.5513299942548426
10.009727001190186,-0.05706641569160773,0.06554872115166785,1.0648189276111497,-0.8296517088781016,-0.005394351728291329,0.020828636460559404,-0.557866570810863,-0.04767751730724372,0.13931594341900072,0.11212373648688319,-0.2580971583538835,0.2710845237992812,-1.371484242602099,0.0,0.0,1.0,29.99999999992755,1.2536564109224366,29.99999999994729,0.04644968288559542,1.983962731641059,0.23363744137430353,5.470770080802327,0.04644968291923356,1.6710515690938925,1.5707963267947382,0.0020400980138219893,0.0,0.0,0.0,0.0,0.0,0.0,0.0,0.0,0.0,0.0,0.0,0.0,1.647538141636123,1.5541108924633822
10.0202317237854,-0.0575665037727917,0.0668588389127968,1.065953971228997,-0.833448146392093,-0.0037288939725158275,0.020349659924868705,-0.5522102624601148,-0.050008808118396794,0.13101177611289444,0.11350436178471114,-0.25056954049870245,0.2750121464234852,-1.3557243684198368,0.0,0.0,1.0,29.99999999867441,8.456523068842095,29.999999999582244,0.16003550772447434,1.3265482761612748,1.8292356122838815,7.384214110789698,0.1600355076145405,1.699230258502817,1.5707660587578423,0.0023066830181051046,0.0,0.0,0.0,0.0,0.0,0.0,0.0,0.0,0.0,0.0,0.0,0.0,1.6508972027015187,1.5564945259392902
10.029026746749878,-0.05807060664742643,0.06813402450042143,1.0671176489204337,-0.8372146200632594,-0.00206502749367826,0.01974839783107426,-0.5465138757587851,-0.05041028746347334,0.12751855876246268,0.11636776914367992,-0.23693949465382916,0.29506847912372536,-1.3591935289124775,0.0,0.0,1.0,29.999999999952546,22.005621419106987,29.99999999997148,0.6826982628851468,2.443400141022285,5.210063114949417,5.49029977853274,0.6827177087114873,1.9141746476492814,1.570566908780814,0.0019522919901646674,0.0,0.0,0.0,0.0,0.0,0.0,0.0,0.0,0.0,0.0,0.0,0.0,1.6578019249588472,1.5585333163419404
10.038981914520264,-0.058472029087352814,0.06958928141617199,1.0683199429935644,-0.8412426736113144,-0.0005451225835542802,0.018898752334053682,-0.5403270343938691,-0.040142243992638854,0.14552569157505568,0.12022940731307254,-0.18773016099093098,0.3217543576462764,-1.4705821121976381,0.0,0.0,1.0,29.999999999495703,15.199114624833173,29.999999999346795,0.20743327432415803,4.397493427382603,1.1911406971876204e-08,6.273377927158781,0.20804734689224974,1.1471975512134103,1.5642892233114845,0.0017364269879180938,0.0,0.0,0.0,0.0,0.0,0.0,0.0,0.0,0.0,0.0,0.0,0.0,1.6878019249588472,1.5602524009760652
10.049350261688232,-0.05884514623379566,0.07107574345246327,1.069554293370967,-0.8452980773938203,0.0008870106624844291,0.017936785484877697,-0.5339931135256951,-0.03731171464428461,0.14864620362912823,0.12343503774026753,-0.16138336150603536,0.3312547236675226,-1.4986284083251082,0.0,0.0,1.0,29.999999999974392,13.98114137966534,29.9999999999711,1.2994800235865966e-09,3.2053187888838117,0.42367106754529976,1.8666731590285925,1.3132319398589942e-09,2.1943951023927033,1.569746652334438,0.0021493219828698784,0.0,0.0,0.0,0.0,0.0,0.0,0.0,0.0,0.0,0.0,0.0,0.0,1.6578019249588472,1.560829089881125
10.059635639190674,-0.05920013809287642,0.07257371494482574,1.070792384339969,-0.8493491175190628,0.0022068582435227496,0.016938765552139416,-0.5275550062011094,-0.035499185908076096,0.14979714923624735,0.12380909690019437,-0.13892430023352298,0.3253607174684446,-1.516172952074761,0.0,0.0,1.0,29.99999999991556,16.023433232179936,29.999999999865288,0.5007323003892092,3.6368375586368007,2.8182626787831566e-09,0.4850054373037984,0.5007323003504799,1.147197551199765,1.5707963267948966,0.0021619669860228896,0.0,0.0,0.0,0.0,0.0,0.0,0.0,0.0,0.0,0.0,0.0,0.0,1.6878019249588472,1.5621030273744554
10.070128202438354,-0.05952033392935026,0.07411343024195977,1.0720361422597218,-0.8534272187582637,0.0033948273662749804,0.015892254372737405,-0.5209586295289106,-0.03201958364738396,0.15397152971340222,0.12437579197528283,-0.11192976891077981,0.31984487442548315,-1.5463395858033935,0.0,0.0,1.0,29.99999999985704,15.278502860937285,29.11082990503005,2.4984727620136482e-09,4.387422318014161,0.4629849496304481,1.9555594825332252,2.4984727620136482e-09,2.1943951023909336,1.5685909397398676,0.002314336015842855,0.0,0.0,0.0,0.0,0.0,0.0,0.0,0.0,0.0,0.0,0.0,0.0,1.6578019249588472,1.5633449272916613
10.080276012420654,-0.059815215747728856,0.075676002409947,1.0732619619073376,-0.8574981923654805,0.004393548505806075,0.01492131336889716,-0.5142517877740516,-0.029488181837859683,0.15625721679872337,0.12258196476158602,-0.0878573882102832,0.28728011906675543,-1.5651049685415797,0.0,0.0,1.0,29.538062260129365,14.589850480301855,27.60551171889282,0.45593283739414153,0.6392982335192152,1.3151727096261112e-08,1.1715823246312063,0.45593283742654916,1.1471975512031514,1.5707963267948966,0.0025640059902798384,0.0,0.0,0.0,0.0,0.0,0.0,0.0,0.0,0.0,0.0,0.0,0.0,1.6878019249588472,1.564094357641405
10.089604139328003,-0.06009106177823334,0.07724761316981138,1.0744006972394329,-0.8615323923866303,0.005166344966590263,0.014118917377850275,-0.5074799522348972,-0.027584603050448582,0.15716107598643828,0.11387353320951943,-0.06667234860791221,0.23508508784600046,-1.573291578168343,0.0,0.0,1.0,29.999999999739387,14.478457417554925,28.62474960615863,9.680745927109768e-09,2.8840794958573186,0.4387412151824756,1.7234920252775237,9.680745871598617e-09,2.194395102381531,1.56782627489734,0.0023435050097759813,0.0,0.0,0.0,0.0,0.0,0.0,0.0,0.0,0.0,0.0,0.0,0.0,1.6578019249588472,1.5650517818061895
10.099726676940918,-0.06034833478361789,0.07883028261972068,1.0755076980720666,-0.8655325609207963,0.0057518206766447155,0.013437298422516876,-0.5006393328094555,-0.025727300538454748,0.15826694499092975,0.11070008326338089,-0.0468833418227447,0.19523667828975702,-1.5823433323798433,0.0,0.0,1.0,29.99999999906334,14.712492159024817,27.73287390678422,0.4597653839064422,2.884950347189639,9.11565624095445e-08,1.8349116369125236,0.4597653840366605,1.1471975512102204,1.5707963267948966,0.0019829389930237085,0.0,0.0,0.0,0.0,0.0,0.0,0.0,0.0,0.0,0.0,0.0,0.0,1.6878019249588472,1.5654481379620682
10.110100746154785,-0.06058748067366801,0.0804212746851028,1.0765593311184354,-0.8694933819436645,0.006097120545362236,0.012975340517999494,-0.49373649289440497,-0.02391458900501182,0.15909920653821183,0.10516330463688596,-0.027513806007404353,0.1331287998124719,-1.5900725747714801,0.0,0.0,1.0,27.067765967279357,12.56145349882517,29.999999999992646,1.7547702180209512e-10,1.1392309318125626e-10,0.3806517824942042,6.944789896088438,1.7547702180209512e-10,2.1943951023929813,1.5665706927111016,0.0019816750136669725,0.0,0.0,0.0,0.0,0.0,0.0,0.0,0.0,0.0,0.0,0.0,0.0,1.6578019249588472,1.5662121649381866
10.11941409111023,-0.060798654561020356,0.08203990116848332,1.0775561206275543,-0.8733812860274951,0.006639154682131825,0.012025950335407905,-0.48684332937876074,-0.021117388735234544,0.16186264833805286,0.09967895091190583,-0.013656673189185868,0.2371196909602828,-1.5800845207545846,0.0,0.0,1.0,29.99999999996103,4.403410969189281e-11,29.999999999979796,0.0016826836566457525,2.50113156191797,4.818906940151635e-10,22.537341433211292,0.0016826836850944151,1.1471975511977694,1.5707963267948966,0.002429159008897841,0.0,0.0,0.0,0.0,0.0,0.0,0.0,0.0,0.0,0.0,0.0,0.0,1.6878019249588472,1.56626338319146
10.130195379257202,-0.06101466704961252,0.08365311294358442,1.0788305855885854,-0.8770873326137814,0.00773323660228139,0.010070905607011547,-0.48016308154662457,-0.021601248859216212,0.16132117751010958,0.1274464961031016,-0.011896426044543865,0.4658180995008917,-1.5225221393320234,0.0,0.0,1.0,27.714738457861785,0.0018196789853158826,29.99999999997823,0.01499388749144194,2.2879209637949316e-10,0.0018196754520456203,1.3076117966193124e-10,0.014993887728145642,1.6707963267948966,1.5707963372263951,0.0024765290145296603,0.0,0.0,0.0,0.0,0.0,0.0,0.0,0.0,0.0,0.0,0.0,0.0,1.6578019249588472,1.5669109465633795
10.140105247497559,-0.06125055340716471,0.08521755569880242,1.0800187893603432,-0.8806511412819004,0.008912209330412221,0.00792077645166589,-0.47361524593718535,-0.02358863575521911,0.15644427552179935,0.11882037717578514,-0.008006534805210274,0.5077006046879572,-1.485161692832342,0.0,0.0,1.0,29.999999999921545,4.733889986521149e-06,29.18176391177989,0.12673876280459975,1.849430130306802,4.733983527093139e-06,1.8494301294525304,0.12673875758755526,1.6707963272243558,1.5707963558465197,0.002667100983671844,0.0,0.0,0.0,0.0,0.0,0.0,0.0,0.0,0.0,0.0,0.0,0.0,1.6596582680782828,1.5674660023723817
10.149222373962402,-0.06151740308845875,0.08671930307451754,1.081175724952025,-0.8840893988667061,0.009972431666010043,0.005950200295987391,-0.46717350153300796,-0.02668496812940449,0.15017473757151245,0.11569355916818748,-0.0041544894458783,0.46443880413520217,-1.45509030503996,0.0,0.0,1.0,29.999999999961606,0.08750692829307968,26.34497557870359,1.4012549122924989,8.40650793421105e-09,0.0875069269605756,5.748996834142872e-10,1.4012546138814037,1.6707963267950008,1.570871159527192,0.002058270009001717,0.0,0.0,0.0,0.0,0.0,0.0,0.0,0.0,0.0,0.0,0.0,0.0,1.6612494193848646,1.5679417671544014
10.159732103347778,-0.061820987827434504,0.0881490398565491,1.0822193620847347,-0.887399145995372,0.010754090298161625,0.004473062217148467,-0.4608547460349583,-0.030358473897574893,0.14297367820315454,0.10436371327096644,-0.0011136050502254715,0.3507630042384924,-1.4226505708197363,0.0,0.0,1.0,29.99999999985558,1.4187086000146867,24.215410491564537,5.225522237140012e-10,1.6942315670900117,1.4187085796819,1.694231582750074,5.224889410015976e-10,1.6708562593612029,1.5863682058969513,0.0022131830046419054,0.0,0.0,0.0,0.0,0.0,0.0,0.0,0.0,0.0,0.0,0.0,0.0,1.6626132633005983,1.5683602517790858
10.17017912864685,-0.06216638688171992,0.08950124327835163,1.0831055320928675,-0.8905896428164296,0.011158867174712244,0.0036995365323200403,-0.45465578322608896,-0.03453990542854223,0.1352203421802533,0.08861700081328286,0.0007733809729094908,0.19078254445061987,-1.392247605095699,0.0,0.0,1.0,29.999999999966935,3.2128362192906934e-09,27.889710091688457,0.0018854165017053912,11.171568835503656,3.2097440261225074e-09,1.0702296826536895e-09,0.0018854162842562583,1.5982847119188763,1.5707963267948966,0.0023746229999233037,0.0,0.0,0.0,0.0,0.0,0.0,0.0,0.0,0.0,0.0,0.0,0.0,1.663790834166399,1.5709328166530665
10.17948842048645,-0.06255024644056711,0.09079157677483292,1.0840097922060359,-0.8936774154261549,0.011277088908529857,0.0034842071941992452,-0.4485547510875407,-0.0383859558847188,0.12903334964812951,0.09042601131682658,0.0008997530841399087,0.06500534885847933,-1.3669205679876575,0.0,0.0,1.0,28.85554649959138,0.0008651781904313953,28.70061577037946,1.7377832032487023e-07,1.277040695413234e-10,0.0008651804390729806,1.7441261284454062,1.7377834051987041e-07,1.6707963267948966,1.5707963645200966,0.002312419004738331,0.0,0.0,0.0,0.0,0.0,0.0,0.0,0.0,0.0,0.0,0.0,0.0,1.6544328167024671,1.5709133181018993
10.189782619476318,-0.0629479255637794,0.09205284465197147,1.084853661852559,-0.8966812753158392,0.011380314215177613,0.0033040648290821725,-0.4425180924006726,-0.039767912321228054,0.12612678771385497,0.08438696465230944,0.0002790848993261822,0.0571671079808623,-1.3479762275372091,0.0,0.0,1.0,29.99999999991944,0.0127171459793896,29.99999999991006,0.0014476991989916194,1.8181818212003955,0.01271717686074997,1.043352515495144e-09,0.0014476991985680867,1.6707963304201925,1.5707963267948968,0.0021432929788716137,0.0,0.0,0.0,0.0,0.0,0.0,0.0,0.0,0.0,0.0,0.0,0.0,1.6567704610013856,1.570896610447356
10.199799299240112,-0.06335913836552287,0.09328904199783684,1.0857167309896276,-0.8996181733663213,0.01147187093288572,0.003154606372738413,-0.43651527669140827,-0.041121280174347706,0.12361973458653684,0.08630691370686498,-0.00047400213689460314,0.05051032297936155,-1.336057866397521,0.0,0.0,1.0,29.99999999998917,0.09901982822683539,29.9999999999592,1.7658592842183587e-07,7.617999430389571,0.09902005334844129,2.0490302844152932,1.7658592849512794e-07,1.6707910022066108,1.570796257793528,0.0027894320082850754,0.0,0.0,0.0,0.0,0.0,0.0,0.0,0.0,0.0,0.0,0.0,0.0,1.6587741566326437,1.5708822842112904
10.210549116134644,-0.06378800073015808,0.09449676900755656,1.0866297741118651,-0.9024872423947046,0.011498997422432863,0.0031465765797469097,-0.4305515641928496,-0.04288623646352103,0.12077270097197182,0.09130431222374888,-0.0013595962304168703,0.019306260589980043,-1.3234654439323579,0.0,0.0,1.0,29.999999999964338,0.2834566557337441,25.968302825237465,0.01771508200001912,2.318980563131845e-10,0.2834793077371047,3.4701752582577683e-10,0.017715082000527883,1.670911993699601,1.570796326794897,0.002675409981748089,0.0,0.0,0.0,0.0,0.0,0.0,0.0,0.0,0.0,0.0,0.0,0.0,1.660490848857496,1.5708699947230387
10.22005558013916,-0.06424775784430714,0.09565508457799826,1.087437211444641,-0.9052793356840002,0.011286610740058557,0.0036530337594479043,-0.42465114169856044,-0.04597571141490597,0.11583155704417,0.08074373327758307,-0.002567921828755361,-0.09437669166973732,-1.3067469858856242,0.0,0.0,1.0,29.999999999732406,1.5809859358343685,29.999999999950752,0.05086986526127882,1.875000004878585,1.5807539926105545,1.875000007008237,0.050869865259983264,1.6671435046738572,1.5707820783663475,0.0023018420033622533,0.0,0.0,0.0,0.0,0.0,0.0,0.0,0.0,0.0,0.0,0.0,0.0,1.6619795838349396,1.5708594707333041
10.229691982269287,-0.06471652302652613,0.09679715728398557,1.0882681504171792,-0.90801959539944,0.011076575912480763,0.004175921541772122,-0.41876041541192766,-0.04687651822189809,0.11420727059873012,0.08309389725381758,-0.004499128253667714,-0.0972115765684643,-1.3006244369362847,0.0,0.0,1.0,29.999999999951,29.999999999077158,29.99999999997302,0.39369545128190175,2.0667909605975865e-09,29.999999999104013,5.266354459865768,0.3937346896200172,1.5636964108804583,1.5706647056806382,0.002597893006168306,0.0,0.0,0.0,0.0,0.0,0.0,0.0,0.0,0.0,0.0,0.0,0.0,1.6627172868119278,1.5708484146808817
10.240020275115967,-0.06453226207085903,0.09867550484553989,1.089164137622991,-0.9116387591942179,0.01094751381411829,0.004205752920523649,-0.4108250677824919,0.018426095566709835,0.18783475615543252,0.08959872058119016,0.022330136604532796,0.004375305498086207,-1.7443987328119082,0.0,0.0,1.0,29.999999989836002,14.825831017073043,28.445848713148667,0.6026014074659491,1.9037935655974338,21.47472542546724,4.379338445467311,0.6026589713079691,1.8814610015115802,1.5695027731515827,0.0023405910178553313,0.0,0.0,0.0,0.0,0.0,0.0,0.0,0.0,0.0,0.0,0.0,0.0,1.6485714473931463,1.5708221705379897
10.24949049949646,-0.06416889380017778,0.10074393387648695,1.0900505476113793,-0.9153853234350636,0.010825607753114466,0.004290573055293987,-0.4024103711875698,0.03633682706812526,0.20684290309470657,0.08864099883881858,0.01638292804165925,-0.0039061067452427194,-1.8423835288066197,0.0,0.0,1.0,25.833959816056087,22.134525961956676,29.999999999930537,4.498870942448718e-09,6.290896692462411e-10,5.047695594839752e-11,5.94241100770887e-10,4.590458457798263e-09,1.1471975511971704,1.5734873560873694,0.0023456669878214598,0.0,0.0,0.0,0.0,0.0,0.0,0.0,0.0,0.0,0.0,0.0,0.0,1.6785714473931463,1.5706336851970744
10.259745359420776,-0.06366493807376769,0.10292838462102043,1.0908348375185102,-0.9191237818083644,0.010795600209308313,0.003702847992074802,-0.39380352670736607,0.050395572641008565,0.21844507445334818,0.0784289907130773,0.05350437129584176,0.12702867183353272,-1.8753755923651754,0.0,0.0,1.0,29.999999999975685,13.32976645387066,24.989115531530388,0.42999235255180174,1.7184098646257917,0.42999246958087983,1.7184098604566067,0.42999234989790597,2.1943951023928427,1.5707963267948966,0.0022667110024485737,0.0,0.0,0.0,0.0,0.0,0.0,0.0,0.0,0.0,0.0,0.0,0.0,1.6485714473931463,1.5710413524671165
10.269025325775146,-0.06319827863971142,0.1050458525278015,1.0914994975436632,-0.9226872363614147,0.010442752652637778,0.003697358009575882,-0.38539011704572873,0.04666594340562653,0.21174679067810825,0.06646600251530622,0.06675865202543796,-0.005976863503970864,-1.8275280960413975,0.0,0.0,1.0,29.720063055178013,4.6641801532132376e-11,29.999999999814044,4.13708894919651e-09,1.1785403764008606e-09,6.018154863340897e-10,2.4538067133761388e-09,4.13708894919651e-09,1.1471975511985621,1.5720539029031244,0.002183076983783394,0.0,0.0,0.0,0.0,0.0,0.0,0.0,0.0,0.0,0.0,0.0,0.0,1.6785714473931463,1.5710063487996566
10.280300855636597,-0.06280508358781,0.1070728734409921,1.092182806011509,-0.9260333242673425,0.010100068065734468,0.0036915421857607314,-0.37728854142119655,0.039319505190141546,0.2027020913190601,0.06833084678458878,0.06468482923436855,-0.005945402527270283,-1.753217670324483,0.0,0.0,1.0,29.999999999962437,0.0010464177508906416,29.999999999734953,0.001046499674116251,1.8750000047773152,0.0010464037527840293,1.874999990370223,0.001046499570978765,1.6707963267948966,1.5707963267948966,0.003031107014976442,0.0,0.0,0.0,0.0,0.0,0.0,0.0,0.0,0.0,0.0,0.0,0.0,1.6485714473931463,1.5711559993858664
10.289339065551758,-0.06247828811064943,0.10901783104973027,1.0928962861905143,-0.9291906220885255,0.00975348870186902,0.003720236317493949,-0.36945340318181463,0.03267954771605816,0.19449576087381662,0.07134801790052364,0.06261739654973303,-0.013308441996408706,-1.6896962545862981,0.0,0.0,1.0,29.99999999928926,7.936169590201311e-09,29.999999999987885,0.2725489712364841,1.3437811043834298,7.936282862873803e-09,10.9808511434669,0.27254894595555496,1.6707962918768844,1.5707962918703728,0.0021191150008235127,0.0,0.0,0.0,0.0,0.0,0.0,0.0,0.0,0.0,0.0,0.0,0.0,1.651746430164825,1.5711046175871564
10.299298524856567,-0.062197576687860814,0.11090279896321367,1.093700402734437,-0.9321759485252746,0.009511014482975727,0.003512990475489356,-0.36186351086069657,0.028071142278861434,0.18849679134833974,0.08041165439226709,0.06055139363389481,0.037624821031369854,-1.6308734023809677,0.0,0.0,1.0,29.999999999951687,0.09083706272718016,29.999999999951147,1.4533930696215305,5.1528059596961384e-09,0.09083706272616277,2.558557810061757e-10,1.4533932749786633,1.6707963267948966,1.5696951369177123,0.0018923379830084741,0.0,0.0,0.0,0.0,0.0,0.0,0.0,0.0,0.0,0.0,0.0,0.0,1.6544678389808336,1.5710605710561873
10.309661865234375,-0.06196684476733178,0.11272208493235335,1.0945244595330683,-0.9350141897231334,0.009263916456899533,0.003338113216472977,-0.35447355595083146,0.023073192052903285,0.18192859691396746,0.08240567986311934,0.0589314659475231,0.030771781472348738,-1.583016347050587,0.0,0.0,1.0,29.999999999953214,2.912600951924281,29.702693382595914,3.7607605918310583e-10,1.8657092004134148,2.912600951893582,1.8657091771139913,3.767197664927835e-10,1.6705715625560735,1.5075381178395024,0.0023613029916305095,0.0,0.0,0.0,0.0,0.0,0.0,0.0,0.0,0.0,0.0,0.0,0.0,1.6568004800971283,1.5708655090364052
10.32035517692566,-0.06177693111361041,0.11448426577385401,1.0953624298070437,-0.9377288610365623,0.00899876942777348,0.0032286922281467953,-0.3472364912769896,0.018991365372136967,0.17621808415006665,0.08379702739753007,0.057539259421527,0.01688577020981913,-1.5457971693064763,0.0,0.0,1.0,29.99999999999372,29.999999999894527,24.63192255305749,1.8749999896288052,6.251637450753732,29.999999999894698,1.442468366974481e-10,1.8749999907007207,1.5252749020157637,1.5707963267948966,0.0024887410108931363,0.0,0.0,0.0,0.0,0.0,0.0,0.0,0.0,0.0,0.0,0.0,0.0,1.6587677775912633,1.561818738865419
10.329630374908447,-0.06091893588090067,0.11677694841900473,1.0961116491258642,-0.9410514626641612,0.008492403986266583,0.003453856009752873,-0.33813916450308174,0.0857995232709742,0.2292682645150721,0.07492193188205921,0.07943629892569422,-0.05887666978225091,-1.937673491978092,0.0,0.0,1.0,29.99999999992687,2.0685675394815917e-10,23.80560498278267,4.377977980141168e-10,16.8893133305373,29.99999999867937,2.1422702575778403,4.377977980141168e-10,2.19439510239167,1.5075465036731472,0.0023107799934223294,0.0,0.0,0.0,0.0,0.0,0.0,0.0,0.0,0.0,0.0,0.0,0.0,1.6396973667947634,1.563101251426773
10.33928632736206,-0.05988848878121,0.11920284920501367,1.0968777147245306,-0.9444471029614078,0.007768774464918301,0.004988212348304959,-0.3285337632400771,0.10304470996906685,0.24259007860089474,0.0766065598666285,0.03156218622390099,-0.31906462411906966,-2.040617393013424,0.0,0.0,1.0,28.87161335882131,0.19763521418721872,29.99999999908061,0.19763521060067288,15.024625570265393,6.126690966091857,4.912426257114414,0.1976352106190433,1.1471975512149746,1.5707963267948966,0.002375635987846181,0.0,0.0,0.0,0.0,0.0,0.0,0.0,0.0,0.0,0.0,0.0,0.0,1.6696973667947634,1.5551648588905407
10.350377559661865,-0.05899418407195736,0.1215014903888775,1.097764934941231,-0.9475676232371578,0.006979506569992664,0.006833341162828977,-0.3194059976413671,0.08943047092526402,0.22986411838638326,0.08872202167006031,0.023589591463181767,-0.38309626761695126,-1.93286316844246,0.0,0.0,1.0,29.999999999947686,3.0442288412313445e-09,29.999999999955755,2.5201250808404296e-09,4.517666241099505e-10,18.696589518724842,6.481601033669904e-09,2.520125053084854e-09,2.1943951023837576,1.5695238206474216,0.0029375909944064915,0.0,0.0,0.0,0.0,0.0,0.0,0.0,0.0,0.0,0.0,0.0,0.0,1.6396973667947634,1.55739792573402
10.359703063964844,-0.0580785493715437,0.12379861843384543,1.098671835939702,-0.9505857824210764,0.006332521663492465,0.00862407066801171,-0.3102776093007777,0.09156347004136606,0.2297128044967932,0.09069009984709481,-4.398549034659999e-05,-0.36383630572728093,-1.9261714119640054,0.0,0.0,1.0,29.99999999987207,0.001949833189822525,29.999999999810594,0.0019498311241381116,1.8750000099947797,2.2213342276700132e-10,1.8750000301742715,0.001949831123238654,1.2901300922787893,1.5707963267948966,0.0024003389989957213,0.0,0.0,0.0,0.0,0.0,0.0,0.0,0.0,0.0,0.0,0.0,0.0,1.6696973667947634,1.5591301964359345
10.370397567749023,-0.057285086005247336,0.1259818613130191,1.0995942591399177,-0.9533784291310227,0.005718369494815409,0.010411736366091483,-0.3015434742517715,0.07934633662963636,0.2183242879173686,0.09224232002156488,-0.005701607565622966,-0.3621041263656817,-1.8371582935343818,0.0,0.0,1.0,27.99242852478945,0.011545007199574455,28.943241725616474,2.9727312773290132e-08,2.621798333990455e-10,0.0009621051333059539,2.6501356664709874e-10,2.972731278716792e-08,1.6707972291593647,1.5707963890615069,0.002518607012461871,0.0,0.0,0.0,0.0,0.0,0.0,0.0,0.0,0.0,0.0,0.0,0.0,1.6396973667947634,1.5607967864872148
10.379359245300293,-0.056591832357829226,0.12806746723698187,1.100433088159997,-0.9559696636960906,0.005174322500726393,0.012072103721011416,-0.2931714392487657,0.06932536474181075,0.20856059239627514,0.08388290200792886,-0.010868156001800296,-0.3344361713896438,-1.7556726717709301,0.0,0.0,1.0,27.334012110287553,8.550344565358414e-08,29.99999999998812,0.0009687830733527566,1.7916878787051307,9.524407973382108e-05,1.7916878812590438,0.000968783073319799,1.670807233566819,1.5707963267948966,0.0020996239909436554,0.0,0.0,0.0,0.0,0.0,0.0,0.0,0.0,0.0,0.0,0.0,0.0,1.6441402042754207,1.562225301140685
10.390084981918335,-0.055976334857052806,0.13007312640142057,1.1012100741829265,-0.9583905571828795,0.004762541619147467,0.01338715571061501,-0.28510636990778887,0.06154975007764202,0.20056591644387156,0.07769860229293232,-0.015344490905130705,-0.2613863026965698,-1.686315265674711,0.0,0.0,1.0,22.848916005917697,0.0013931480565183914,27.118464620642484,6.211029177471527e-07,1.3794367870190172e-09,0.0019222918873088007,1.396692761446161e-09,6.211029177536579e-07,1.6707963259980532,1.5707963573421726,0.0025253600033465773,0.0,0.0,0.0,0.0,0.0,0.0,0.0,0.0,0.0,0.0,0.0,0.0,1.6479497798884777,1.563449733377001
10.3997483253479,-0.055415215505024096,0.13201118645403653,1.1017153439477751,-0.9606480048343421,0.004514427219400888,0.014219848566882428,-0.2773676741464568,0.056111935202870944,0.1938060052615958,0.050526976484871394,-0.018492897904337377,-0.16034321727960804,-1.6135362642377957,0.0,0.0,1.0,29.31730423627043,0.03307787747624513,29.999999999952006,0.0033631680487548254,1.8536657562427192,0.04469722133285237,1.8536657678188677,0.0033631680483315928,1.6707961037663066,1.570796326794887,0.002674326009582728,0.0,0.0,0.0,0.0,0.0,0.0,0.0,0.0,0.0,0.0,0.0,0.0,1.6512135721898455,1.5644992510863112
10.408985614776611,-0.05493142782129718,0.1338732925346174,1.1022361738952162,-0.962780778951414,0.004302288356372123,0.01498096424083684,-0.26983371306607257,0.04837876837269132,0.186210608058088,0.05208299474409617,-0.020964544575978062,-0.14513459266563739,-1.5671161483279903,0.0,0.0,1.0,26.789184200865474,1.262267752336066e-07,29.99999999981129,0.007543718742999425,1.120872283877361e-09,9.332069712819635e-08,1.8096704135217578e-09,0.007543718742157046,1.6707281512329075,1.570796579804265,0.0022136190091259778,0.0,0.0,0.0,0.0,0.0,0.0,0.0,0.0,0.0,0.0,0.0,0.0,1.6540110767007685,1.5653988333303934
10.41990041732788,-0.054496606148306634,0.13567699753467458,1.1026903742208318,-0.964801370753088,0.004215941037957496,0.015338418504905027,-0.2624981404732174,0.043482167299054963,0.18037050000571642,0.045420032561553775,-0.02290431251003944,-0.06112446121484737,-1.522135425441,0.0,0.0,1.0,28.171756085059553,0.006230781895777644,29.999999999977582,0.09948881096786871,1.8178673707276982,0.006231202567076927,1.8178673763518325,0.09948872652371901,1.6707963267948975,1.5707965731404028,0.002646581007866189,0.0,0.0,0.0,0.0,0.0,0.0,0.0,0.0,0.0,0.0,0.0,0.0,1.6563992302053598,1.566169939969518
10.429150581359863,-0.054115916988708435,0.13742092502129913,1.10312580384523,-0.9667224806366934,0.004198921509105966,0.015471037743797133,-0.2553246198096259,0.038068915959819594,0.17439274866245552,0.043542962439834076,-0.024064824254132637,-0.014541911829264953,-1.4852397580941705,0.0,0.0,1.0,28.639419980716422,0.03539654769681397,29.999999999993413,4.549080390159332e-09,1.5019008259287148e-10,0.035398796903589894,7.2726274753870435,4.54907318758746e-09,1.6707954885473248,1.5705828678677871,0.0022958719928283244,0.0,0.0,0.0,0.0,0.0,0.0,0.0,0.0,0.0,0.0,0.0,0.0,1.6584559582895795,1.5668308875653587
10.439732789993286,-0.05378119730552295,0.13911173141922553,1.1035834891543257,-0.9685539073950323,0.004263240865994578,0.01531558232698312,-0.24829536078050443,0.03347196831854872,0.16908063979264126,0.045768530909558944,-0.02470967493461357,0.044911183355748514,-1.4522734251446432,0.0,0.0,1.0,29.69646625626565,6.708404665101142e-10,29.999999999993182,0.0008022041600416994,2.117906892410438,6.707981600739821e-10,10.194461204442511,0.0008022041798268853,1.670781876969486,1.5707963267948966,0.0023310830001719296,0.0,0.0,0.0,0.0,0.0,0.0,0.0,0.0,0.0,0.0,0.0,0.0,1.6602187483264002,1.56736688475142
10.450507640838623,-0.05349115577690146,0.14075232596274861,1.1041275206356678,-0.9703033935717833,0.004393951829867495,0.014909382317705727,-0.2413912341600334,0.029004152862149336,0.16405945435230884,0.05440314813421148,-0.024805265598888935,0.09642279542972179,-1.4235469735245907,0.0,0.0,1.0,28.612077041868236,0.002100818239884855,29.999999999821696,0.006407447190138862,2.7718347617167183e-09,0.002100818240236619,0.3821378299377578,0.00640744731722399,1.6707963267948966,1.5707963240336498,0.0027103879838250577,0.0,0.0,0.0,0.0,0.0,0.0,0.0,0.0,0.0,0.0,0.0,0.0,1.6617277667039838,1.5678568050433452
10.460079669952393,-0.05324255580750909,0.14234372001560136,1.1046600929998112,-0.9719781223347033,0.004564419070311441,0.014338486168450959,-0.23458922310211572,0.02485999693923686,0.15913940528527495,0.0532572364143434,-0.024330344775698128,0.12999080062407492,-1.3998573726498944,0.0,0.0,1.0,29.999999999989868,7.378898941520773e-09,29.999999999982137,1.2903217071214683,1.9263359813268328,7.37889894021973e-09,3.5690865872539925,1.2903217312966857,1.670795999636844,1.5707932834530254,0.0023155919916462153,0.0,0.0,0.0,0.0,0.0,0.0,0.0,0.0,0.0,0.0,0.0,0.0,1.6630232752884,1.5682767363276744
10.469377040863037,-0.05304059156788509,0.14388547568746227,1.105234907980053,-0.9735825658632341,0.0047313929636638155,0.013772908876638684,-0.22787037619853653,0.02019642396240025,0.15417556718608955,0.05748149802417698,-0.023726464989700775,0.1285154203810981,-1.380407392973968,0.0,0.0,1.0,28.31372796963142,0.7425279717397998,29.999999999777863,11.880355751511328,2.1824060336683715e-09,0.7425279717399127,2.832997392232528e-09,11.880539750118656,1.6707963267948966,1.5961959361907714,0.002015492005739361,0.0,0.0,0.0,0.0,0.0,0.0,0.0,0.0,0.0,0.0,0.0,0.0,1.664133664481035,1.5686362430598675
10.479950904846191,-0.05272705853488694,0.14545888557972692,1.105795160261837,-0.9750440025198592,0.004979523470446895,0.012934938940278397,-0.22157862002159256,0.03135330329981503,0.15734098922646536,0.05602522817840304,-0.02607381746918227,0.1844556096225472,-1.2902451360561895,0.0,0.0,1.0,29.99999999999102,6.090877802122918e-10,29.999999999488274,15.142306100862662,1.875000003991404,6.090877802122918e-10,1.8749999778184936,1.3136407019961336,1.6627802815910697,2.0943951023866365,0.002456971997162327,0.0,0.0,0.0,0.0,0.0,0.0,0.0,0.0,0.0,0.0,0.0,0.0,1.6650854733830152,1.5725733420785681
10.489184856414795,-0.05234319095462566,0.14703849157446677,1.1063970261269573,-0.9763938986079308,0.005174196840166422,0.012060092565712402,-0.2155985542984304,0.03838675802612827,0.15796059947398616,0.06018658651204533,-0.013319644200790145,0.1886787807987168,-1.224620019696399,0.0,0.0,1.0,29.999999999963375,0.3886377994314916,27.58112738736828,12.436408550982563,4.062130631865557e-10,0.38863779968914003,2.377038565981593e-10,1.1787859577339077e-10,1.6707963267948966,2.0943951023929173,0.0022443750058300793,0.0,0.0,0.0,0.0,0.0,0.0,0.0,0.0,0.0,0.0,0.0,0.0,1.6647561602698802,1.6025733420785682
10.499511957168579,-0.05194535918720272,0.14859765974108072,1.1069576563652925,-0.9776563854984494,0.0052574080335028054,0.011496364250964746,-0.2098289426268166,0.039783176742293966,0.15591681666139443,0.05606302383352054,-0.004551544095947551,0.12268870296178534,-1.1803436472607056,0.0,0.0,1.0,29.999999999994237,13.596943759556678,28.527039532338296,11.743439779879388,1.8289699898782976,13.59694376778859,1.8289699843783391,1.1799190082860003,1.6642607843726325,2.094395102392901,0.0021091979870107025,0.0,0.0,0.0,0.0,0.0,0.0,0.0,0.0,0.0,0.0,0.0,0.0,1.6656190412020253,1.6325733420785682
10.510468006134033,-0.051347920658196045,0.15021864165513413,1.1075193751759738,-0.9789436327576359,0.005260150871440075,0.01102723930391802,-0.20376480238114347,0.05974385290066795,0.16209819140534143,0.05617188106812826,0.0065613337716056985,0.10118042176188367,-1.2392578333007105,0.0,0.0,1.0,29.9999999998999,7.784694364293161,23.292009554932356,29.999999999986013,2.690367928437354e-10,11.547870144841054,2.24877005905455e-10,6.6589203040479106e-09,2.194395102388984,2.0943951023927916,0.0026386149984318763,0.0,0.0,0.0,0.0,0.0,0.0,0.0,0.0,0.0,0.0,0.0,0.0,1.665425004512112,1.6625733420785682
10.519973039627075,-0.050293633360492744,0.15199964282042608,1.1079405784933711,-0.9799931921113705,0.004919596896457651,0.011111635347076718,-0.19865969027876806,0.10542872977033038,0.17810011652919444,0.04212033173972843,0.05308259142688262,-0.022716999404859967,-1.043140653513726,0.0,0.0,1.0,29.999999999832298,14.379164869755554,24.53019426539895,20.09457162978513,1.7040685767365293,5.986677820146724e-11,1.704068576390153,1.044658562972368,1.1471975511984056,2.094395102392908,0.002590124000562355,0.0,0.0,0.0,0.0,0.0,0.0,0.0,0.0,0.0,0.0,0.0,0.0,1.695425004512112,1.6925733420785682
10.529047727584839,-0.04905233240625592,0.15382388656132598,1.108249651573878,-0.9809622453585594,0.004287887706764602,0.011741631779526385,-0.1937958236992254,0.12413009542368189,0.18242437408999093,0.030907308050695463,0.08892790608336543,-0.14163886693757716,-0.9938415267554263,0.0,0.0,1.0,29.99999999998393,2.715516700391163e-11,29.999999999946837,3.6880595884344984,14.12326789170026,0.11175942037531798,4.980627851382601,5.989824192198512e-10,2.194395102391441,2.094395102392491,0.0020236860145814717,0.0,0.0,0.0,0.0,0.0,0.0,0.0,0.0,0.0,0.0,0.0,0.0,1.665425004512112,1.7225733420785683
10.539779663085938,-0.0479345103490675,0.15557802153293926,1.108724496861317,-0.9819070022993419,0.0035838582191300315,0.01280710354308832,-0.18889619608298486,0.11178220571884245,0.1754134971613281,0.04748452874389609,0.08613313230681599,-0.22990571793410447,-1.0004593708021448,0.0,0.0,1.0,29.99999999989582,0.9375000223451333,29.99999999964253,29.99999999985432,14.608509111445986,3.4743021237737537e-09,1.2267982185676374e-09,0.9375000415309578,1.665686029610982,2.0943951023500387,0.002520882000681013,0.0,0.0,0.0,0.0,0.0,0.0,0.0,0.0,0.0,0.0,0.0,0.0,1.695425004512112,1.7525733420785683
10.548958539962769,-0.04647847600209374,0.1574321473680887,1.1093641803365957,-0.9826147902904661,0.002588645371189593,0.014109546461390001,-0.1851010359674383,0.1456034346973757,0.18541258351494347,0.06396834752787307,0.1370227126353405,-0.28884158943290833,-0.7755235369499445,0.0,0.0,1.0,29.999999999986674,12.854549684623374,29.99999999996076,20.603850986849462,16.771303096862404,1.013890979283369,2.32640311894824,1.8525969647242846e-10,1.7784398392104068,2.094395102393118,0.0021882900036871433,0.0,0.0,0.0,0.0,0.0,0.0,0.0,0.0,0.0,0.0,0.0,0.0,1.6911765795262363,1.7825733420785683
10.559280395507812,-0.04488090118889541,0.1593097100545987,1.110196222367956,-0.9832548879613092,0.0013420838206679585,0.015876724065701207,-0.18153774743604278,0.159757481319833,0.18775626865100148,0.08320420313604412,0.1698333057818391,-0.38978897676317253,-0.7283993127770806,0.0,0.0,1.0,29.999999999988628,29.999999999935334,29.99999999995522,28.27265606834922,19.993554454704075,2.803800442268815,2.676823207536927e-10,1.8508017096269347,2.1943951023826216,2.0943951023930576,0.002289455005666241,0.0,0.0,0.0,0.0,0.0,0.0,0.0,0.0,0.0,0.0,0.0,0.0,1.7036427594811179,1.8125733420785684
10.570218801498413,-0.04261184479268082,0.16138331485891516,1.111288903849194,-0.9839062963541391,-0.0005234381416645141,0.01802977574676615,-0.17777247591714943,0.22690563962145888,0.20736048043164518,0.10926814812379385,0.27690454912539875,-0.4880549884883229,-0.7705998758758147,0.0,0.0,1.0,29.999999999991505,13.261702208516667,27.097811585873607,13.735980293201461,8.348678577153681,3.5277114562859424e-11,1.98322697301945,5.379896528268091e-11,1.147197551196682,2.0943951023931446,0.0027800800162367523,0.0,0.0,0.0,0.0,0.0,0.0,0.0,0.0,0.0,0.0,0.0,0.0,1.733642759481118,1.8425733420785684
10.579565525054932,-0.04039483812950215,0.16340409921693227,1.1123353045009605,-0.98454056715159,-0.0025269877010228622,0.020554710508322502,-0.17392811688137824,0.22170066631786695,0.20207843580171228,0.1046400651766593,0.29056047623395415,-0.5662127529926928,-0.7860127204251331,0.0,0.0,1.0,29.9999999999905,3.2720492981752614e-12,26.659226767074834,29.999999999987487,3.26227933555856e-11,0.9375000013541532,7.479417085676232e-11,0.9375000005499012,2.194395102393064,2.0943951023930842,0.002085877989884466,0.0,0.0,0.0,0.0,0.0,0.0,0.0,0.0,0.0,0.0,0.0,0.0,1.7036427594811179,1.8725733420785684
10.590036392211914,-0.037943928215207604,0.16546391303479527,1.113284948295418,-0.9849603906054358,-0.004798263968304687,0.02316928476103983,-0.1711525338548582,0.24509099142945456,0.2059813817862987,0.09496437944573259,0.3446618324459119,-0.5935175132747481,-0.5691562091198693,0.0,0.0,1.0,29.999999999982883,0.9090909142982143,28.848746155120537,29.999999999992585,1.839023319603298,8.324096967271544e-11,1.8390233185552336,2.1841684016976615e-10,1.1471975513205988,2.094395102393148,0.0022921700146980584,0.0,0.0,0.0,0.0,0.0,0.0,0.0,0.0,0.0,0.0,0.0,0.0,1.733642759481118,1.9025733420785684
10.599401712417603,-0.03527151894093156,0.16755398193372936,1.11420938821037,-0.985193372716894,-0.007295073158072625,0.02558504473763467,-0.16937002612062588,0.26724092742760497,0.20900688989341035,0.09244399149522002,0.4006764967677951,-0.5619850378666384,-0.3683675038229214,0.0,0.0,1.0,29.40476949456734,3.704477835597686e-10,29.999999999988216,5.203842445051745,3.0591196242824026e-10,0.16262010751839073,10.07768721505773,0.16262010095178553,2.17459420679772,2.0943951023931073,0.0024814080097712576,0.0,0.0,0.0,0.0,0.0,0.0,0.0,0.0,0.0,0.0,0.0,0.0,1.7036427594811179,1.929976450694937
10.609417915344238,-0.032812713111940964,0.16953579054376902,1.1151758635537248,-0.9854561040368496,-0.009665387592320164,0.02761231623602521,-0.16739297264605973,0.24588058289905937,0.19818086100396629,0.09664753433546103,0.3878727659192259,-0.48128418335590795,-0.40762779078209055,0.0,0.0,1.0,29.99999999991842,1.667184724657174,29.999999999874948,29.9999999999939,1.8181818168103892,1.8934834256079114e-10,3.8824055081931874e-11,25.017097762167957,1.644310245187544,2.0943951023911,0.0020084069983568043,0.0,0.0,0.0,0.0,0.0,0.0,0.0,0.0,0.0,0.0,0.0,0.0,1.733642759481118,1.9534648295089614
10.61965823173523,-0.029813737469719836,0.17165930973102264,1.1161461531654573,-0.9854178264576486,-0.012110317106945346,0.029189671572751787,-0.1671915386391498,0.29989756422211267,0.21235191872536288,0.09702896117325249,0.4280286916351295,-0.3933370246466901,-0.0488723473259845,0.0,0.0,1.0,29.999999999984478,1.3158296674475878e-10,23.913695545212033,29.999999999998128,1.229076840303378e-10,1.145093056593945,1.6337483508453912,7.788070855253302,2.1943951023366792,2.0943951023931775,0.002154111978597939,0.0,0.0,0.0,0.0,0.0,0.0,0.0,0.0,0.0,0.0,0.0,0.0,1.720880971724893,1.9735977256349813
10.630216121673584,-0.02666110955294386,0.1737782077338394,1.116936149839946,-0.9851811841654925,-0.014912473839327508,0.031196544305704118,-0.16799532170167794,0.31526279167759746,0.21188980028167417,0.0789996674488748,0.4904192350544697,-0.4886567257068945,0.15482764023129758,0.0,0.0,1.0,29.9999999999932,0.8618269254611932,20.629320993058478,28.440288344999313,1.5342218507482157,8.242029281291252e-11,1.2673062599333207e-10,9.949374657480803e-12,1.1471975512364585,2.094395102393161,0.002513635001378134,0.0,0.0,0.0,0.0,0.0,0.0,0.0,0.0,0.0,0.0,0.0,0.0,1.750880971724893,1.990854493743295
10.640740633010864,-0.023471764029375314,0.17585139596732202,1.1174670290250193,-0.984765235022005,-0.018110287635351895,0.03398703782507476,-0.1695710194393369,0.31893455235685464,0.20731882334826218,0.05308791850732708,0.5474009418435166,-0.6551698752836999,0.31281661660299764,0.0,0.0,1.0,29.999999999988496,1.3406487031630832e-10,27.480356226725174,26.221269509561264,3.136095827471763e-10,0.8194146815219064,1.7418289759292582,0.8194146786486846,2.1943951023188992,2.094395102393156,0.0032995079818647355,0.0,0.0,0.0,0.0,0.0,0.0,0.0,0.0,0.0,0.0,0.0,0.0,1.720880971724893,2.0056460092647046
10.649321794509888,-0.020278583973107202,0.17786295857795512,1.1179260802673379,-0.9842338339155284,-0.021520005202672644,0.03677697775791914,-0.17166276083941268,0.319318005626811,0.2011562610633091,0.04590512423184873,0.5930812358049754,-0.6611634218463235,0.4169266431214135,0.0,0.0,1.0,29.999999999979618,1.5244508412732745,21.68788011862609,29.99999999999494,1.5662994027397534,1.1794598631098552e-10,2.691691314282707e-10,20.30687777236125,1.1471975514343729,2.0943951023930865,0.002243413997348398,0.0,0.0,0.0,0.0,0.0,0.0,0.0,0.0,0.0,0.0,0.0,0.0,1.750880971724893,2.018324451140198
10.659862756729126,-0.016821809783921345,0.1799041727654384,1.1181403525325408,-0.9834137313089166,-0.025268224819325256,0.040066337282282115,-0.17508180517785224,0.3456774189185856,0.204121418748329,0.021427226520297958,0.6535750068497463,-0.7675071039330935,0.6877760757795128,0.0,0.0,1.0,29.99999999996945,7.558798031936931e-11,25.70344772073788,29.99999999999352,7.489000530824796e-10,1.1800887354220526,1.6879832645826276,8.942928058179326,2.1943951023503896,2.0943951023931255,0.002465058001689613,0.0,0.0,0.0,0.0,0.0,0.0,0.0,0.0,0.0,0.0,0.0,0.0,1.720880971724893,2.029191687033468
10.669374227523804,-0.013287978154765168,0.18189707828087345,1.1182209448963187,-0.982406215125166,-0.02932979822621643,0.04343921954583857,-0.1792507339586171,0.35338316291561755,0.19929055154350378,0.008059236377798302,0.7192392654298573,-0.7926205900521278,0.8397412629739935,0.0,0.0,1.0,29.999999999984464,1.4191649688264056,19.514134715216628,29.999999999995573,1.500428325529216,7.076961239249613e-11,2.1248158788012006e-10,16.83244387993351,1.1471975512567492,2.0943951023931353,0.002556316991103813,0.0,0.0,0.0,0.0,0.0,0.0,0.0,0.0,0.0,0.0,0.0,0.0,1.750880971724893,2.038506460656276
10.680217981338501,-0.009632311482110452,0.18386368324323918,1.1180090955609303,-0.9811265206783938,-0.03378063311642033,0.04746983052251212,-0.18438067804931796,0.3655666672654717,0.19666049623657125,-0.021184933538837776,0.7820907096412725,-0.9325382281965926,1.0388013501492706,0.0,0.0,1.0,29.99999999999274,1.9044765764419935e-11,22.630461563868543,29.999999999998472,1.8256507416936074e-10,1.2866833789963714,1.5948624667055218,12.460551553230971,2.194395102381357,2.0943951023931775,0.002446397003950551,0.0,0.0,0.0,0.0,0.0,0.0,0.0,0.0,0.0,0.0,0.0,0.0,1.720880971724893,2.0464905523329704
10.689229965209961,-0.005931077818837317,0.1857669807293088,1.117594644928313,-0.9796212642562798,-0.03856881915525964,0.051809083016592365,-0.19018528787179023,0.3701233663273134,0.19032974860696275,-0.041445063261739336,0.8448378130134425,-1.003128105628801,1.178392294289909,0.0,0.0,1.0,29.999999999979487,1.304349278880302,23.89578733964035,29.999999999994838,1.6332056842481937,7.881761909800389e-11,2.541937771383118e-10,13.043525814605013,1.147197551246305,2.0943951023931295,0.0021584639907814562,0.0,0.0,0.0,0.0,0.0,0.0,0.0,0.0,0.0,0.0,0.0,0.0,1.750880971724893,2.0533340594844285
10.6997811794281,-0.0021889137107301776,0.18759958741274926,1.1170223991200359,-0.9778934371978151,-0.04365751861707492,0.05629453091838111,-0.19659443619370598,0.37421641081071394,0.18326066834404503,-0.05722458082771206,0.906138473016113,-1.0408475799190378,1.303320135419571,0.0,0.0,1.0,29.999999999997723,1.3854695168902253e-11,17.277600447270885,29.99999999999917,2.9600146778108183e-09,1.6892174251838084,1.432654552948178,25.74417507668582,2.194395102385023,2.0943951023931846,0.0025036080041900277,0.0,0.0,0.0,0.0,0.0,0.0,0.0,0.0,0.0,0.0,0.0,0.0,1.720880971724893,2.0591999227571
10.71043086051941,0.001773519352071506,0.1894442323422807,1.1161515122127519,-0.9757784200197674,-0.049094887842640586,0.06138605734980085,-0.20415170578393618,0.39624330628016835,0.18446449295314316,-0.08708869072839773,0.9668131172099099,-1.1674345959047907,1.5444689773876106,0.0,0.0,1.0,29.999999999986173,1.534258964233119,7.006963327804838,29.999999999997073,1.1214230923003488,3.769895506877674e-11,1.5808576669940066e-10,20.630545681114754,1.1471975512123294,2.0943951023931673,0.002606999973068014,0.0,0.0,0.0,0.0,0.0,0.0,0.0,0.0,0.0,0.0,0.0,0.0,1.750880971724893,2.064227805562255
10.719647884368896,0.005778042110602388,0.1912295913516742,1.114888986084615,-0.9732902108228135,-0.05498832868076884,0.06756449512014168,-0.21240877624179882,0.40045227585308824,0.1785359009393495,-0.12625261281368277,1.0237013542669573,-1.395894993878154,1.7013613477333873,0.0,0.0,1.0,29.99999999999594,1.915845260214155e-11,20.616710968043762,29.99999999999864,1.2403951199502217e-09,1.5829273443482936,1.5338397241853066,22.236602343019655,2.194395102384033,2.09439510239318,0.002344170003198087,0.0,0.0,0.0,0.0,0.0,0.0,0.0,0.0,0.0,0.0,0.0,0.0,1.720880971724893,2.0685374193952426
10.730075359344482,0.009868039030344245,0.19295088740798905,1.113480366783886,-0.9704787120498508,-0.06113657709785973,0.07385304158476644,-0.2213122604997247,0.4089996919741857,0.17212960563148655,-0.14086193007290249,1.0809189548568399,-1.4254175685509498,1.8387013072819378,0.0,0.0,1.0,29.999999999996373,1.6765636232177243,18.2275255956127,29.999999999999098,1.4614401516294087,1.1515233211412124e-11,4.6035841805291966e-11,25.326599544946102,1.1471975512020858,2.094395102393186,0.002360791026148945,0.0,0.0,0.0,0.0,0.0,0.0,0.0,0.0,0.0,0.0,0.0,0.0,1.750880971724893,2.0722313741092337
10.739461898803711,0.014077979580481348,0.19462360885069116,1.1119006430180378,-0.9672881929908073,-0.06755739390416159,0.08039436583057075,-0.23092487127236022,0.4209940550137103,0.16727214427021184,-0.15797237658480895,1.1377491290561186,-1.4834799014875302,1.992192442875277,0.0,0.0,1.0,29.999999999995154,2.396793874481773e-11,18.382755518630756,29.999999999998025,10.009120853435583,1.8181818210120617,1.7694508009109278,29.999999999971223,2.194395102381721,2.094395102393174,0.0024361500109080225,0.0,0.0,0.0,0.0,0.0,0.0,0.0,0.0,0.0,0.0,0.0,0.0,1.720880971724893,2.075397621006941
10.75017762184143,0.018470826162159927,0.1962687658921636,1.110227527596585,-0.9636327405574422,-0.0742583700177706,0.0872766741439214,-0.24141337568252502,0.4392846581678579,0.16451570414724354,-0.16731154214529725,1.1965726882716103,-1.5580358712435542,2.1832327559199656,0.0,0.0,1.0,29.999999999961517,1.7802974208148983,4.475112757729173,29.999999999993136,9.946532486537762e-11,8.675216101039496e-11,2.9876656704175275e-10,28.749814644136492,1.1471975512285602,2.0943951023931358,0.0025316959945484996,0.0,0.0,0.0,0.0,0.0,0.0,0.0,0.0,0.0,0.0,0.0,0.0,1.750880971724893,2.07811154691926
10.759729146957397,0.02297452595486229,0.19787081718730612,1.1082782898577266,-0.9594903637686293,-0.08132343746049338,0.09487388635997185,-0.2525147244057398,0.450369979270236,0.16020512951425214,-0.19492377388583365,1.2501630002295667,-1.7128086092441728,2.3291341370736958,0.0,0.0,1.0,29.999999999994685,8.557154984600857e-12,29.99999999995329,29.99999999999933,1.8749999993035116,1.8181818146650586,1.874999997176542,29.999999999997012,2.194395102388973,2.0943951023931873,0.002423525002086535,0.0,0.0,0.0,0.0,0.0,0.0,0.0,0.0,0.0,0.0,0.0,0.0,1.720880971724893,2.0804377691298135
10.769343614578247,0.027642575212600825,0.199402281030101,1.106532471141389,-0.955064849612931,-0.08829433609095239,0.1012984096917847,-0.26418530512123833,0.4668049257738535,0.1531463842794884,-0.17458187163375113,1.3067244404031155,-1.4791199117722473,2.435384771859793,0.0,0.0,1.0,29.99999999998983,1.7915135860416214,12.174468360942015,29.999999999998344,1.2484280276225945e-10,2.0919932453011825e-11,6.896283544222115e-11,29.119948288025153,1.1471975512044013,2.094395102393181,0.0024465490132570267,0.0,0.0,0.0,0.0,0.0,0.0,0.0,0.0,0.0,0.0,0.0,0.0,1.750880971724893,2.082431673881724
10.780509948730469,0.03238623371172422,0.20087348802283375,1.1045948638870091,-0.9501869305657562,-0.09556430334743748,0.10821585279650425,-0.27622742461832084,0.4743658499123393,0.14712069927327562,-0.1937607254379899,1.3533294989671685,-1.5916914512874747,2.5329166761176727,0.0,0.0,1.0,29.999999999995303,8.450573574236842e-12,16.475053384524767,29.999999999999357,1.452345419836639,1.8181818168652277,1.4523454185830038,29.999999999998863,2.1943951023857498,2.0943951023931815,0.0030372969922609627,0.0,0.0,0.0,0.0,0.0,0.0,0.0,0.0,0.0,0.0,0.0,0.0,1.720880971724893,2.0841407350976464
10.789863348007202,0.03721746553659163,0.2022858292181301,1.1025662434091719,-0.9448820755532323,-0.10303959589144904,0.1152698496879537,-0.2886062485977364,0.48312318248674074,0.14123411952963594,-0.20286204778373074,1.4002585133364196,-1.631796495565492,2.618666935651277,0.0,0.0,1.0,29.99999999999724,1.818181817391298,16.1889594401306,29.999999999999712,1.7946044650329895e-10,3.5718095148240536e-12,4.319211655001709e-11,29.999999999999545,1.1471975512003363,2.0943951023931886,0.002300898020621389,0.0,0.0,0.0,0.0,0.0,0.0,0.0,0.0,0.0,0.0,0.0,0.0,1.750880971724893,2.0856056447112943
10.799352407455444,0.04212127764748717,0.20363868729265439,1.1004623483971328,-0.9391563634416826,-0.11070988006684555,0.12243015868491738,-0.3012299847408354,0.4903812110895539,0.13528580745243,-0.21038950120391622,1.4452958751357015,-1.6678033896331284,2.6869475830045144,0.0,0.0,1.0,29.999999999992973,1.1416867451430335e-11,20.43698116469161,29.999999999999062,1.5761556620486197,1.818181819590685,1.5761556624405135,29.999999999998053,2.194395102384754,2.0943951023931797,0.00234268099302426,0.0,0.0,0.0,0.0,0.0,0.0,0.0,0.0,0.0,0.0,0.0,0.0,1.720880971724893,2.0868612815229937
10.80999231338501,0.04709130510758662,0.20492559509692224,1.0983781199802933,-0.9330660516511045,-0.11846859605897553,0.1293557792463873,-0.31403824190628904,0.4970027460099451,0.12869078042678386,-0.20842284168393635,1.4886402545455804,-1.6338913784594904,2.7362159639618917,0.0,0.0,1.0,29.99999999997813,1.8181818216538614,16.873243717189645,29.999999999996504,6.217668602204185e-10,4.2914338749255876e-11,2.468316662174175e-10,29.999999999987043,1.1471975512198163,2.094395102393154,0.002671807014849037,0.0,0.0,0.0,0.0,0.0,0.0,0.0,0.0,0.0,0.0,0.0,0.0,1.750880971724893,2.087937541647306
10.81969666481018,0.052113521135900176,0.20616365761749736,1.0962507929910044,-0.9265745708705755,-0.12639170322058102,0.13631942834687563,-0.32695827780955405,0.5022216028313555,0.12380625205751238,-0.2127326989288862,1.5293312748921344,-1.6590476270451744,2.7789271921611873,0.0,0.0,1.0,29.99999999996066,3.973865680961808e-11,23.472990895258423,29.999999999995868,1.6710309604596,1.3930106848706967,1.6710309642139847,15.96935251549374,2.194395102373669,2.0943951023931606,0.002455449983244762,0.0,0.0,0.0,0.0,0.0,0.0,0.0,0.0,0.0,0.0,0.0,0.0,1.720880971724893,2.0888600503252843
10.830718040466309,0.05695546642747161,0.20715939804655928,1.0941943013335114,-0.9200183087507997,-0.13431004155799958,0.14286939645936925,-0.3392866927177383,0.4841945291571435,0.0995740429061908,-0.20564916574930983,1.5410020513576916,-1.5987874347987991,2.6631850554559904,0.0,0.0,1.0,29.99999999998083,1.1608594111379051,16.070794186296865,29.99999999999637,3.7440339717420557e-10,4.7592818575026286e-11,1.7563017706834216e-10,8.308360473834455,1.1471975512323855,2.094395102393153,0.002826848009135574,0.0,0.0,0.0,0.0,0.0,0.0,0.0,0.0,0.0,0.0,0.0,0.0,1.750880971724893,2.0896507720492665
10.840121269226074,0.06158656908879416,0.2079240899311595,1.0920455501389539,-0.9133399985191896,-0.14243318386293113,0.14964300176668965,-0.3508985711881547,0.4631102661322552,0.07646918846002065,-0.21487511945574886,1.546313414186347,-1.6765712507509138,2.5397667790379597,0.0,0.0,1.0,29.99999999998167,5.2618576162899444e-11,24.468225971534977,29.99999999999689,1.7021320607093327,1.179755206098257,1.702132061164345,8.93192174275845,2.1943951023359087,2.0943951023931535,0.0024844860017765313,0.0,0.0,0.0,0.0,0.0,0.0,0.0,0.0,0.0,0.0,0.0,0.0,1.720880971724893,2.090328533526965
10.849575519561768,0.06606147250429906,0.20846948808690843,1.0899785733362835,-0.9066374117502884,-0.15052350305914947,0.15593955366017062,-0.36198637301120246,0.4474903415504894,0.05453981557489325,-0.20669768026704768,1.558799672891679,-1.602772603455822,2.4331185542193943,0.0,0.0,1.0,29.999999999980037,1.4409103085274964,20.290106571655112,29.99999999999719,2.3913893087978977e-10,4.424771660183069e-11,1.4059620134787565e-10,17.5500401523656,1.1471975512454748,2.0943951023931575,0.0023912920150905848,0.0,0.0,0.0,0.0,0.0,0.0,0.0,0.0,0.0,0.0,0.0,0.0,1.750880971724893,2.0909094719364205
10.86025857925415,0.0704878706514363,0.20892372587879923,1.0878987456232252,-0.8997165796933425,-0.1587245764600533,0.1621474822916949,-0.37286026744472633,0.4426398147137252,0.0454237791890804,-0.20798277130582696,1.5851983503979024,-1.6079672662645565,2.4040077244311067,0.0,0.0,1.0,29.999999999873268,8.992695477161305e-11,29.999999999919076,29.999999999993165,1.875000001004129,1.6848935507814526,1.8750000024292266,25.601487077464505,2.1943951023269177,2.0943951023931153,0.0026514389901421964,0.0,0.0,0.0,0.0,0.0,0.0,0.0,0.0,0.0,0.0,0.0,0.0,1.720880971724893,2.091407419144526
10.869694232940674,0.07499894501527583,0.209366826185298,1.0860629868452685,-0.8926137698457258,-0.16667334519678395,0.167310400404547,-0.38401547338510184,0.45110743638395295,0.044310030649877895,-0.1835758777956775,1.6326262409873924,-1.3980697767633303,2.4432054914235737,0.0,0.0,1.0,29.999999999764682,1.5191612012258144,29.999999999937526,29.999999999988656,6.099052374253233e-10,1.416602390946764e-10,1.105207259044505e-09,20.13231944680686,1.1471975512683428,2.0943951023930856,0.0023530620092060417,0.0,0.0,0.0,0.0,0.0,0.0,0.0,0.0,0.0,0.0,0.0,0.0,1.750880971724893,2.091834231037182
10.880378007888794,0.0794925008436247,0.20972110513078127,1.0844135423277173,-0.8854507659774179,-0.1743886347299848,0.17159434441469498,-0.395121406749755,0.4493555828348877,0.03542789454832492,-0.16494445175512853,1.6588083892169152,-1.2268676278879609,2.4175386438026223,0.0,0.0,1.0,29.999999999953054,1.9303447729157597e-11,29.99999999999477,29.999999999998476,1.8749999901216898,1.7719900903188484,1.874999995913525,28.475673082354163,2.1943951023819,2.0943951023931784,0.0025594290054868907,0.0,0.0,0.0,0.0,0.0,0.0,0.0,0.0,0.0,0.0,0.0,0.0,1.720880971724893,2.092200069802311
10.890012502670288,0.08410251414262898,0.21014731994592747,1.0829577346861008,-0.8780264594248555,-0.18188113112855805,0.17505806843684849,-0.40662447462543,0.461001329900427,0.04262148151462029,-0.14558076416165422,1.7069169566680704,-1.0591186184024857,2.4875593222021104,0.0,0.0,1.0,29.999999999967653,1.6074436028535193,24.79684411458971,29.99999999999251,1.0163261343620889e-09,9.014367030601989e-11,3.3801050847159786e-10,23.045638750546868,1.147197551237902,2.0943951023931278,0.002482621988747269,0.0,0.0,0.0,0.0,0.0,0.0,0.0,0.0,0.0,0.0,0.0,0.0,1.750880971724893,2.092513645886721
10.89951491355896,0.08871121642747275,0.21058007452668356,1.081507368416002,-0.8703680716415678,-0.18939234509605193,0.17836656933636083,-0.41806139074199633,0.4608702284843769,0.0432754580756088,-0.1450366270098966,1.7290275768725798,-1.0439843055067297,2.4886781541172884,0.0,0.0,1.0,29.999999999627093,1.853961428821549e-11,29.99999999999512,29.99999999999856,1.8749999863410642,1.4775638590587654,1.8750000002092002,18.759607367282797,2.194395102383383,2.09439510239318,0.0025284869770985097,0.0,0.0,0.0,0.0,0.0,0.0,0.0,0.0,0.0,0.0,0.0,0.0,1.720880971724893,2.092782425387636
10.909859418869019,0.09326277520989223,0.21091973095119038,1.080185770865612,-0.8626970884217707,-0.19667482831111285,0.1810025159579471,-0.4293143775303657,0.4551558782419486,0.03396564245068125,-0.1321597550390034,1.7393582590119914,-0.9151946888011825,2.4403916136663044,0.0,0.0,1.0,29.999999999985917,1.8181818191287085,28.363398057749613,29.999999999998,3.079723143173396e-10,3.1018743129607174e-11,1.2951151262541316e-10,29.999999999988404,1.1471975512221642,2.0943951023931633,0.0022135020117275417,0.0,0.0,0.0,0.0,0.0,0.0,0.0,0.0,0.0,0.0,0.0,0.0,1.750880971724893,2.0930128078169994
10.920469999313354,0.09792930508595109,0.21141164609072857,1.0789768719357833,-0.854669901332552,-0.20382219305731744,0.18314395708466633,-0.4409695730511117,0.46665298760588514,0.049191513953818766,-0.1208898929828586,1.7870811641138071,-0.8153425720965225,2.525821074931039,0.0,0.0,1.0,23.809415318887076,1.0663581129222166e-10,29.999999999994753,29.999999999993197,1.6815442288437359,1.692455329379255,1.6815442416215771,25.8510256739583,2.194395102358051,2.094395102393125,0.0026193209923803806,0.0,0.0,0.0,0.0,0.0,0.0,0.0,0.0,0.0,0.0,0.0,0.0,1.720880971724893,2.093210278470737
10.930005073547363,0.10266426777502877,0.21205660901940784,1.0777749809126538,-0.8466034204054744,-0.21039203119452754,0.18404362499808302,-0.4529081428558728,0.47349626890776725,0.06449629286792638,-0.12018910231294569,1.8098601821027442,-0.5420226387390887,2.5482578571513677,0.0,0.0,1.0,29.99999999998889,1.8181818173504387,29.369297414733374,29.99999999999818,3.827536065870163e-10,2.4374502416435462e-11,1.0874345868217006e-10,29.999999999981668,1.1471975512096595,2.0943951023931753,0.002523231989471242,0.0,0.0,0.0,0.0,0.0,0.0,0.0,0.0,0.0,0.0,0.0,0.0,1.750880971724893,2.093379539031078
10.939995527267456,0.1074701440702494,0.2128324427384452,1.0767033484456843,-0.8382446734870305,-0.21676819326154717,0.1844548784310134,-0.46511699128686385,0.48058762952206285,0.07758337190373517,-0.10716324669694659,1.8435588214100842,-0.4411618880728984,2.607078835223306,0.0,0.0,1.0,28.87955061257536,4.0099035203411404e-11,29.999999999994234,29.99999999999618,1.8399859528497593,1.6749887948437119,1.839985960573251,25.274630156047294,2.194395102373732,2.0943951023931606,0.002826983982231468,0.0,0.0,0.0,0.0,0.0,0.0,0.0,0.0,0.0,0.0,0.0,0.0,1.720880971724893,2.0935246195113777
10.949674129486084,0.11226717706343875,0.213647357239538,1.0757198345691295,-0.829805357993409,-0.22282890105834638,0.18423769048137634,-0.47731208040929257,0.4797032993189354,0.08149145010928152,-0.09835138765547963,1.8521177845879204,-0.3100226672867733,2.596657298187796,0.0,0.0,1.0,29.999999999986056,1.818181818250144,29.99999999998261,29.999999999998213,1.7986856448715116e-10,2.1769031022245144e-11,1.508839719832622e-10,29.99999999998648,1.1471975512097647,2.0943951023931744,0.0027462069992907345,0.0,0.0,0.0,0.0,0.0,0.0,0.0,0.0,0.0,0.0,0.0,0.0,1.750880971724893,2.0936489742087754
10.959297180175781,0.11711226514724313,0.21459821284872743,1.074862269288632,-0.8211089363308111,-0.22864501724007905,0.1835075000597757,-0.4897209084680559,0.4845088083804374,0.09508556091894212,-0.0857565280497477,1.879834900148286,-0.20147880668603313,2.6428290277042685,0.0,0.0,1.0,29.999999998728125,3.133515669162534e-11,29.999999999997318,29.99999999999732,1.8749999990079396,1.8181818197457178,1.8750000070498776,29.999999999965507,2.194395102377886,2.0943951023931673,0.0023238360008690506,0.0,0.0,0.0,0.0,0.0,0.0,0.0,0.0,0.0,0.0,0.0,0.0,1.720880971724893,2.093755563949404
10.970083475112915,0.12198956823957867,0.21568165568203712,1.0741214158168564,-0.8121768533313085,-0.23419813231134728,0.18228035672235454,-0.502288627472194,0.4877303092335538,0.1083442833309691,-0.07408534717756061,1.9019290359675727,-0.09548751617474942,2.6789357277857793,0.0,0.0,1.0,29.99999999995505,1.818181820890792,29.999999999749104,29.9999999999958,1.3489438455138725e-09,5.110156742205163e-11,5.311444617461802e-10,29.999999999992745,1.1471975512513104,2.0943951023931104,0.002718937990721315,0.0,0.0,0.0,0.0,0.0,0.0,0.0,0.0,0.0,0.0,0.0,0.0,1.750880971724893,2.093846926584227
10.979478597640991,0.12688642859064464,0.21689968589881378,1.0734835521083423,-0.8030281065395894,-0.23947191127605327,0.18056256624625502,-0.5149720608807832,0.48968603510659814,0.12180302167766695,-0.0637863708513955,1.9202137176551364,0.009798460166775089,2.706702782824661,0.0,0.0,1.0,29.99999999857578,2.662381426432603e-11,29.999999999995286,29.999999999997666,1.8749999824329944,1.8181818177407107,1.8750000105362974,29.999999999993825,2.194395102372991,2.094395102393161,0.0025712789793033153,0.0,0.0,0.0,0.0,0.0,0.0,0.0,0.0,0.0,0.0,0.0,0.0,1.720880971724893,2.0939252374140676
10.98926854133606,0.1317911456627821,0.21825083053054817,1.0729425422987966,-0.7936773238548349,-0.2444484012371996,0.17836312424036793,-0.5277384585591789,0.4904717072137476,0.13511446317343867,-0.05410098095457093,1.9347494601865098,0.1144559002011119,2.7285064622311688,0.0,0.0,1.0,29.999999999937536,1.8181818209501022,29.999999999875754,29.999999999996042,1.1424365897738653e-09,4.739098002914943e-11,7.284137737428864e-10,29.999999999993854,1.1471975512605501,2.094395102393102,0.0024395279760938138,0.0,0.0,0.0,0.0,0.0,0.0,0.0,0.0,0.0,0.0,0.0,0.0,1.750880971724893,2.0939923609825093
11.000218629837036,0.13669372806685,0.21973795729590395,1.0724867617719454,-0.7841350628341348,-0.24911844021370022,0.17569394274640074,-0.5405588260881729,0.49025824040679183,0.14871267653557713,-0.045578052685117304,1.9469732755982374,0.21717839493914376,2.7452527480015285,0.0,0.0,1.0,26.01521323662143,5.807310188288284e-11,29.999999999990347,29.99999999999534,1.7504754040870654,1.8181818208920693,1.7504754420833715,29.999999999991807,2.1943951023323507,2.094395102393093,0.002930596994701773,0.0,0.0,0.0,0.0,0.0,0.0,0.0,0.0,0.0,0.0,0.0,0.0,1.720880971724893,2.0940498954697366
11.010807037353516,0.14159642800198363,0.2214503459720027,1.0720351280905276,-0.7744829023181726,-0.2531827154249194,0.17216862471464814,-0.5535636470097628,0.490269993513363,0.17123886760987403,-0.045163368141772756,1.9564913495947522,0.42227253809773707,2.7646954701974,0.0,0.0,1.0,29.99999999998643,1.8181818136761794,21.614557979333267,29.99999999999909,6.865985557880094e-10,1.0551115536827638e-11,1.4847367779680098e-10,29.999999999998685,1.147197551214658,2.0943951023931713,0.0035760949831455946,0.0,0.0,0.0,0.0,0.0,0.0,0.0,0.0,0.0,0.0,0.0,0.0,1.750880971724893,2.094099210744502
11.020223379135132,0.14645083303596176,0.22336909571386754,1.0714435960513504,-0.7644411581924196,-0.2574906212342376,0.16904093650208024,-0.5663510019628608,0.4854405033978124,0.19187497418648508,-0.05915320391772638,1.96244598331271,0.30927608091238834,2.785889796202866,0.0,0.0,1.0,18.715401514864233,1.938826876823896e-11,29.999999999996653,29.99999999999802,1.5223562877641121,1.6655950121448317,1.5223563014442094,24.964635364283488,2.194395102382728,2.094395102393177,0.0023983099963515997,0.0,0.0,0.0,0.0,0.0,0.0,0.0,0.0,0.0,0.0,0.0,0.0,1.720880971724893,2.094141480980026
11.030192375183105,0.15124914419796254,0.22550140739335792,1.0707294167301646,-0.7545979714147297,-0.26073259538690396,0.16455055116390477,-0.5792439307849822,0.4798311162000781,0.21323116794903801,-0.07141793211856975,1.9471740947251224,0.6505212130351328,2.7453995653862417,0.0,0.0,1.0,29.99999999998358,1.8181818177357676,22.269252658429156,29.999999999998888,0.38403386438021614,1.3425927036792018e-11,1.8933876688720375e-10,29.999999999997957,1.1471975512212198,2.094395102393165,0.002767864993074909,0.0,0.0,0.0,0.0,0.0,0.0,0.0,0.0,0.0,0.0,0.0,0.0,1.750880971724893,2.094177712610476
11.039673566818237,0.15598711610861823,0.22782030963286837,1.0699171184723988,-0.7443607626969301,-0.2642390438046471,0.16044001853331594,-0.59191535132946,0.47379719106556994,0.23189022395104622,-0.08122982577658895,1.9563406781687558,0.5380313435013924,2.768722204713793,0.0,0.0,1.0,15.724697657202784,6.94644342047468e-11,29.999999999989814,29.999999999995026,2.860903292045691e-09,1.8181818237306007,1.3855969149069738,29.999999999990674,2.194395102332241,2.0943951023930873,0.0024179290048778057,0.0,0.0,0.0,0.0,0.0,0.0,0.0,0.0,0.0,0.0,0.0,0.0,1.720880971724893,2.0942087682937176
11.050225734710693,0.16068693089593322,0.23050777392224014,1.068998572353549,-0.7341183754829339,-0.2665552966237988,0.15486422695285132,-0.6050087237638735,0.46998147873149737,0.2687464289371779,-0.09185461188499769,1.9664352904550493,0.9192211801751944,2.7929170917489503,0.0,0.0,1.0,29.999999999980655,1.8181818118551647,29.23112824516776,29.99999999999917,1.7948826729359748,9.378275933613622e-12,2.08578043725538e-10,29.99999999999885,1.1471975512155148,2.0943951023931713,0.0024330419837497175,0.0,0.0,0.0,0.0,0.0,0.0,0.0,0.0,0.0,0.0,0.0,0.0,1.750880971724893,2.0942353874507704
11.05979609489441,0.1653346371199389,0.23328054054797165,1.0681784283995577,-0.723656430543353,-0.2687250992801428,0.1491411519642266,-0.6179523511897277,0.4647706224005677,0.2772766625731518,-0.0820143953991293,1.9698220342298611,0.9437847449017699,2.7941828271583877,0.0,0.0,1.0,15.70372791718791,4.182587609591337e-11,29.999999999995516,29.99999999999619,1.8130186241194224e-10,1.8181818201751192,1.384961458965254,29.999999999894584,2.1943951023714665,2.094395102393158,0.0025088929978664964,0.0,0.0,0.0,0.0,0.0,0.0,0.0,0.0,0.0,0.0,0.0,0.0,1.720880971724893,2.0942582038711133
11.070564031600952,0.16990587832930432,0.236397332960459,1.0672454189955205,-0.7131462534772322,-0.2697813054923884,0.14218355973941013,-0.631208605532306,0.45712412093654253,0.3116792412487365,-0.09330094040370891,1.9731488661669656,1.2754732852179758,2.8122691269633906,0.0,0.0,1.0,29.99999999996434,1.8181818156103569,29.999999999974847,29.999999999998654,1.8181818192976062,1.4438450435250161e-11,5.052449569831197e-10,29.999999999997943,1.1471975512194117,2.0943951023931633,0.002689551009098068,0.0,0.0,0.0,0.0,0.0,0.0,0.0,0.0,0.0,0.0,0.0,0.0,1.750880971724893,2.094277760802834
11.080287218093872,0.174413200219262,0.23957569071943985,1.0664245794638212,-0.7024139560833486,-0.27074255251263074,0.13517137089772613,-0.6442373825290745,0.4507321889957685,0.3178357758980839,-0.08208395316992954,1.972013063035505,1.2766578922825151,2.8076189709732864,0.0,0.0,1.0,21.193828187704373,4.951816734433123e-11,29.99999999999188,29.999999999996465,4.723335056411315e-10,1.8181818220895234,1.5513281470630373,29.999999999994557,2.194395102333484,2.0943951023930962,0.002486176003003493,0.0,0.0,0.0,0.0,0.0,0.0,0.0,0.0,0.0,0.0,0.0,0.0,1.720880971724893,2.0942945238871666
11.089882850646973,0.1788221877455317,0.24300287717864663,1.0655441208515535,-0.6915424660682873,-0.2709778834990773,0.12743936958758234,-0.6573425373103967,0.44089875262697226,0.342718645920677,-0.08804586122676183,1.972387132602354,1.471698886069367,2.816938637790683,0.0,0.0,1.0,29.999999999974975,1.8181818134939571,29.99999999997397,29.999999999998916,1.8181818178596725,1.1831424728825368e-11,3.87203158425109e-10,29.999999999998472,1.147197551218704,2.094395102393165,0.002640241989865899,0.0,0.0,0.0,0.0,0.0,0.0,0.0,0.0,0.0,0.0,0.0,0.0,1.750880971724893,2.0943088922451567
11.099204778671265,0.18315476763980834,0.24649495723346518,1.0647554456198116,-0.6804326029796214,-0.2712061918294786,0.11975102028870274,-0.6701629409744635,0.433257989427664,0.34920800548185355,-0.07886752317418327,1.9713370530549101,1.4450745953673294,2.8114367888712377,0.0,0.0,1.0,22.418371281703628,3.728550801440633e-11,29.999999999991516,29.99999999999717,4.1851722087926646e-10,1.8181818212926386,1.5884355061871382,29.99999999999583,2.1943951023402315,2.0943951023931127,0.0022862449986860156,0.0,0.0,0.0,0.0,0.0,0.0,0.0,0.0,0.0,0.0,0.0,0.0,1.720880971724893,2.0943212079805864
11.110570669174194,0.18736812321439494,0.2502139601303021,1.0639034678600041,-0.6691450675446778,-0.2708497384925951,0.11153167993422948,-0.6829685074073097,0.4213355574586599,0.3719002896836957,-0.08519777598074198,1.972214826276057,1.590663993977109,2.818441173833899,0.0,0.0,1.0,29.999999999932548,1.8181818164735717,29.999999999990244,29.99999999999873,1.8181818168539514,1.2702727758551191e-11,1.97226743825496e-08,29.99999999999784,1.1471975512154178,2.09439510239317,0.0032434989989269525,0.0,0.0,0.0,0.0,0.0,0.0,0.0,0.0,0.0,0.0,0.0,0.0,1.750880971724893,2.094331764325233
11.12086796760559,0.1914935252237866,0.2540034723515169,1.063124072956614,-0.6576137988766616,-0.27055383865426164,0.10341483311864803,-0.6954495554729258,0.4125402009391663,0.3789512221214782,-0.07793949033901522,1.9722814415284426,1.5456564036290006,2.8125025699912216,0.0,0.0,1.0,18.975694828814838,2.298063961347907e-10,29.999999999974822,29.999999999978204,1.1634651020386855e-09,1.8181818296765115,1.4841123556028255,29.99999999982514,2.1943951022466894,2.0943951023929612,0.003326648991787806,0.0,0.0,0.0,0.0,0.0,0.0,0.0,0.0,0.0,0.0,0.0,0.0,1.720880971724893,2.0943408126206524
11.129252672195435,0.19545941719133142,0.25806897489971636,1.0622104079901085,-0.6459026573377963,-0.2695086565441711,0.09465173168850433,-0.7079660238882196,0.396589196754481,0.4065502548199457,-0.09136649665055788,1.9740926170195798,1.733083501745992,2.82271629279707,0.0,0.0,1.0,29.999999999890008,1.8181818025054588,29.99999999997935,29.999999999996835,1.8221322411122343,2.7954305537036817e-11,0.1303641245812026,29.999999999993946,1.1471975512372579,2.0943951023931415,0.002440319018205628,0.0,0.0,0.0,0.0,0.0,0.0,0.0,0.0,0.0,0.0,0.0,0.0,1.750880971724893,2.094348568302411
11.140551328659058,0.19932756881868285,0.26219996574686066,1.0613593368068668,-0.6339496034298949,-0.26861013460908045,0.08606557037551434,-0.7201036130254496,0.38681516273514294,0.41309908471442996,-0.08510711832416197,1.973849609265754,1.6644522795943928,2.8147829027387123,0.0,0.0,1.0,24.241795954987268,8.802802931029419e-11,29.99999999999048,29.999999999991005,4.95061325267443e-10,1.8181818225219208,4.715230768745133,29.99999999993383,2.1943951023312414,2.094395102393097,0.0030579659796785563,0.0,0.0,0.0,0.0,0.0,0.0,0.0,0.0,0.0,0.0,0.0,0.0,1.720880971724893,2.0943552160296584
11.149962663650513,0.20304721406535395,0.2665141650562055,1.0604531214593043,-0.6217843808880438,-0.2673286187382273,0.07718927470720827,-0.7320938526974238,0.37196452466710905,0.4314199309344869,-0.09062153475625633,1.9759395688933417,1.744836516898928,2.8176667486086906,0.0,0.0,1.0,29.999999999934538,1.818181813579062,29.999999999991637,29.99999999999777,2.241608508548285,1.7901236049056024e-11,13.973080867313305,29.999999999994657,1.1471975512195518,2.0943951023931637,0.002437218005070463,0.0,0.0,0.0,0.0,0.0,0.0,0.0,0.0,0.0,0.0,0.0,0.0,1.750880971724893,2.094360914081578
11.159414052963257,0.2066837868780692,0.27088153626484424,1.0596884608315844,-0.609392709916538,-0.2659237438303814,0.0682510547804889,-0.7438191185289342,0.36365728127152686,0.4367371208638742,-0.07646606277197586,1.9776828422986066,1.7529371169537429,2.8164655632711755,0.0,0.0,1.0,29.999999999988496,3.4430236439675355e-11,29.999999999994504,29.999999999996444,2.324608791089965,1.818181819621138,29.99999999997256,29.999999999976534,2.194395102367703,2.0943951023931557,0.002309711999259889,0.0,0.0,0.0,0.0,0.0,0.0,0.0,0.0,0.0,0.0,0.0,0.0,1.720880971724893,2.0943657981260904
11.169858932495117,0.21032604234693777,0.27524671818856383,1.0593935125193326,-0.5967776067441262,-0.26331979863426147,0.0584188029760302,-0.7557158296574256,0.36422554688685527,0.43651819237195916,-0.029494831225189422,1.9787753206093939,2.046375965648095,2.8394346012570657,0.0,0.0,1.0,29.999999999957332,1.8181818174034414,29.99999999998784,29.999999999997513,2.9305136095558737e-10,1.9566792630598684e-11,21.90905791122164,29.999999999994756,1.1471975512269996,2.094395102393157,0.0022745230235159397,0.0,0.0,0.0,0.0,0.0,0.0,0.0,0.0,0.0,0.0,0.0,0.0,1.750880971724893,2.094369984449957
11.178961038589478,0.2138906201310801,0.2796697381346673,1.0593067714177902,-0.5839205405003876,-0.26033247365949846,0.04837925398862474,-0.7674133523229603,0.35645777841423276,0.4423019946103431,-0.008674110154241809,1.9747661159606142,2.115753568311512,2.8457977435113477,0.0,0.0,1.0,29.99999999995414,1.4674172987838574e-10,29.999999999983878,29.99999999998641,2.727272731139433,1.8181818241868748,29.999999999961048,29.999999999882053,2.194395102294698,2.0943951023930443,0.002116973017109558,0.0,0.0,0.0,0.0,0.0,0.0,0.0,0.0,0.0,0.0,0.0,0.0,1.720880971724893,2.094373572727557
