time,px,py,pz,qw,qx,qy,qz,vx,vy,vz,wx,wy,wz,goal_x,goal_y,goal_z,u1,u2,u3,u4,u5,u6,u7,u8,u9,u10
0.0,0.0,0.0,0.2013,1.0,0.0,0.0,0.0,0.0,0.0,0.0,0.0,0.0,0.0,0.0,0.0,1.0,5.709259371485838,5.709259371485838,5.709259371485838,5.709259371485838,5.709259371485838,5.709259371485838,5.709259371485838,5.709259371485838,-0.1,0.0
0.0013554096221923828,2.0426500406676466e-06,2.510606247721433e-07,0.20147237448716807,0.9999999994954557,-3.8779288564408716e-06,3.152855571793638e-05,-1.813046874808712e-08,-0.002603588652857582,2.8352327489520506e-05,0.03634085459447695,-0.0009542442407731919,-0.08198951914372611,0.0006301910982607691,0.0,0.0,1.0,10.050924948350676,10.049075051649323,10.050924948350678,10.049075051649323,10.049075051649321,10.050924948350678,10.049075051649323,10.050924948350678,-0.1,0.0
0.01090550422668457,2.459017346083709e-05,3.8455083425452736e-07,0.20386758892101717,0.9999999863156421,-5.923720885021455e-06,-0.00016442425609039673,1.7271050353929964e-05,0.009747139171039976,0.00015134601129626404,0.3946063575855752,-0.004574868383768524,-0.03670261713022292,0.003431350970116096,0.0,0.0,1.0,10.051954761016257,10.048045238983745,10.051954761016257,10.048045238983745,10.048045238983745,10.051954761016257,10.048045238983745,10.051954761016257,-0.1,0.0
0.020068883895874023,0.00020887069318292938,2.6839063098739705e-06,0.20937242752106575,0.9999999596363635,-3.966197232704508e-05,-0.0002782293528611303,4.1744775949335824e-05,0.028834199366205293,0.0003109125282595151,0.7062642566080195,-0.008832553306744349,-0.017322070236982026,0.0068095154785552565,0.0,0.0,1.0,10.053602898297667,10.046397101702212,9.893662245902174,10.046397100702238,10.046397101702098,10.05360289829778,9.886571084807946,10.05360289729709,-0.1,0.0
0.030666589736938477,0.000617216931962785,6.686338170810339e-06,0.2179673523504961,0.9999999086275185,-9.355943429147495e-05,-0.0004079193991630614,8.71398335279086e-05,0.054289376423425406,0.000494966693202615,1.0131468412898577,-0.012639529647392454,-0.028388861120853585,0.01170269222176247,0.0,0.0,1.0,9.56881731663596,9.348660770396721,9.055231157028791,9.305473147412833,9.556549613201703,9.360661607778475,9.043621896794516,9.317418545020585,-0.1,0.0
0.04002261161804199,0.0012726891208261967,1.1133555711864837e-05,0.22927289773673742,0.9999996816106784,-0.0001425239526851996,-0.0007696171163967498,0.00015541865692470717,0.07881650082855168,0.00043474430814087055,1.2567986679324434,-0.008000829330561263,-0.1000008291696477,0.016143750583616938,0.0,0.0,1.0,7.5309390278613995,7.199164725475978,6.866512606107489,7.15558871721033,7.512486654179442,7.216847509330048,6.849688215944322,7.173164468489822,-0.1,0.0
0.05065584182739258,0.002119061325992719,1.5225851768637582e-05,0.24215415315041747,0.9999988807303246,-0.0001743499638619257,-0.0014662206853708938,0.00024153072263179078,0.0933892026914079,0.0003928175518239906,1.3429892973746103,-0.004604564273944713,-0.16835295453628485,0.018876026497852305,0.0,0.0,1.0,6.614959975367395,6.26172811965427,5.95430765446988,6.225033938217157,6.586533986622729,6.28875231985015,5.92872063912912,6.251899774637695,-0.1,0.0
0.06020355224609375,0.0031115998546489155,1.906716638799454e-05,0.25579741158702185,0.9999968688959392,-0.00019143203752303292,-0.002471609567898289,0.0003416112360938379,0.10636751849101103,0.0003747176585368118,1.3939540161697321,-0.002061782468289142,-0.2250737468314722,0.021374896457348802,0.0,0.0,1.0,5.675249587748183,5.312934524205112,5.024687599784898,5.282830719861085,5.638167250693872,5.347877799211685,4.991856064134011,5.3175760015535785,-0.1,0.0
0.0706319808959961,0.004218037975797509,2.2765020340650025e-05,0.2697401630108001,0.9999928914650433,-0.0001973557396321806,-0.0037380353597146793,0.0004529478380159639,0.11601965356832583,0.00036409361322243676,1.4018679465378614,-0.000198669640718904,-0.2723031275371508,0.023308914594463992,0.0,0.0,1.0,5.536244136744839,5.248159434802724,5.054098153648248,5.228306996253647,5.492106038823662,5.290337020851097,5.013803998676222,5.270325035332158,-0.1,0.0
0.08041000366210938,0.00543205555900476,2.6504871245710792e-05,0.28381731032584745,0.9999863256633137,-0.00019546309697811913,-0.00519413003809891,0.000575581193552523,0.1270339409567492,0.0003800561700147996,1.4139814069798533,0.0010180172187576845,-0.3019208651336644,0.025686888010477412,0.0,0.0,1.0,4.9821386179976175,4.676311599225244,4.47072092298406,4.661115518207145,4.9326495928013,4.723228798228723,4.42631195780513,4.707880255694304,-0.1,0.0
0.09108734130859375,0.006739979368562139,3.0371925196370028e-05,0.29786778481833626,0.9999765451979468,-0.0001880689731144658,-0.006809638094197772,0.0007088815603023799,0.135243615494053,0.0003931788448668769,1.3999054530649606,0.0019320854354641045,-0.3333355977776804,0.02764590542838675,0.0,0.0,1.0,5.059583979334362,4.830462967096854,4.714970656685418,4.822058605508502,5.006510449385444,4.881670234822185,4.66551201791631,4.8731767794147025,-0.1,0.0
0.10148358345031738,0.008140885024945478,3.4469720063702754e-05,0.3118554926109592,0.9999631661414192,-0.00017682798660995875,-0.008538499426130322,0.000853885145701543,0.14498594766291903,0.0004239660534198389,1.396650078467481,0.0025349617822908017,-0.34935439703739823,0.030201766786163386,0.0,0.0,1.0,4.666759985135375,4.404086198149652,4.261476284459436,4.399075420747547,4.607725063834977,4.460512065254566,4.207568237360828,4.455437088959192,-0.1,0.0
0.11036372184753418,0.009624045969210319,3.883927547293637e-05,0.3256955775270794,0.9999457028931593,-0.0001630877013263151,-0.01037033402332245,0.0010103663457343738,0.152161491407707,0.0004503748576433664,1.3740175141358866,0.002918642929778147,-0.371789951519407,0.032346373285274295,0.0,0.0,1.0,4.806836456999158,4.615021970020939,4.555216421296697,4.614029776125175,4.745081455600406,4.675084308440344,4.496694064860129,4.6740792016081025,-0.1,0.0
0.12035441398620605,0.011187254339931452,4.353816036608983e-05,0.3393879078282041,0.9999239416086281,-0.00014774065512775236,-0.012275905156559555,0.0011795436200343283,0.16046338399416382,0.0004877630670282965,1.3631813609671637,0.003187143320066586,-0.3818054121755402,0.035160103970184466,0.0,0.0,1.0,4.497928827117438,4.271983104183817,4.187213732160745,4.273719889919061,4.429028407205628,4.338440440347106,4.123072925248231,4.340204244483555,-0.1,0.0
0.13091158866882324,0.0128205135788014,4.858535844815823e-05,0.35287787677022864,0.9998975052996073,-0.00013170412841169462,-0.014251615071278723,0.0013612558557543502,0.16646079843971187,0.0005220341611327443,1.3368773332718633,0.0032206419619211844,-0.40134127885480075,0.03744783895435831,0.0,0.0,1.0,4.649571360767452,4.502998776608452,4.505507329863491,4.50657143017097,4.578876950646271,4.572521684893594,4.437003341373511,4.576149497535269,-0.1,0.0
0.14014863967895508,0.014520864524807464,5.402124769128561e-05,0.3661808796005061,0.9998663766218664,-0.00011561118274931145,-0.01627248682372336,0.0015561836931556887,0.17341914881795095,0.0005645861841982363,1.3223687555621249,0.0032136810822224397,-0.40529793851943935,0.04025459195140622,0.0,0.0,1.0,4.401056876130114,4.217402993467697,4.194868754783189,4.222797736800879,4.322290658967222,4.294257815657346,4.119792709958334,4.2997508687893005,-0.1,0.0
0.1507861614227295,0.016279931359224762,5.98617310263209e-05,0.3792589217729782,0.9998303466781009,-0.000100248255088155,-0.018334619281663935,0.0017633909472866173,0.1785037896782815,0.0006043602963589002,1.2949261385013868,0.0029997735718138804,-0.4166355883956772,0.04248536560496197,0.0,0.0,1.0,4.55792645390398,4.439962227129304,4.485477364053667,4.445824147953228,4.4797771873248395,4.517416925695787,4.408570294621274,4.523381107144285,-0.1,0.0
0.16044878959655762,0.01809457697850018,6.614110095500538e-05,0.3921320329027232,0.9997896612531803,-8.614997892012713e-05,-0.02041308066818824,0.001982918825086284,0.18421513767505504,0.000651158472818282,1.2784062162246594,0.0027619087466706,-0.41530179673093187,0.04506844255516985,0.0,0.0,1.0,4.319309566342273,4.155638075088553,4.173433602633894,4.162166625537725,4.230577429468577,4.242798433839537,4.087698214610806,4.2494639141148856,-0.1,0.0
0.17066550254821777,0.019956618209770127,7.285529919815245e-05,0.40476202157985813,0.9997441436755813,-7.378345946625205e-05,-0.02251094955098514,0.002213344233029216,0.1882459278646148,0.00069279847898053,1.2492413494256929,0.002395181727261308,-0.4223705449144265,0.04699289294297034,0.0,0.0,1.0,4.451994840402867,4.341250626433661,4.389735494157154,4.347999517653955,4.3760595678984755,4.416581879176732,4.3148621457098635,4.423447880067489,-0.1,0.0
0.18007111549377441,0.02186125472209464,8.00219176926427e-05,0.4171587029041226,0.9996939209095608,-6.3507556281153e-05,-0.024617777664986962,0.002454686557852673,0.19250975432865433,0.000740224765241526,1.2290708097055894,0.002005820232267998,-0.4212513606808992,0.04932489513274195,0.0,0.0,1.0,4.339417772182074,4.188560854398424,4.242434317081769,4.194242619164482,4.238893431782614,4.287891569805045,4.144156637032949,4.293708076258907,-0.1,0.0
0.19077563285827637,0.02380263054363893,8.762994117251847e-05,0.42931081480694744,0.9996389451283899,-5.541454128882374e-05,-0.026733053551929738,0.0027055793499865207,0.19573053625721232,0.0007824229024952652,1.2021875858238222,0.001605758150944588,-0.42448952584619337,0.05097675734052364,0.0,0.0,1.0,4.439497907433478,4.378798924474919,4.472945448106876,4.384437804945362,4.365112246080367,4.453417819835934,4.3979993590915605,4.459152792188886,-0.1,0.0
0.19997000694274902,0.02577789071591323,9.56937230715717e-05,0.4412441845896189,0.9995799621800847,-4.9596951804388774e-05,-0.028828751602703248,0.002966450611944947,0.1991390325019736,0.0008300522201033574,1.183461773510492,0.0012216598728250567,-0.41569645793366566,0.05318886796479418,0.0,0.0,1.0,4.335968305613755,4.18766633205972,4.264589027531846,4.192106220226013,4.224567427799152,4.298094136411075,4.1550220455567946,4.302651103413861,-0.1,0.0
0.21092438697814941,0.02778034162575682,0.00010419422165142253,0.45293963351966243,0.9995167392131811,-4.6068252167524526e-05,-0.030916286608339016,0.0032356039185619397,0.2013373135039142,0.00087128528832538,1.1566559020593066,0.000802649713652639,-0.4183004335180056,0.054506232052832504,0.0,0.0,1.0,4.44850774273365,4.3947649848139925,4.5088570464720865,4.3982383532958655,4.3667487910824,4.477048485675271,4.425988937302881,4.480586886285018,-0.1,0.0
0.22045636177062988,0.02980629475503609,0.00011313401285247248,0.4644226392417118,0.9994499653466034,-4.47110640258967e-05,-0.032976073898501976,0.003513306111870386,0.2036828908645328,0.0009165851680775274,1.1388273691077848,0.0004796734950573928,-0.4077447158201072,0.05645043497830863,0.0,0.0,1.0,4.368173990964503,4.228773853246179,4.329515757800309,4.231469459951432,4.248901416507423,4.347481418998093,4.211298742714947,4.350252695134087,-0.1,0.0
0.23078513145446777,0.03184975341884003,0.00012249724992145552,0.4756814283964471,0.9993794666502698,-4.549561799847939e-05,-0.035017915780998395,0.0037980445399236266,0.20497695959709597,0.0009570999726368499,1.1138136304762414,8.543147078623141e-05,-0.40818767527719313,0.057537720286212374,0.0,0.0,1.0,4.478863098087768,4.441182117345913,4.585439611000662,4.442501128224642,4.3894152125950825,4.531684913332181,4.493863273819575,4.533030803129474,-0.1,0.0
0.23974823951721191,0.03390719399629973,0.00013229009784881843,0.48674598575690853,0.9993062492102323,-4.827012181213245e-05,-0.037017412660914135,0.004090124602671522,0.20635034106622283,0.0010013969838457606,1.097933685002503,-0.00017333255514976817,-0.39407507776646145,0.05923660924598845,0.0,0.0,1.0,4.409452253431397,4.3050402584082565,4.434322398634403,4.3060979156992545,4.293846365061159,4.4209475269105925,4.318064471175217,4.422033660164706,-0.1,0.0
0.2501099109649658,0.03597330566091164,0.0001425039748355502,0.4976106918662224,0.9992304150539459,-5.3025296883472194e-05,-0.03897839413388298,0.004388577238890309,0.20682308032180052,0.001042258551846233,1.0757543280756714,-0.0005213850131391333,-0.3898140688701062,0.060274486335087286,0.0,0.0,1.0,4.520754195994395,4.502235235729627,4.70216432007219,4.501239107236341,4.413343099634777,4.611809771817391,4.590443000357541,4.610789399740236,-0.1,0.0
0.2604329586029053,0.03804469083063716,0.00015314969927166615,0.5083079239275948,0.999153434037962,-5.959089869163492e-05,-0.040870369272806274,0.004693038949204689,0.20730406426975925,0.0010868457935710337,1.0625309365151003,-0.0007120328925495215,-0.3697379870835641,0.06156355981013169,0.0,0.0,1.0,4.4718779218954685,4.38093496309074,4.573769517038166,4.379157915573436,4.332100019880861,4.522288554926809,4.430806780005536,4.52045416986591,-0.1,0.0
0.27053046226501465,0.04011632835551653,0.00016421423758633668,0.5188357065814915,0.9990756227620392,-6.781316373151845e-05,-0.0426951590740674,0.005001879212828756,0.2069688001812999,0.001127132449353705,1.0436747043599217,-0.0009603768419087348,-0.3597442789069952,0.06217183090863681,0.0,0.0,1.0,4.508957655923534,4.482635382477899,4.6619099332653064,4.4788807454557835,4.406632944931441,4.586724916534183,4.556114176685988,4.582883094545003,-0.1,0.0
0.281170129776001,0.04218313145804589,0.00017567308956555698,0.5292013781852924,0.9989974451077852,-7.726309010021567e-05,-0.044450455089222025,0.0053156129369086565,0.2062952401279628,0.0011654272084785826,1.0289684452530543,-0.0010111811868549255,-0.343793761496818,0.06337839481272627,0.0,0.0,1.0,0.0,0.07606768453489951,0.6964942195944109,0.0,0.0,0.07606768453489951,0.6964942195944109,0.0,1.669190852814279,1.5708091471857213
0.2894434928894043,0.04424790372393382,0.00018717572150081825,0.53885967697888,0.9989171157258394,-8.651281918518888e-05,-0.046183088268745544,0.005631232854770029,0.20631605887363177,0.0011426621548308554,0.9165820251198259,-0.0008045879374859256,-0.3506261466743084,0.06319438656417496,0.0,0.0,1.0,0.0,0.12545648421833389,5.170310119402476,0.0,0.0,0.12545648421833389,5.170310119402476,0.0,1.6693559664961866,1.5706440335038137
0.2998008728027344,0.04631532323172918,0.00019859451559744564,0.5475537004341684,0.9988373202629416,-9.523330181596308e-05,-0.047839669617588225,0.005946813553936664,0.2068317801197543,0.0011369303122619914,0.8217157406473626,-0.0005829558135496674,-0.32455394590392694,0.06318883532232429,0.0,0.0,1.0,0.0,0.15717378663769446,11.152951979806033,0.0,0.0,0.15717378663769446,11.152951979806033,0.0,1.6695331556041728,1.5704668443958274
0.3093602657318115,0.048400848636707024,0.00021015176626375167,0.5553698772339165,0.998776148019101,-0.0001049973478581893,-0.04906096270010571,0.00626235280258894,0.20963361399494768,0.0011662570992653988,0.7396276202651041,-0.00020493763135155164,-0.18988612973333724,0.06317194004899453,0.0,0.0,1.0,0.0,0.17622814243253312,15.435301319870689,0.0,0.0,0.17622814243253312,15.435301319870689,0.0,1.669835529162405,1.5701644708375952
0.31963515281677246,0.05052665779608489,0.00022223060576206737,0.5624346731526019,0.9987616779039092,-0.00011861875235261164,-0.04931358353149304,0.006577777697911878,0.21481387139523006,0.0012404989723827234,0.6711221677195318,0.00029257201552881934,0.05979608738096334,0.06314299623505919,0.0,0.0,1.0,0.0,0.18940698170024925,17.593607200541335,0.0,0.0,0.18940698170024925,17.593607200541335,0.0,1.6702335953943124,1.5697664046056878
0.3293623924255371,0.05271032182947753,0.00023521870774303715,0.5688476175566054,0.9988150009107942,-0.0001389223212471176,-0.048177393826420264,0.006892995013359945,0.22134661155066385,0.0013507067696676052,0.6100739115406254,0.0007836112007072254,0.3728036908186223,0.06310781358436078,0.0,0.0,1.0,0.0,0.20091091445053583,16.09929620070062,0.0,0.0,0.20091091445053583,16.09929620070062,0.0,1.6706265834646954,1.5693734165353048
0.34010934829711914,0.05495051757497409,0.0002492357045784901,0.5745972259825468,0.9989291993527684,-0.00016666884407986647,-0.04569980962120151,0.007207933304398251,0.22653388162505164,0.0014532424848545025,0.5407951512421877,0.0010450089698334612,0.6165557989954178,0.06308011034881841,0.0,0.0,1.0,0.0,0.21003111841232758,12.948725130133669,0.0,0.0,0.21003111841232758,12.948725130133669,0.0,1.6708359106817903,1.56916408931821
0.34975290298461914,0.05723206510014393,0.00026414882225448636,0.5795928614554122,0.9990782271219001,-0.00020067820642607164,-0.04226188420674677,0.007522563560072151,0.22976650398065548,0.0015319614213581824,0.4600657868736875,0.0010622583458578343,0.7637691401359704,0.06306257896932556,0.0,0.0,1.0,0.0,0.21621710811479883,10.08331226927729,0.0,0.0,0.21621710811479883,10.08331226927729,0.0,1.670849922634279,1.5691500773657212
0.35945749282836914,0.059540095425996725,0.000279777014417601,0.5837477565213194,0.9992382607513409,-0.00023945268514960957,-0.03822857826949196,0.007836881812394815,0.23174203604261723,0.0015939009528279505,0.3721555404858744,0.0009275993401730189,0.8504377729855738,0.06305120262014387,0.0,0.0,1.0,0.0,0.21960966636379914,8.290776660678473,0.0,0.0,0.21960966636379914,8.290776660678473,0.0,1.6707423809495991,1.569257619050401
0.3688960075378418,0.06186571987806573,0.00029600539861007096,0.5870107447587609,0.9993948296245758,-0.0002820512048352001,-0.033815056851320316,0.008150883199147444,0.23316096119437166,0.0016490752008074911,0.28105266459928546,0.0007162885877697034,0.9102606525426588,0.06304220362522538,0.0,0.0,1.0,4.772227829101328,0.2207164379578546,7.578262674228703,0.0,4.772227829101328,0.2207164379578546,7.578262674228703,0.0,1.670573475605394,1.5694265243946062
0.3792548179626465,0.06419936678329047,0.00031273723312095635,0.5893773991366033,0.9995380810340385,-0.0003278394028697143,-0.029186780746840724,0.008464568137523032,0.2334113555809151,0.001693965639542639,0.1920491562386995,0.00035990096555013585,0.9363194907422188,0.06303547686965916,0.0,0.0,1.0,11.181485219400885,0.21949539590977016,7.937521926649222,0.0,11.181485219400885,0.21949539590977016,7.937521926649222,0.0,1.6702884374878115,1.5697115625121887
0.3897721767425537,0.0665127313969187,0.0003297054453525923,0.5909335420260301,0.9996558507348575,-0.0003753607145455403,-0.02471812000552634,0.008778025933862614,0.22954189813469136,0.0016995567607238742,0.11713167319908409,-0.00046771527613337366,0.8564638856813925,0.06303595881770005,0.0,0.0,1.0,15.454323479600589,0.4148356621453486,10.115069680355813,0.0,15.454323479600589,0.4148356621453486,10.115069680355813,0.0,1.6696262509514095,1.5703737490485907
0.3992421627044678,0.06877328402564135,0.0003466146001008212,0.5918369246417017,0.9997419357583501,-0.00042264204562560977,-0.020814188112044846,0.00909136035395865,0.22276983758190355,0.00167966907605751,0.060640903381427816,-0.0015455784414238026,0.7067456793972101,0.06301347821150255,0.0,0.0,1.0,18.302882319733726,0.5580416496495899,14.10434638410323,0.0,18.302882319733726,0.5580416496495899,14.10434638410323,0.0,1.668763651303489,1.5712363486965113
0.40975522994995117,0.07096714973368046,0.0003634684393811042,0.5922936797899236,0.9998008257315364,-0.00046910747063781666,-0.01759668232440977,0.009404550807670714,0.21588383950850962,0.001682265277818983,0.027055110883530305,-0.002671235357999505,0.5711269869210963,0.06295496168096788,0.0,0.0,1.0,20.20192154648915,0.6667300430145413,17.40289758940215,0.0,20.20192154648915,0.6667300430145413,17.40289758940215,0.0,1.6678625915231566,1.5721374084768436
0.4191443920135498,0.0730971311434712,0.0003805441925479155,0.5925132168742496,0.9998407151882946,-0.0005155717241689135,-0.014961607362620753,0.009717445275599557,0.20990062455586625,0.0017233141944592572,0.013494891405659837,-0.0037633955693771896,0.471371611429236,0.06285627184107069,0.0,0.0,1.0,21.467947697659433,0.7521833906382611,19.6019317262681,0.0,21.467947697659433,0.7521833906382611,19.6019317262681,0.0,1.6669881106749407,1.5730118893250595
0.429706335067749,0.07517158378842026,0.0003981944312037863,0.5926659409112969,0.9998680909460075,-0.0005630964346958955,-0.012762680240416789,0.01002983666237371,0.2048298328770307,0.0017997553295649696,0.014505688423893343,-0.004808702425372308,0.3992369237512664,0.06271736369731377,0.0,0.0,1.0,22.311965131772954,0.8218415600303741,21.06795448417873,0.0,22.311965131772954,0.8218415600303741,21.06795448417873,0.0,1.6661509034496595,1.5738490965503407
0.43901729583740234,0.07719928814769769,0.0004167568552415694,0.5928770169472101,0.9998871623355402,-0.0006125265603049453,-0.010878449812736439,0.010341505570630957,0.20060841780670613,0.0019083422012170952,0.025877193704268733,-0.005802004748487973,0.348075377990372,0.06253826996145165,0.0,0.0,1.0,22.87464342118197,0.8806285590763577,22.045302989452487,0.0,22.87464342118197,0.8806285590763577,22.045302989452487,0.0,1.6653551011902172,1.574644898809783
0.44977664947509766,0.0791882538500336,0.0004365386343188187,0.5932350326401562,0.9999005595618241,-0.0006644591220862206,-0.009217344914210246,0.010652231445117786,0.1971292431668619,0.0020457948071577817,0.04444371191067184,-0.006743633754513426,0.3120412732014738,0.06231898943286969,0.0,0.0,1.0,23.249762280787976,0.9318221124900624,22.69686865963499,0.0,23.249762280787976,0.9318221124900624,22.69686865963499,0.0,1.664600449258646,1.5753995507413543
0.459320068359375,0.08114544108433094,0.000457817707847214,0.5938013379614594,0.9999099067351892,-0.0007192779026016525,-0.007713629145822693,0.010961796272794968,0.19428722957855304,0.0022094909270794364,0.06793536252504442,-0.007636009762416003,0.28660583154261066,0.0620593522534011,0.0,0.0,1.0,23.499841520525315,0.9776143595943783,21.250837933984453,0.0,23.499841520525315,0.9776143595943783,21.250837933984453,0.0,1.6638850212503715,1.5761149787496287
0.4699122905731201,0.08306000206855675,0.0004803941781586233,0.5945546061616006,0.9999144424377262,-0.0007746182549928252,-0.006594709740890827,0.011270207382530012,0.18902218753666197,0.0023169914397936494,0.08369967366615769,-0.008623265129485122,0.17278315537991953,0.06176788381655288,0.0,0.0,1.0,23.66656101368354,1.0202818944338419,21.38377968368699,0.0,23.66656101368354,1.0202818944338419,21.38377968368699,0.0,1.6630934923036902,1.57690650769631
0.47942185401916504,0.08492622292289055,0.0005041876042684801,0.5954857614603897,0.999914686468417,-0.0008288065003761588,-0.005991359415713517,0.01157741235793323,0.1842469809218143,0.002442893184298478,0.10227588509134401,-0.009521126379429201,0.06867552239101027,0.061434499711406125,0.0,0.0,1.0,23.77770734245569,1.0603096492528932,22.255853122457992,0.0,23.77770734245569,1.0603096492528932,22.255853122457992,0.0,1.662373299078459,1.5776267009215412
0.4890868663787842,0.08675192705916077,0.0005294778820587259,0.5966330473124102,0.9999121822306218,-0.0008823491439231098,-0.005800004558412888,0.01188314915786336,0.180734561453086,0.002611607763979334,0.1263601177008732,-0.010288383682752185,0.0024275819720089298,0.06105577857132885,0.0,0.0,1.0,23.85180489497046,1.0977811150769525,22.837235414971992,0.0,23.85180489497046,1.0977811150769525,22.837235414971992,0.0,1.661757435559064,1.5782425644409361
0.49956321716308594,0.08854553792281472,0.0005565913958880294,0.5980355512621853,0.9999079318736867,-0.0009361151070186672,-0.00589286011515882,0.012187110578712712,0.17786943491278612,0.0028092803634435417,0.15357514790809976,-0.010966278287960488,-0.04325326440925553,0.060632743477688204,0.0,0.0,1.0,22.727798978163573,1.1329735120761204,23.22482360998133,0.0,22.727798978163573,1.1329735120761204,23.22482360998133,0.0,1.66121292661924,1.5787870733807603
0.5090978145599365,0.0903244969015575,0.0005859628483868882,0.5996780025000089,0.999903506544983,-0.0009921355106681615,-0.00600186553617683,0.012488830059830635,0.17754569564961545,0.0030607897669946136,0.17557734591235638,-0.011313647629053666,-0.011794016449489037,0.06015985017272776,0.0,0.0,1.0,21.721887741380655,1.1647090217852483,22.39552623799131,0.0,21.721887741380655,1.1647090217852483,22.39552623799131,0.0,1.6609327684168396,1.5790672315831606
0.5203914642333984,0.09209864306222505,0.0006177417297405386,0.601484205809155,0.9998997481883881,-0.0010511396536385898,-0.005988066767485919,0.012787952714044834,0.17722651109368018,0.0033004569452118404,0.1872343316959653,-0.011535228303592179,0.01628266594578561,0.059645450974292996,0.0,0.0,1.0,21.06643975613944,1.193337256013923,21.077876801263404,0.0,21.06643975613944,1.193337256013923,21.077876801263404,0.0,1.660753196831548,1.5792468031684521
0.5306546688079834,0.09386372951638253,0.0006517173881382232,0.6033578214782923,0.9998961643084371,-0.0011117188097346247,-0.0059349916017055,0.013084363081642209,0.1759218410041871,0.003504572499212701,0.18910947814568044,-0.01173142367009557,0.00985620171120968,0.059093710625920136,0.0,0.0,1.0,20.468545843984757,1.219652855546468,20.217006247518675,0.0,20.468545843984757,1.219652855546468,20.217006247518675,0.0,1.6605938942536114,1.5794061057463888
0.5393822193145752,0.09561549968587406,0.0006876996239815988,0.6052204617109728,0.99989226997694,-0.0011725173662563307,-0.005924850120842665,0.013377959277671592,0.17447260703002548,0.0036982496192996604,0.18456619824486362,-0.011855854865897518,-0.0039128371027744285,0.05850315944683236,0.0,0.0,1.0,20.00710353111969,1.2439261068857634,19.96272816917559,0.0,20.00710353111969,1.2439261068857634,19.96272816917559,0.0,1.6604919781259966,1.5795080218740036
0.5498545169830322,0.09735531124549461,0.0007256996088346177,0.6070271242155744,0.999888136278424,-0.0012332817023623238,-0.005946849855947724,0.013668537694095274,0.17343745498632585,0.003904178969377111,0.1773163304003205,-0.011898561062789022,-0.006122667621398592,0.05787306398393613,0.0,0.0,1.0,19.88251982457519,1.2662761650691032,20.03765173931335,0.0,19.88251982457519,1.2662761650691032,20.03765173931335,0.0,1.660455433456271,1.5795445665437293
0.5593733787536621,0.09908597948037143,0.0007658529906573974,0.6087652764914123,0.9998840071832082,-0.0012942941509716435,-0.005960787126802734,0.013955858939212735,0.17265347779814896,0.00412768560825406,0.17035143778622755,-0.01191272985038421,-0.000583749443057102,0.05720486772813393,0.0,0.0,1.0,20.08248293202647,1.2870729514925525,20.216762156819858,0.0,20.08248293202647,1.2870729514925525,20.216762156819858,0.0,1.6604417158802245,1.5795582841197757
0.5699055194854736,0.1008080928562941,0.0008083157656011039,0.6104457570147074,0.9998799498625239,-0.0013556998283702569,-0.005956358920530828,0.014239723638575803,0.17177675708000628,0.004366333991178394,0.16545403011211038,-0.011953503186966518,0.002673911165024225,0.05650045460754088,0.0,0.0,1.0,20.40372568734586,1.3068666910229263,20.433606604371224,0.0,20.40372568734586,1.3068666910229263,20.433606604371224,0.0,1.6604067065103214,1.5795932934896788
0.5793747901916504,0.10252045363880011,0.00085324073434968,0.6120910146541494,0.9998758776423571,-0.0014174423813894438,-0.005949000018559164,0.014519971239720458,0.17072231781532987,0.004620208550683604,0.16318041689181287,-0.012035927605161766,0.0011548903507952826,0.05576064776038468,0.0,0.0,1.0,20.658339172016635,1.326105633964341,20.66081367339111,0.0,20.658339172016635,1.326105633964341,20.66081367339111,0.0,1.6603383597902441,1.579661640209756
0.5889906883239746,0.10422215296425295,0.0009007960130766387,0.6137244626739743,0.9998717308017863,-0.001479517148969516,-0.00594965383532263,0.01479643847982028,0.16962772764589862,0.004892078892396264,0.1631310066465328,-0.012143531628356916,-0.0010326245899014116,0.054985314740616735,0.0,0.0,1.0,20.790122892673455,1.344993725169504,20.835093048910228,0.0,20.790122892673455,1.344993725169504,20.835093048910228,0.0,1.6602498478653622,1.579750152134638
0.5995500087738037,0.10591329682869646,0.0009511607532007169,0.6153633112485004,0.9998675369254709,-0.0015420539909350255,-0.005954633690958891,0.01506894189015175,0.16859438547117056,0.005182132199637051,0.16439596579148497,-0.012258656265728763,-0.0010473773712897506,0.05417429604069608,0.0,0.0,1.0,20.829070489913658,1.3635644307588755,20.902783209713572,0.0,20.829070489913658,1.3635644307588755,20.902783209713572,0.0,1.6601552964242117,1.5798447035757885
0.6091780662536621,0.1075942859537712,0.0010044958355823364,0.6170157756754389,0.9998633417299095,-0.0016051772405133325,-0.00595723900411269,0.015337293573963457,0.16759777067076018,0.0054867635271206696,0.1660111955985957,-0.012375198438667905,1.227617866457237e-05,0.05332781826459044,0.0,0.0,1.0,20.809775601831877,1.3818019359034803,20.873215182561424,0.0,20.809775601831877,1.3818019359034803,20.873215182561424,0.0,1.6600595876461726,1.5799404123538277
0.6200473308563232,0.10926521635009315,0.0010609280427810418,0.6186819939918644,0.9998591542501533,-0.0016688998946555033,-0.005956959528969494,0.015601316241945804,0.166589601472383,0.005802230444863126,0.16727009797838527,-0.012491576066265971,0.00037804866703234724,0.05244624067389142,0.0,0.0,1.0,20.75274102197195,1.3996832806181414,20.799170656313997,0.0,20.75274102197195,1.3996832806181414,20.799170656313997,0.0,1.659963987228881,1.5800360127711193
0.6298294067382812,0.11092601841720898,0.001120561684311155,0.6203570334155469,0.9998549625172962,-0.001733166782368442,-0.005956829369238186,0.015860840025293386,0.16557270535766586,0.0061273308759978145,0.16784049988175861,-0.01260498150787766,3.459207699533064e-06,0.051529834331337496,0.0,0.0,1.0,20.68143583371241,1.417174140967617,20.726930758868242,0.0,20.68143583371241,1.417174140967617,20.726930758868242,0.0,1.65987074187929,1.5801292581207103
0.639345645904541,0.1125767576337132,0.0011834982574320055,0.6220342770310432,0.9998507651813128,-0.001797938510223289,-0.005958120146173077,0.016115693834958648,0.16457337647444595,0.006462760718823976,0.16772052215317473,-0.012713899334410259,-0.00029400551500399384,0.05057886923339941,0.0,0.0,1.0,20.6230506052773,1.4342397030562268,20.67618595328523,0.0,20.6230506052773,1.4342397030562268,20.67618595328523,0.0,1.659781064838197,1.5802189351618032
0.6490268707275391,0.11421763285478939,0.0012498466137367188,0.6237080132928323,0.999846574433706,-0.001863215027726559,-0.005959844201806145,0.016365704385572732,0.16359839220861633,0.006809543511909835,0.16711163634247317,-0.01282090914018254,-0.00022055077397183873,0.049593742429325016,0.0,0.0,1.0,20.593628087696715,1.450867575829635,20.6498171315791,0.0,20.593628087696715,1.450867575829635,20.6498171315791,0.0,1.6596928928117511,1.580307107188249
0.6597414016723633,0.11584881012375324,0.0013197242646336104,0.6253747630569814,0.9998424021346111,-0.001929014525850625,-0.0059610758377594796,0.0166107005122718,0.16263530842036447,0.007168500265805563,0.16628113684915025,-0.012931055203900784,-5.7745758255562204e-05,0.048574955068293006,0.0,0.0,1.0,20.591694029976694,1.4670741772833753,20.645396637884943,0.0,20.591694029976694,1.4670741772833753,20.645396637884943,0.0,1.6596021897497357,1.5803978102502645
0.6692023277282715,0.11747035580702476,0.0013932568823444595,0.6270334438067504,0.9998382536973962,-0.0019953599784501507,-0.005961972276339977,0.016850515377165053,0.1616737468808844,0.0075404309167970895,0.16545897481260624,-0.013048648666609378,-4.060033836256247e-05,0.04752301641340071,0.0,0.0,1.0,20.605861334856456,1.4828912184076262,20.65743014734123,0.0,20.605861334856456,1.4828912184076262,20.65743014734123,0.0,1.6595055052498355,1.5804944947501647
0.6801466941833496,0.11908229204928875,0.0014705780713833345,0.6286847725389637,0.9998341324998217,-0.0020622843594470426,-0.005963032183989678,0.017084985183565167,0.16071364895170676,0.00792612026689964,0.16478517545529206,-0.01317596414480069,-0.00011681771680369693,0.04643839789518844,0.0,0.0,1.0,20.624891377609757,1.4983493391540075,20.677155068808283,0.0,20.624891377609757,1.4983493391540075,20.677155068808283,0.0,1.6594010176744536,1.5805989823255466
0.6900663375854492,0.12068465505062244,0.0015518277126823593,0.6303303716512503,0.9998300443131851,-0.0021298351730348318,-0.00596435310617322,0.017313947639262663,0.15975859914477147,0.008326075904417604,0.16430318654456919,-0.01331385761159793,-0.00015501386628719417,0.04532155007693565,0.0,0.0,1.0,20.641732452896864,1.51347057756304,20.695520745198802,0.0,20.641732452896864,1.51347057756304,20.695520745198802,0.0,1.6592880401294936,1.5807119598705066
0.6995947360992432,0.12227749837076556,0.0016371486176925735,0.6319719491576535,0.9998259967281491,-0.0021980683719192585,-0.0059657273132365215,0.017537242075646445,0.1588094886388978,0.008740397571501496,0.16398363521693554,-0.01346262605746415,-0.00013408867895605548,0.044172929211836784,0.0,0.0,1.0,20.6528578792644,1.528268157858068,20.707081615073143,0.0,20.6528578792644,1.528268157858068,20.707081615073143,0.0,1.659166332847589,1.5808336671524112
0.7093348503112793,0.12386087415904375,0.0017266834461110408,0.6336107630689103,0.9998219968119587,-0.00226703952230097,-0.005967033186719711,0.01775471029616904,0.1578651950243549,0.009168932648894654,0.1637603190936457,-0.013622309201365548,-0.00010999779767684561,0.04299300365150723,0.0,0.0,1.0,20.657176546953465,1.5427480698571139,20.711021631726314,0.0,20.657176546953465,1.5427480698571139,20.711021631726314,0.0,1.6590358618706276,1.5809641381293726
0.7189090251922607,0.12543482986517526,0.00182057347647917,0.6352474193538139,0.9998180505513878,-0.0023368009050185336,-0.005968326693816309,0.017966196860466258,0.15692549548462362,0.009611518103199988,0.1635634830232836,-0.013792763259748955,-0.00011259839350403966,0.04178225205753346,0.0,0.0,1.0,20.65570721767873,1.5569105415485742,20.709372357419284,0.0,20.65570721767873,1.5569105415485742,20.709372357419284,0.0,1.6588967400712689,1.5811032599287314
0.7299888134002686,0.12699941752064153,0.0019189590602472469,0.6368819374268352,0.9998141637684369,-0.0024074038167038866,-0.0059696857719200086,0.01817154882417106,0.15599141989150003,0.010068107939474063,0.1633416584654048,-0.013973869923996848,-0.00012575320975778331,0.040541167870611836,0.0,0.0,1.0,20.650956036194685,1.5707521733499732,20.704866903594557,0.0,20.650956036194685,1.5707521733499732,20.704866903594557,0.0,1.6587490599658858,1.5812509400341144
0.7399294376373291,0.1285546973757124,0.0020219807324311123,0.6385139632585476,0.9998103426884559,-0.0024789010625045206,-0.005971112564457601,0.018370615598212466,0.15506377517618133,0.010538781330547805,0.16306989008512895,-0.014165771996334845,-0.000129889986651159,0.0392702670677145,0.0,0.0,1.0,20.645649846158612,1.584268670347381,20.69983973111171,0.0,20.645649846158612,1.584268670347381,20.69983973111171,0.0,1.6585927051536162,1.581407294846384
0.749629020690918,0.1301007323045299,0.002129780298743093,0.6401430116229807,0.9998065936831122,-0.00255134761640269,-0.0059725735214901,0.018563249140248508,0.15414241128247522,0.011023717346749876,0.1627470313032641,-0.014368914833597797,-0.00012607599431156975,0.037970090493089345,0.0,0.0,1.0,20.641636932784387,1.597456903366421,20.69590716537685,0.0,20.641636932784387,1.597456903366421,20.69590716537685,0.0,1.658427317100839,1.5815726828991612
0.7595231533050537,0.13163758163709377,0.002242501731434816,0.6417686551158509,0.9998029228949732,-0.0026248006208082187,-0.005974059274461421,0.01874930420454401,0.15322671815556876,0.011523174573058183,0.16238705331804693,-0.014583905451775464,-0.00012400214789392547,0.036641199871618256,0.0,0.0,1.0,20.639588202215236,1.6103155052915021,20.693854668616005,0.0,20.639588202215236,1.6103155052915021,20.693854668616005,0.0,1.6582524078252066,1.5817475921747937
0.7691526412963867,0.1331652998637031,0.0023602918219207646,0.6433906245734586,0.9997993362145602,-0.0026993197365166826,-0.005975585725271811,0.01892863843822052,0.1523162428434136,0.012037463506051444,0.16200921659222464,-0.014811350868615698,-0.00012642967101104486,0.03528417267754538,0.0,0.0,1.0,20.639318150439763,1.6228443673154938,20.693649818198587,0.0,20.639318150439763,1.6228443673154938,20.693649818198587,0.0,1.6580674892215608,1.5819325107784394
0.779970645904541,0.13468393823559108,0.0024833004964674803,0.6450088250810698,0.9997958394351987,-0.002774967475796892,-0.005977165656371081,0.019101112383614276,0.15141076575671494,0.012566907379929104,0.16163042826834925,-0.015051772816321038,-0.00012959481580886127,0.03389959937398409,0.0,0.0,1.0,20.640230864900097,1.6350438244902663,20.69469420890827,0.0,20.640230864900097,1.6350438244902663,20.69469420890827,0.0,1.657872141308833,1.5821278586911671
0.7898871898651123,0.13619354588023064,0.0026116807874845506,0.6466232949231067,0.9997924383011091,-0.00285180894724762,-0.005978798383024991,0.01926658951518974,0.150510105781857,0.013111809859446091,0.1612611884601842,-0.015305585779598061,-0.00013079858475967322,0.03248808268652504,0.0,0.0,1.0,20.641638954896735,1.6469139898600829,20.696223811761072,0.0,20.641638954896735,1.6469139898600829,20.696223811761072,0.0,1.6576660298210557,1.5823339701789445
0.7995944023132324,0.13769416989335495,0.0027455886061903256,0.6482341411139698,0.999789138433779,-0.002929911148935807,-0.005980479838641433,0.019424936329389724,0.14961405106966433,0.013672445130483005,0.16090494505104186,-0.015573098319717057,-0.0001308608390966785,0.03105023751629771,0.0,0.0,1.0,20.642963448851482,1.658454320223142,20.6976313343756,0.0,20.642963448851482,1.658454320223142,20.6976313343756,0.0,1.6574489051692964,1.5825510948307038
0.8095653057098389,0.13918585548754697,0.0028851825107309957,0.6498414792358483,0.9997859452673521,-0.0030093423108346097,-0.005982211165164345,0.01957602243304414,0.14872242893836748,0.014249067170690508,0.16055975538992842,-0.01585452551117311,-0.000131346975911667,0.029586691119275255,0.0,0.0,1.0,20.64385501679789,1.6696633983312612,20.698592050444446,0.0,20.64385501679789,1.6696633983312612,20.698592050444446,0.0,1.6572205925110295,1.5827794074889707
0.819237232208252,0.14066864655995898,0.0030306235891047694,0.651445393567851,0.999782864045499,-0.0030901715286516915,-0.005983997005442129,0.019719720605064318,0.14783514264881129,0.014841925419620568,0.16022089868152511,-0.01615001485072654,-0.00013242445015026493,0.02809808376363605,0.0,0.0,1.0,20.64422397162134,1.6805389335471692,20.699037328132704,0.0,20.64422397162134,1.6805389335471692,20.699037328132704,0.0,1.6569809710364165,1.5830190289635837
0.8302655220031738,0.14214258614789366,0.003182075479584812,0.6530459215176652,0.9997798998354166,-0.003172468598966298,-0.005985840890437617,0.019855906851810042,0.14695212292890905,0.015451278166794268,0.15988331542808135,-0.01645967843122848,-0.000133432400910073,0.026585069704203212,0.0,0.0,1.0,20.64417667856417,1.6910779429834766,20.699069212134066,0.0,20.64417667856417,1.6910779429834766,20.699069212134066,0.0,1.6567299482363287,1.5832700517636715
0.8398332595825195,0.1436077163947711,0.003339704500985053,0.6546430577288596,0.9997770575184675,-0.0032563039162264583,-0.005987744481719471,0.01998446047663342,0.146073269438574,0.016077401633918794,0.15954322339565588,-0.016783617094563868,-0.0001340909536638623,0.025048317985595318,0.0,0.0,1.0,20.643905956708053,1.7012770088280407,20.698869866095592,0.0,20.643905956708053,1.7012770088280407,20.698869866095592,0.0,1.6564674405822415,1.5835325594177587
0.8498187065124512,0.14506407821051476,0.003503679853145365,0.6562367692118658,0.9997743417646479,-0.003341748396455547,-0.005989709489981405,0.020105264160064706,0.14519843883421205,0.01672059495398992,0.15919874691295374,-0.017121929509783168,-0.0001346398335186254,0.023488512763635273,0.0,0.0,1.0,20.643596200109357,1.711132502640491,20.698623239237584,0.0,20.643596200109357,1.711132502640491,20.698623239237584,0.0,1.6561933662641641,1.583806633735836
0.8596627712249756,0.14651171096378696,0.003674173846613218,0.6578270128851421,0.9997717570127351,-0.0034288734363196465,-0.005991738654701831,0.020218204037958886,0.14432746391354448,0.01738118101055054,0.158849748443494,-0.017474709824053025,-0.0001353064460591567,0.021906353196291025,0.0,0.0,1.0,20.643372420562713,1.7206407235665304,20.698460363880734,0.0,20.643372420562713,1.7206407235665304,20.698460363880734,0.0,1.6559076470707834,1.5840923529292168
0.8696496486663818,0.1479506523212759,0.0038513621234751937,0.6594137494688793,0.9997693074602937,-0.0035177508840798554,-0.005993835119126471,0.020323169773628302,0.1434601689549874,0.018059503711195555,0.1584972142637566,-0.017842040941414422,-0.0001360573491388749,0.020302553127357348,0.0,0.0,1.0,20.64328858865719,1.729797954376401,20.698438295536956,0.0,20.64328858865719,1.729797954376401,20.698438295536956,0.0,1.655610213768706,1.5843897862312941
0.8796286582946777,0.14938093816949233,0.004035423843904315,0.6609969510388077,0.9997669970545936,-0.003608452981477723,-0.005996001709853764,0.020420054628148762,0.14259637282031515,0.01875592355243157,0.15814254334079622,-0.018223987916475656,-0.00013676969064861812,0.018677840775066235,0.0,0.0,1.0,20.643339477637976,1.7386004632947816,20.698550451422378,0.0,20.643339477637976,1.7386004632947816,20.698550451422378,0.0,1.6553010113910738,1.5846989886089264
0.8892576694488525,0.15080260256341796,0.004226541832481496,0.6625766024257167,0.9997648294794164,-0.003701052262711258,-0.0059982409656299685,0.02050875553176249,0.1417358900556114,0.019470813644991293,0.1577869843916894,-0.018620593052465478,-0.00013741270534478576,0.017032958440131363,0.0,0.0,1.0,20.643483542360656,1.7470444792532467,20.69875352762906,0.0,20.643483542360656,1.7470444792532467,20.69875352762906,0.0,1.6549800031636714,1.5850199968363288
0.9000372886657715,0.15221567770706987,0.004424902694187547,0.6641526983790561,0.9997628081403227,-0.00379562142856045,-0.0060005554851746455,0.020589173155268703,0.1408785352551803,0.020204557404965733,0.15743132991954842,-0.019031873357194647,-0.00013803126238198617,0.015368662256046765,0.0,0.0,1.0,20.643667984510778,1.755126162594023,20.69899479964457,0.0,20.643667984510778,1.755126162594023,20.69899479964457,0.0,1.6546471725452165,1.5853528274547837
0.9097030162811279,0.15362019397220478,0.004630696916051916,0.6657252389280115,0.9997609361517228,-0.003892233219345911,-0.006002948036825741,0.020661211979580624,0.14002412674818948,0.0209575479657287,0.15707585964221654,-0.019457820658605244,-0.00013865480729399198,0.013685721993088717,0.0,0.0,1.0,20.64384857930893,1.7628415875179688,20.69923090983344,0.0,20.64384857930893,1.7628415875179688,20.69923090983344,0.0,1.6543025231399564,1.5856974768600438
0.919459342956543,0.1550161799296029,0.004844118968497106,0.6672942249809144,0.9997592163256844,-0.003990960298503728,-0.006005421436800724,0.02072478036352238,0.13917248599964377,0.021730188787172127,0.1567204555420647,-0.019898403899816713,-0.00013927380710770538,0.011984920903093128,0.0,0.0,1.0,20.6439997223483,1.7701867444606338,20.699436567069913,0.0,20.6439997223483,1.7701867444606338,20.699436567069913,0.0,1.6539460768662073,1.586053923133793
0.9294326305389404,0.1564036623612772,0.005065367415243363,0.6688596553616669,0.9997576511609004,-0.004091875149025722,-0.006007978459856926,0.020779790610850238,0.13832343425968266,0.02252289486427564,0.15636478985487703,-0.02035357242220235,-0.00013987438813296412,0.010267055563512695,0.0,0.0,1.0,20.6441148488901,1.7771575612330555,20.699605030048012,0.0,20.6441148488901,1.7771575612330555,20.699605030048012,0.0,1.6535778713338143,1.586422128666186
0.9390120506286621,0.15778266624426698,0.005294645035273393,0.6704215256067918,0.9997562428313117,-0.004195049982906783,-0.006010621867832841,0.020826159036734012,0.13747678974548083,0.023336094023455302,0.15600850325801366,-0.020823259052590196,-0.00014046058223573445,0.008532935676256511,0.0,0.0,1.0,20.644200878256502,1.7837499355390554,20.69974321234276,0.0,20.644200878256502,1.7837499355390554,20.69974321234276,0.0,1.6531979573776936,1.5868020426223066
0.9508183002471924,0.15915321471619162,0.005532158955892134,0.6719798282079703,0.9997549931750023,-0.004300556663235129,-0.006013354459243752,0.020863806033084322,0.13663236656863498,0.02417022791528464,0.1556513247214573,-0.021307382372907725,-0.0001410446129804087,0.006783383795998938,0.0,0.0,1.0,20.644270907659667,1.789959770438545,20.69986454687354,0.0,20.644270907659667,1.789959770438545,20.69986454687354,0.0,1.652806397244965,1.5871936027550353
0.9592673778533936,0.16051532903490498,0.0057781207929622274,0.6735345536804649,0.9997539036838521,-0.0044084666364297715,-0.006016179066624495,0.020892656132091656,0.1357899746941624,0.025025752494826373,0.15529311997704445,-0.02180584810833177,-0.00014163237417995985,0.005019234983224487,0.0,0.0,1.0,20.644338012620874,1.795783006752901,20.699982496691746,0.0,20.644338012620874,1.795783006752901,20.699982496691746,0.0,1.652403263487004,1.5875967365129962
0.9697210788726807,0.16186902853855709,0.006032746793423428,0.6750856918303184,0.9997529754938557,-0.004518850870416994,-0.00601909852408651,0.02091263806771679,0.13494942017969844,0.025903137999033616,0.1549338814249134,-0.022318549844692677,-0.00014222286779335726,0.0032413363878987284,0.0,0.0,1.0,20.644411411066436,1.8012156495814016,20.70010651035983,0.0,20.644411411066436,1.8012156495814016,20.70010651035983,0.0,1.6519886383879463,1.588011361612054
0.9795129299163818,0.1632143306088435,0.0062962579760409395,0.6766332327723553,0.9997522093758838,-0.004631779795200635,-0.006022115649336529,0.020923684835010385,0.13411050560431514,0.026802868588507618,0.15457368460290458,-0.022845369351368727,-0.0001428150389611736,0.0014505467726137174,0.0,0.0,1.0,20.644495146625975,1.8062537885864598,20.70024075596691,0.0,20.644495146625975,1.8062537885864598,20.70024075596691,0.0,1.6515626137087351,1.588437386291265
0.9894149303436279,0.16455125063976966,0.006568880268119187,0.6781771674936097,0.9997516057268913,-0.004747323244395187,-0.006025233245707451,0.020925733747024663,0.13327303073976066,0.027725441863275167,0.1542126366323849,-0.02338617677426136,-0.0001434106455191123,-0.00035226401569066657,0.0,0.0,1.0,20.644588765208617,1.8108936132946878,20.700384911231517,0.0,20.644588765208617,1.8108936132946878,20.700384911231517,0.0,1.6511252905350662,1.588874709464934
0.9994494915008545,0.16587980201321745,0.006850844637707021,0.6797174879677745,0.9997511645617083,-0.00486555039797269,-0.006028454105380793,0.020918726489277815,0.13243679326734822,0.028671368416319804,0.1538508347884819,-0.023940830909694472,-0.00014401224333761655,-0.002166215509026739,0.0,0.0,1.0,20.64468908167768,1.8151314255432411,20.70053594989961,0.0,20.64468908167768,1.8151314255432411,20.70053594989961,0.0,1.650676779060538,1.5893232209394623
1.0092811584472656,0.16719999608037286,0.007142387222045039,0.6812541869557529,0.9997508855054829,-0.00498652972707054,-0.006031781004551298,0.020902609172020435,0.1316015892748471,0.029641171512365713,0.15348834350676663,-0.024509179672707725,-0.00014462131292646257,-0.003990417005069771,0.0,0.0,1.0,20.64479210320285,1.8189636511392124,20.70069002620452,0.0,20.64479210320285,1.8189636511392124,20.70069002620452,0.0,1.6502171982141927,1.5897828017858076
1.019496202468872,0.16851184214661252,0.0074437494535389385,0.6827872576682644,0.99975076778679,-0.005110328941681349,-0.006035216695965789,0.020877332379063133,0.13076721346680564,0.030635386910378263,0.1531251895863296,-0.025091060765362647,-0.00014523867036715367,-0.005823968551505913,0.0,0.0,1.0,20.644894461320106,1.8223868513656523,20.700843892412,0.0,20.644894461320106,1.8223868513656523,20.700843892412,0.0,1.6497466751279157,1.5902533248720845
1.0290260314941406,0.1698153474577366,0.00775517818451058,0.6843166934402679,0.9997508102313912,-0.005237014941892344,-0.006038763904706347,0.020842851212817187,0.129933459208505,0.03165456280134737,0.15276137010431312,-0.025686302475193268,-0.00014586551250316416,-0.007665961605421731,0.0,0.0,1.0,20.644994111564408,1.8253977353868542,20.700995617810257,0.0,20.644994111564408,1.8253977353868542,20.700995617810257,0.0,1.6492653444995562,1.590734655500444
1.039616584777832,0.1711105171866035,0.008076925811579046,0.6858424875067802,0.9997510112566717,-0.0053666537731151326,-0.0060424253263178474,0.020799125335439733,0.12910011854077028,0.0326992598061758,0.15239686590689408,-0.02629472451638781,-0.0001465035326460745,-0.009515479783174968,0.0,0.0,1.0,20.645090382099887,1.8279931733049855,20.70114465346019,0.0,20.645090382099887,1.8279931733049855,20.70114465346019,0.0,1.6487733479216973,1.591226652078303
1.0491204261779785,0.1723973544201552,0.008409250399987054,0.6873646329060076,0.9997513688667796,-0.005499310585424817,-0.006046203623980738,0.020746119006314644,0.12826698223079872,0.03377005097690978,0.1520316546085457,-0.026916138846043373,-0.00014715439082254428,-0.011371599633072021,0.0,0.0,1.0,20.645183610150095,1.8301702094067753,20.701291464656915,0.0,20.645183610150095,1.8301702094067753,20.701291464656915,0.0,1.6482708332302036,1.5917291667697966
1.0596826076507568,0.1736758601472355,0.008752415807714402,0.6888831224885531,0.9997518806485011,-0.005635049596808946,-0.006050101423985974,0.020683801115557773,0.12743383987570572,0.034867521760438294,0.15166571947290527,-0.02755035041585232,-0.0001478194119854262,-0.013233391450553125,0.0,0.0,1.0,20.64527462664908,1.831926075043392,20.70143700455124,0.0,20.64527462664908,1.831926075043392,20.70143700455124,0.0,1.6477579539042733,1.592242046095727
1.0693445205688477,0.17494603324775154,0.009106691808936805,0.6903979489883835,0.9997525437678711,-0.005773934059958536,-0.006054121310899564,0.02061214521335161,0.1266004800660478,0.03599226990738766,0.15129905312851008,-0.028197157848278753,-0.00014849969422135875,-0.01509992013433107,0.0,0.0,1.0,20.645364293658044,1.8332582007087967,20.701582247218532,0.0,20.645364293658044,1.8332582007087967,20.701582247218532,0.0,1.6472348685267624,1.5927651314732378
1.0799648761749268,0.17620787048377437,0.009472354216316736,0.6919091051098867,0.9997533549675414,-0.005916026232234907,-0.006058265823365967,0.020531129534916794,0.1257666906098456,0.03714490532951363,0.15093165698282496,-0.028856354046698843,-0.00014919627582570536,-0.0169702460813116,0.0,0.0,1.0,20.645453209786716,1.8341642270774532,20.701727894822376,0.0,20.645453209786716,1.8341642270774532,20.701727894822376,0.0,1.646701740297217,1.5932982597027832
1.0896172523498535,0.17746136649309252,0.00984968500169959,0.693416583597895,0.9997543105649089,-0.006061387348542815,-0.0060625374503254946,0.02044073702093493,0.12493225880132669,0.038326049921024875,0.1505635381321733,-0.029527726760152362,-0.00014991014724267192,-0.018843426117383915,0.0,0.0,1.0,20.64554160807835,1.8346420149556082,20.701874276992704,0.0,20.64554160807835,1.8346420149556082,20.701874276992704,0.0,1.6461587365811021,1.593841263418898
1.0993263721466064,0.17870651378552488,0.010238972414952096,0.694920377275058,0.9997554064510306,-0.006210077596947811,-0.006066938627189681,0.020340955333250355,0.12409697170816017,0.03953633736265139,0.15019470561881296,-0.030211059124745754,-0.0001506421921000721,-0.02071851446085656,0.0,0.0,1.0,20.645629404144998,1.8346896542376414,20.702021398318273,0.0,20.645629404144998,1.8346896542376414,20.702021398318273,0.0,1.6456060284776026,1.5943939715223976
1.1100060939788818,0.17994330274207468,0.010640511100847416,0.696420479046405,0.9997566380903222,-0.006362156096958913,-0.00607147173195679,0.020231776865695397,0.12326061645595654,0.040776412924291794,0.14982516737693982,-0.030906130197800794,-0.00015139317961994773,-0.022594563715395418,0.0,0.0,1.0,20.64571632293009,1.8343054720178456,20.702169064469714,0.0,20.64571632293009,1.8343054720178456,20.702169064469714,0.0,1.645043790393119,1.5949562096068812
1.1195547580718994,0.1811717216168637,0.011054602214025105,0.6979168818805921,0.9997580005210517,-0.006517680880450287,-0.006076139081476126,0.020113198749900283,0.122422980501606,0.04204693327578001,0.14945492849939215,-0.031612715492096675,-0.0001521638043366268,-0.024470625889496354,0.0,0.0,1.0,20.64580203654878,1.8334880399988802,20.702317020716553,0.0,20.64580203654878,1.8334880399988802,20.702317020716553,0.0,1.644472199614584,1.5955278003854163
1.1295957565307617,0.18239175654175038,0.011481553532114996,0.6994095787805368,0.9997594883566255,-0.006676708875217044,-0.0060809429279187225,0.019985222855962024,0.12158385189663165,0.0433485663085139,0.14908399083041848,-0.032330587510007,-0.00015295471085767807,-0.026345753439675372,0.0,0.0,1.0,20.645886268624867,1.8322361812902428,20.702465057403018,0.0,20.645886268624867,1.8322361812902428,20.702465057403018,0.0,1.6438914358827537,1.5961085641172466
1.1393280029296875,0.18360339153355731,0.011921679567116728,0.7008985627544237,0.9997610957876701,-0.006839295891152608,-0.006085885455346414,0.019847855787859442,0.12074301954520555,0.044681990965491004,0.14871235349907225,-0.03305951627285984,-0.00015376648455883618,-0.0282190003346084,0.0,0.0,1.0,20.645968847459443,1.8305489766335272,20.70261306361729,0.0,20.645968847459443,1.8305489766335272,20.70261306361729,0.0,1.6433016809692167,1.5966983190307835
1.1498692035675049,0.18480660850388164,0.012375301675091497,0.702383826793765,0.9997628165849047,-0.007005496609009158,-0.006090968776292176,0.019701108873515703,0.11990027346169825,0.04604789707472163,0.14834001387794105,-0.03379926983943605,-0.00015459963354531517,-0.030089423137398735,0.0,0.0,1.0,20.646049711819742,1.828425770046041,20.70276103281286,0.0,20.646049711819742,1.828425770046041,20.70276103281286,0.0,1.6427031182619878,1.5972968817380124
1.1595187187194824,0.1860013872715023,0.012842748164174078,0.7038653638605739,0.9997646441028002,-0.007175364571673111,-0.006096194928361743,0.019544998149424786,0.1190554050319466,0.0474469851809127,0.14796696852226723,-0.03454961480829653,-0.00015545458235226176,-0.03195608210302417,0.0,0.0,1.0,20.64612888540579,1.8258661738489972,20.702909036988352,0.0,20.64612888540579,1.8258661738489972,20.702909036988352,0.0,1.642095932363938,1.5979040676360623
1.1692304611206055,0.18718770557743583,0.013324354400871343,0.7053431668822315,0.9997665712840142,-0.007348952177865958,-0.006101565870900976,0.019379544339773534,0.11820820728101203,0.04887996637187152,0.1475932138186641,-0.03531031680056074,-0.00015633167447226485,-0.0338180422878603,0.0,0.0,1.0,20.646206439200757,1.822870073040857,20.70305718891667,0.0,20.646206439200757,1.822870073040857,20.70305718891667,0.0,1.6414803087067664,1.5985196912932338
1.180114984512329,0.18836553910270576,0.013820462914589245,0.7068172287508775,0.9997685906645952,-0.007526310678170007,-0.006107083481746568,0.019204772830006905,0.11735847514806208,0.050347562098213394,0.1472187462602432,-0.03608114092189722,-0.00015723117409821547,-0.03567437466802644,0.0,0.0,1.0,20.646282457294255,1.8194376289850154,20.703205607935733,0.0,20.646282457294255,1.8194376289850154,20.703205607935733,0.0,1.6408564331815128,1.5991435668184875
1.1900904178619385,0.189534861488889,0.014331423500325376,0.7082875423240004,0.9997706943799374,-0.007707490173276875,-0.0061127495540553205,0.0190207136348,0.1165060057669706,0.05185050398684198,0.14684356240594817,-0.03686185220413432,-0.00015815326539971177,-0.03752415726318547,0.0,0.0,1.0,20.646357014859085,1.8155692823964231,20.70335439788324,0.0,20.646357014859085,1.8155692823964231,20.70335439788324,0.0,1.6402244917852822,1.599775508214718
1.1996498107910156,0.1906956443614826,0.014857593319474106,0.7097541004237816,0.999772874171471,-0.00789253961436041,-0.006118565793212008,0.018827401360417544,0.11565059875015656,0.053389533649850655,0.14646765865255282,-0.03765221602772356,-0.00015909805295651527,-0.03936647626236099,0.0,0.0,1.0,20.646430170065223,1.8112657556270322,20.70350363899452,0.0,20.646430170065223,1.8112657556270322,20.70350363899452,0.0,1.6395846702832053,1.600415329716795
1.2094802856445312,0.19184785735611054,0.015399336998709094,0.7112168958340049,0.9997751213940748,-0.008081506805481654,-0.006124533813825837,0.018624875161458616,0.11479205647315881,0.05496540249086925,0.14609103095403148,-0.03845199852635319,-0.00016006556471734047,-0.04120042714831318,0.0,0.0,1.0,20.646501966929243,1.8065280542609248,20.703653390823245,0.0,20.646501966929243,1.8065280542609248,20.703653390823245,0.0,1.6389371538845963,1.601062846115404
1.219069004058838,0.19299146814756885,0.015957026726926213,0.712675921294479,0.999777427024177,-0.008274438407938739,-0.006130655136823435,0.018413178692001327,0.11393018435798438,0.0565788715106146,0.1457136745874024,-0.03926096697458547,-0.00016105575558580108,-0.04302511581702767,0.0,0.0,1.0,20.646572444039222,1.8013574680353246,20.703803701113277,0.0,20.646572444039222,1.8013574680353246,20.703803701113277,0.0,1.6382821269326155,1.6017178730673847
1.2298479080200195,0.19412644248169034,0.01653104235024417,0.7141311694936375,0.9997797816685341,-0.008471379946477833,-0.006136931186638389,0.018192360051179426,0.11306479115390429,0.05823071111278927,0.14533558401296492,-0.040078890158808805,-0.00016206850986076694,-0.04483965968890631,0.0,0.0,1.0,20.646641644301393,1.7957555711043416,20.703954615710924,0.0,20.646641644301393,1.7957555711043416,20.703954615710924,0.0,1.6376197726072053,1.602380227392795
1.2395586967468262,0.19525274420999977,0.01712177146506818,0.7155826330602315,0.9997821755736503,-0.008672375817281468,-0.006143363288493959,0.01796247172323927,0.11219568921489301,0.05992170091080857,0.14495675283099863,-0.04090553873128637,-0.00016310364264404638,-0.04664318880829655,0.0,0.0,1.0,20.646709622388844,2.3753317641080187,20.704106186162985,0.45207769261437447,20.646709622388844,2.3753317641080187,20.704106186162985,0.45207769261437447,1.5526227865289963,1.687377213471004
1.2490527629852295,0.19637239412364862,0.01772963268505715,0.7170305231936099,0.9997846845212365,-0.008876754491093009,-0.00614905344408273,0.017719395255442316,0.1116830573432375,0.06165657103370025,0.14461555369531862,-0.04149199754213919,0.00015899143308416245,-0.04989512958516687,0.0,0.0,1.0,20.650071953670263,2.769863730083552,20.698576806936288,0.779314137587068,20.650071953670263,2.769863730083552,20.698576806936288,0.779314137587068,1.5501748474503905,1.6898251525496097
1.25978422164917,0.19748821985129134,0.0183550631769873,0.7184750626865066,0.9997873944115216,-0.009083620605433756,-0.006153932318737968,0.017458033381047205,0.11143642701762708,0.06343551409115895,0.14428916618832302,-0.04192909854942154,0.0003086224538400326,-0.05400296547717634,0.0,0.0,1.0,20.652746410439796,3.0390033237660727,20.691166353629516,1.0240161341398952,20.652746410439796,3.0390033237660727,20.691166353629516,1.0240161341398952,1.5478231366789603,1.69217686332104
1.2695362567901611,0.19860259567013913,0.018998499992080226,0.7199163049329375,0.9997903522308252,-0.009292280393163599,-0.006158874584365422,0.01717478893936177,0.11140161329221523,0.06525792332858539,0.14395919178502833,-0.04225403722102463,0.00024174476662057503,-0.058690944801621084,0.0,0.0,1.0,20.652039841548774,3.222904397177481,20.685593687677574,1.214322001742727,20.652039841548774,3.222904397177481,20.685593687677574,1.214322001742727,1.5455446332572316,1.6944553667427686
1.279144287109375,0.19971743919314666,0.01966037495256597,0.7213541594531532,0.9997935806833349,-0.00950220869888988,-0.006164341585575668,0.016867274440622124,0.11153712522661162,0.06712323301538964,0.14361377248170928,-0.04249257765013632,0.00017034656574498066,-0.06374664755394373,0.0,0.0,1.0,20.649472789103623,3.348626378781594,20.68176547533487,1.3689155699741709,20.649472789103623,3.348626378781594,20.68176547533487,1.3689155699741709,1.543323846837755,1.6966761531622452
1.2898662090301514,0.2008342825247712,0.020341114464864786,0.7227884600663581,0.9997970858065963,-0.009713010774642525,-0.006170141088490453,0.016534025319863706,0.11180764778257551,0.06903090772226049,0.14324922323859135,-0.04266367000804855,0.0001948722718347025,-0.0690115455446074,0.0,0.0,1.0,20.64757075846425,3.434430105973563,20.678340968767372,1.50018755543638,20.64757075846425,3.434430105973563,20.678340968767372,1.50018755543638,1.541149541918761,1.6988504580812391
1.2998762130737305,0.201954325845519,0.021041139839202208,0.7242190350700338,0.9998008583878796,-0.009924380807381577,-0.006176021544130042,0.016174269391112203,0.11218239167507396,0.07098045949444907,0.142868333188122,-0.04278135767023416,0.000251848855705137,-0.07436859130962749,0.0,0.0,1.0,20.647050896758746,3.4926589323468633,20.675222880560362,1.616342829720728,20.647050896758746,3.4926589323468633,20.675222880560362,1.616342829720728,1.539013520878811,1.7009864791211893
1.3096203804016113,0.20307850361646032,0.02176086835227969,0.7256457545645492,0.9998048758499615,-0.010136072175796313,-0.0061820061325868975,0.015787750557544264,0.11263855411506916,0.07297155588319854,0.142477170803667,-0.04285558239316828,0.0002728518480164761,-0.07973110883040938,0.0,0.0,1.0,20.64725407220716,3.531670736659353,20.673109882217247,1.722799559125753,20.64725407220716,3.531670736659353,20.673109882217247,1.722799559125753,1.536910223282717,1.7030897767172832
1.3196420669555664,0.20420756639309837,0.022500714691184816,0.7270685482600073,0.9998091062472956,-0.010347880543418345,-0.006188231598416971,0.01537459667529122,0.11316199608375038,0.07500401144494138,0.14208209169148636,-0.04289290481407661,0.0002652488708524427,-0.08503404268717818,0.0,0.0,1.0,20.64764679027489,3.557135293740143,20.67216908879213,1.8231178380204671,20.64764679027489,3.557135293740143,20.67216908879213,1.8231178380204671,1.5348363487109213,1.7051636512890789
1.3295907974243164,0.20534214857631836,0.023261091757990324,0.7284873995105652,0.999813511848502,-0.010559631976755569,-0.006194736526670681,0.014935224706914987,0.11374405472031776,0.07707767088688942,0.14168781599715072,-0.04289739717366361,0.00026467572223288604,-0.09022748399745709,0.0,0.0,1.0,20.648221658668348,3.5729081159432097,20.671870282150408,1.9196176435436891,20.648221658668348,3.5729081159432097,20.671870282150408,1.9196176435436891,1.5327902956414527,1.7072097043585475
1.339123010635376,0.2064828076232833,0.02404241053528835,0.7299023263119678,0.9998180508408476,-0.010771171718814379,-0.006201466850220286,0.014470275792730317,0.11437849892117018,0.07919232055979188,0.14129670437422992,-0.04287140775830586,0.00028019559310335247,-0.09527206339928591,0.0,0.0,1.0,20.649025512850184,3.581620173627503,20.671659956127737,2.0137906240808987,20.649025512850184,3.581620173627503,20.671659956127737,2.0137906240808987,1.5307716590203664,1.7092283409796338
1.349792242050171,0.20763004572476895,0.02484507952059182,0.7313133595532407,0.9998226780474292,-0.010982354657301126,-0.006208379957395433,0.013980571038152248,0.11506069711282921,0.08134768088681195,0.14090896616936233,-0.04281601832124043,0.00029805675113477433,-0.10013576063321916,0.0,0.0,1.0,20.649891269200975,3.58507562500085,20.671352786715204,2.1065740419221535,20.649891269200975,3.58507562500085,20.671352786715204,2.1065740419221535,1.5287809422715473,1.711219057728453
1.3595097064971924,0.2087843276463583,0.02566950423325552,0.7327205257138875,0.9998273458227047,-0.011193038911557629,-0.0062154788084321615,0.013467080167276876,0.11578779820842697,0.08354343286333128,0.14052340222907714,-0.042731308992258174,0.00030922784549729563,-0.10479173677539787,0.0,0.0,1.0,20.650618934979082,3.5845197491205916,20.670987506634702,2.198532743948981,20.650618934979082,3.5845197491205916,20.670987506634702,2.198532743948981,1.526819404511295,1.7131805954887052
1.3690516948699951,0.20994609703944814,0.026516086890384365,0.734123837346199,0.9998320052214588,-0.011403081817722255,-0.006222774458983425,0.012930898573866407,0.11655846824562265,0.0857792322812887,0.1401382848158495,-0.04261658584689908,0.00031717135968629907,-0.10921688296263388,0.0,0.0,1.0,20.65117692041011,3.5808196071135683,20.67059550349616,2.2899803297155574,20.65117692041011,3.5808196071135683,20.67059550349616,2.2899803297155574,1.5248889242156425,1.7151110757843577
1.3801119327545166,0.21111578777748796,0.027385226145651313,0.7355232912406203,0.9998366069988127,-0.011612336891233796,-0.006230257055774401,0.012373230541995354,0.11737219041301636,0.08805470977442167,0.13975206752104274,-0.04247059699290415,0.0003274002667719054,-0.1133908651942993,0.0,0.0,1.0,20.651669021868162,3.5745861282604103,20.67016941537709,2.381060215369157,20.651669021868162,3.5745861282604103,20.67016941537709,2.381060215369157,1.5229918602264694,1.7170081397735308
1.3896069526672363,0.21229382978017836,0.028277316834688978,0.7369188719341356,0.9998411022982588,-0.011820651216079794,-0.006237903869137804,0.011795376854937164,0.11822877551239579,0.09036947069791938,0.1393637732118145,-0.042291693901720495,0.00034015747517029607,-0.11729551107713838,0.0,0.0,1.0,20.65219860243848,3.5662566353712957,20.6697317467572,2.471799996889053,20.65219860243848,3.5662566353712957,20.6697317467572,2.471799996889053,1.5211309469714744,1.7188690530285258
1.399862289428711,0.21348065208010425,0.02919274973219936,0.738310557495695,0.9998454432262176,-0.012027863403260751,-0.006245696054820297,0.011198725039582911,0.1191282618820035,0.09272309700871323,0.138973064938777,-0.04207792833208197,0.0003528738482772843,-0.12091443003701946,0.0,0.0,1.0,20.652809921998216,3.5561504847877714,20.66934421677305,2.5621478974058993,20.652809921998216,3.5561504847877714,20.66934421677305,2.5621478974058993,1.5193092348305526,1.7206907651694476
1.4096570014953613,0.21467668527212883,0.03013191130592697,0.739698325019706,0.999849583472604,-0.012233802179455737,-0.006253620725837833,0.010584740984639915,0.12007092599421043,0.09511514529313014,0.13858010245680194,-0.04182711681033395,0.0003645179631962439,-0.12423279052339478,0.0,0.0,1.0,20.65351381239382,3.5445064833737536,20.669057949796176,2.6519972659056847,20.65351381239382,3.5445064833737536,20.669057949796176,2.6519972659056847,1.5175300523971769,1.7224699476028233
1.4196581840515137,0.2158823634233855,0.031095183423946328,0.7410821543445563,0.9998534789498704,-0.012438285407039167,-0.006261663763055331,0.00995496132050527,0.12105719810377023,0.09754513962761083,0.13818531063266676,-0.041536900223053494,0.0003759287298384819,-0.127237201494225,0.0,0.0,1.0,20.6543165317183,3.531508050509,20.66888276306843,2.7412032066862473,20.6543165317183,3.531508050509,20.66888276306843,2.7412032066862473,1.5157969694473554,1.7242030305526448
1.4291911125183105,0.21709812489646962,0.032082942988337575,0.7424620296053566,0.9998570883698665,-0.012641119346164105,-0.006269806441866759,0.009310986273789833,0.12208752786308222,0.100012563520726,0.13778916059041527,-0.04120480177652428,0.00038785222725345065,-0.12991566267442786,0.0,0.0,1.0,20.6552185064362,3.517300156632391,20.668800730262813,2.8295940390764907,20.6552185064362,3.517300156632391,20.668800730262813,2.8295940390764907,1.5141137582543325,1.7258862417456677
1.4399018287658691,0.21832441216135853,0.03309556150484994,0.7438379390047836,0.9998603737443359,-0.012842098123632524,-0.006278027817421175,0.00865447273634523,0.12316230180538912,0.10251685463585339,0.13739202143877458,-0.04082827755432307,0.0004001018311255112,-0.13225755950793058,0.0,0.0,1.0,20.65620645730914,3.5020007132834383,20.668791520230677,2.9169793310758436,20.65620645730914,3.5020007132834383,20.668791520230677,2.9169793310758436,1.5124843582001581,1.727515641799842
1.449887752532959,0.21956167108604696,0.03413340461631054,0.7452098735561248,0.9998633008403367,-0.013041003441516671,-0.0062863072961854664,0.00798712729853984,0.12428181862428982,0.10505740267460073,0.13699409908317417,-0.04040476021213896,0.0004122044519175632,-0.13425368599512308,0.0,0.0,1.0,20.657259066323565,3.3063257732219675,20.6688422553876,3.1825380946320596,20.657259066323565,3.3063257732219675,20.6688422553876,3.1825380946320596,1.5109128436437558,1.7290871563562444
1.4598207473754883,0.22081027589268226,0.0351968560083282,0.746577685757166,0.9998658033032978,-0.013237948445332683,-0.006294604472269103,0.007315057084414323,0.12543330322163007,0.10763784380315713,0.13657093197187178,-0.0400424398242419,0.0004120125106746719,-0.13437026357258852,0.0,0.0,1.0,20.65895747888782,3.18680896798187,20.66987716816469,3.3708889266546302,20.65895747888782,3.18680896798187,20.66987716816469,3.3708889266546302,1.5093112172431655,1.7306887827568347
1.4699175357818604,0.22207069593007903,0.03628629575125217,0.747941262346266,0.9998678289746673,-0.013433024088559826,-0.0063027857579490264,0.006644797740491778,0.12664159196221153,0.11025522340794473,0.13614413555446764,-0.039662630991088695,0.00043707214074839085,-0.13344403094511098,0.0,0.0,1.0,20.66154047227206,3.1190039278327486,20.671320756250676,3.5063893002026223,20.66154047227206,3.1190039278327486,20.671320756250676,3.5063893002026223,1.5077411865240054,1.7322588134759949
1.480060338973999,0.22334349469385328,0.03740208620342188,0.7493006157061681,0.9998693584392081,-0.013626107602247044,-0.006310742055106988,0.0059807842874534355,0.12790834974984172,0.11290806005481432,0.13572423565713695,-0.03923652315668305,0.0004643556253387396,-0.13181380866026782,0.0,0.0,1.0,20.664519688404283,3.0860703744259212,20.67278146237739,3.605487140901917,20.664519688404283,3.0860703744259212,20.67278146237739,3.605487140901917,1.5062267338420936,1.7337732661579066
1.4898617267608643,0.2246292412727554,0.038544575954428985,0.75065583200161,0.9998703929748095,-0.013816946830055916,-0.00631846201580742,0.0053259994790573195,0.12923137545587388,0.11559511349873607,0.13531570188780656,-0.038746512224230346,0.00047732817414377276,-0.12971409684554047,0.0,0.0,1.0,20.667199656850144,3.076407636936368,20.67408768151238,3.679294607980914,20.667199656850144,3.076407636936368,20.67408768151238,3.679294607980914,1.5047841991016921,1.735215800898308
1.4996132850646973,0.22592848314348918,0.039714101668688065,0.7520070173840643,0.9998709472831687,-0.014005210133521196,-0.006325963394435232,0.004682419813273232,0.13060784838395936,0.11831525458282297,0.13491793974066735,-0.03818173794599551,0.0004825450541028309,-0.12730741449199762,0.0,0.0,1.0,20.669224980240198,3.082019772814149,20.675051186373985,3.735318526042737,20.669224980240198,3.082019772814149,20.675051186373985,3.735318526042737,1.503425350238334,1.7365746497616663
1.509425163269043,0.22724173929298552,0.04091098895547953,0.7533542588338188,0.9998710447502207,-0.014190517120299418,-0.006333235648941035,0.004051323262339907,0.1320347330045983,0.12106740606779928,0.13452738268465292,-0.03753562814261226,0.0004906965061311552,-0.12470658204562714,0.0,0.0,1.0,20.67061727252412,3.097389423171278,20.675508079979252,3.7786272538257784,20.67061727252412,3.097389423171278,20.675508079979252,3.7786272538257784,1.5021590376013427,1.7378409623986575
1.5191586017608643,0.2285694966229298,0.042135552853562935,0.7546976054511758,0.9998707139956794,-0.014372458213188185,-0.0063402522799162276,0.00343350254230638,0.1335086443838818,0.12385052979105399,0.1341396577719443,-0.0368044850528697,0.0005025204392879541,-0.12199007247354456,0.0,0.0,1.0,20.67153709210008,3.118703557533533,20.675474741136334,3.8126391874873233,20.67153709210008,3.118703557533533,20.675474741136334,3.8126391874873233,1.5009921228543572,1.739007877145643
1.529287338256836,0.22991220755021227,0.04338809824184763,0.7560370678674448,0.999869986452964,-0.014550607808082447,-0.006347001311311391,0.0028294128931339443,0.13502604270959107,0.12666362928941097,0.13375116180256844,-0.03598660247240856,0.0005131869708473728,-0.11921259277874621,0.0,0.0,1.0,20.67213718025299,3.143321600971431,20.67514195738451,3.839656220107666,20.67213718025299,3.143321600971431,20.67514195738451,3.839656220107666,1.4999300486433063,1.740069951356694
1.540450096130371,0.23127028969237753,0.044668920228538286,0.7573726290690802,0.999868894877535,-0.014724533588060966,-0.006353488671179199,0.002239274145050523,0.13658347036962773,0.12950574585238434,0.13335981700454358,-0.03508169916970361,0.0005206400296881003,-0.11641238201002818,0.0,0.0,1.0,20.672556763020292,3.169410264536708,20.674731439158577,3.8612249968703196,20.672556763020292,3.169410264536708,20.674731439158577,3.8612249968703196,1.4989771965904908,1.7410228034095094
1.5498206615447998,0.23264412643814064,0.04597830443743242,0.7587042591850813,0.99986747246697,-0.014893803353447197,-0.006359723687387152,0.0016631412456503004,0.13817753601590413,0.1323759427352134,0.13296510104250625,-0.03409056713504554,0.0005264290317932454,-0.11361624693294842,0.0,0.0,1.0,20.67292803094837,3.195693034678264,20.67438733096817,3.8783818678583337,20.67292803094837,3.195693034678264,20.67438733096817,3.8783818678583337,1.4981370995649024,1.7418629004350978
1.559701919555664,0.2340340667540649,0.04731652710500131,0.760031928463892,0.9998657522633659,-0.015057990209470623,-0.0063657115478857095,0.0011009532938125973,0.13980476701766395,0.13527328247678672,0.13256761580611437,-0.03301485208017049,0.0005320302673789753,-0.11084303833586527,0.0,0.0,1.0,20.673342505022315,3.2212784535567733,20.674168115462926,3.891819195341707,20.673342505022315,3.2212784535567733,20.674168115462926,3.891819195341707,1.4974125646010663,1.742587435398934
1.5707051753997803,0.23544042407909238,0.048683854954035134,0.7613556153595274,0.9998637666984973,-0.015216676679885558,-0.006371456906077635,0.0005525678309717522,0.1414615428943465,0.13819680379445973,0.1321684921909573,-0.03185690225260642,0.0005371833203867627,-0.1081060521885712,0.0,0.0,1.0,20.67382388902034,3.2455424243160635,20.674082705639456,3.90199834133442,20.67382388902034,3.2455424243160635,20.674082705639456,3.90199834133442,1.4968057520202924,1.7431942479797078
1.5805044174194336,0.23686347510613703,0.05008054177744019,0.7626753092776123,0.9998615480075163,-0.015369410409101211,-0.006376968187440294,1.7788397978168676e-05,0.14314413074525997,0.14114518018374042,0.13176887179439742,-0.030609677393853823,0.000541037640344927,-0.10541400305346511,0.0,0.0,1.0,20.674342082076922,3.2679896513031865,20.674114769399225,3.909167055068526,20.674342082076922,3.2679896513031865,20.674114769399225,3.909167055068526,1.49632667389246,1.7436733261075401
1.5893995761871338,0.23830345824354443,0.051506837268638125,0.7639910089620221,0.99985912582148,-0.015515851932871175,-0.006382257251149348,-0.0005036295110652758,0.144848618410521,0.14411773412665216,0.13136955930924316,-0.02928882510674694,0.0005433994497311613,-0.10277442754753582,0.0,0.0,1.0,20.67485040914427,3.2883455760609364,20.674232196898075,3.9135629360244635,20.67485040914427,3.2883455760609364,20.674232196898075,3.9135629360244635,1.4959661090356935,1.7440338909643067
1.5992839336395264,0.23976057300893872,0.05296297376178605,0.7653027191539684,0.9998565300488587,-0.015655580696954035,-0.006387336273462503,-0.0010119520874043559,0.14657111040476767,0.14711347847105027,0.13097094112833385,-0.027902190358067538,0.0005446390023970773,-0.10019230569165086,0.0,0.0,1.0,20.675312090488074,3.30643687345073,20.67439763620216,3.915365215471698,20.675312090488074,3.30643687345073,20.67439763620216,3.915365215471698,1.4957218581776845,1.7442781418223157
1.6097004413604736,0.2412349799754367,0.054449178244913424,0.7666104465929977,0.9998537877854291,-0.01578829124707507,-0.006392216828461338,-0.0015074729338878032,0.14830771291136588,0.1501311037498793,0.13057304535355135,-0.026449948353860688,0.0005450379738394372,-0.09767063779209735,0.0,0.0,1.0,20.675706723018642,3.322124951069456,20.674582480304018,3.914677059696636,20.675706723018642,3.322124951069456,20.674582480304018,3.914677059696636,1.495596755493118,1.7444032445068822
1.620466947555542,0.24272680044315875,0.05596566313660145,0.7679141973100195,0.9998509253235733,-0.01591366026633012,-0.006396910883485099,-0.00199049684031436,0.15005447304044525,0.1531693176446217,0.130175675826579,-0.024934519637171904,0.0005444505843974091,-0.09521151948156127,0.0,0.0,1.0,20.676025963486058,3.33530664932199,20.67477696830216,3.9115611941249924,20.676025963486058,3.33530664932199,20.67477696830216,3.9115611941249924,1.49559201178859,1.7444079882114103
1.6295762062072754,0.24423611595708294,0.05751262814433066,0.7692139751492466,0.9998479675544273,-0.01603138378908456,-0.006401431622999988,-0.002461337901363411,0.1518073920844644,0.156226865779784,0.1297785661076661,-0.023361111592446197,0.0005426896043504118,-0.09281646825162292,0.0,0.0,1.0,20.67627119024688,3.3459198402104366,20.674986736885657,3.9060695099247926,20.67627119024688,3.3459198402104366,20.674986736885657,3.9060695099247926,1.495706423275719,1.7442935767242813
1.6393346786499023,0.24576296807342057,0.05909026010215102,0.7705097816395804,0.9998449378805967,-0.016141182208365478,-0.0064057929458718275,-0.002920316455043974,0.1535624652731783,0.1593024474767825,0.12938149858369358,-0.021734882389007736,0.0005397737378004103,-0.09048640935240439,0.0,0.0,1.0,20.67645166815845,3.35393175545361,20.6752233728082,3.8982473654744734,20.67645166815845,3.35393175545361,20.6752233728082,3.8982473654744734,1.495938592099669,1.7440614079003312
1.6497879028320312,0.24730735838197285,0.06069873274320872,0.7718016167278928,0.9998418581681447,-0.016242803256515954,-0.006410008748179584,-0.0033677566851591186,0.15531570054535546,0.16239473248501815,0.12898436308921882,-0.02006127247313321,0.0005358172636811959,-0.08822183225861298,0.0,0.0,1.0,20.676579941640853,3.3593330739714427,20.675497796318425,3.8881386700613376,20.676579941640853,3.3593330739714427,20.675497796318425,3.8881386700613376,1.496286632234188,1.7437133677658123
1.6598694324493408,0.24886924872804642,0.06233820635483676,0.7730894798358819,0.9998387487440256,-0.016336022314268523,-0.006414092779872492,-0.003803984587362493,0.15706313778414732,0.1655023628637461,0.12858716214925794,-0.01834591257844194,0.0005308769550032454,-0.08602287925489915,0.0,0.0,1.0,20.676666448765435,3.362133393238162,20.67581778786493,3.87578888259183,20.676666448765435,3.362133393238162,20.67581778786493,3.87578888259183,1.496748239853814,1.743251760146186
1.669996976852417,0.25044856165310886,0.06400882751195135,0.7743733708061242,0.9998356283881068,-0.016420643263853882,-0.006418058807532882,-0.004229326388967684,0.15880087247081823,0.16862395528259885,0.12818998111285476,-0.01659458038889162,0.0005249516570833763,-0.08388941206459087,0.0,0.0,1.0,20.67671683136951,3.362357953852471,20.67618725179993,3.8612469022142486,20.67671683136951,3.362357953852471,20.67618725179993,3.8612469022142486,1.497320719603036,1.7426792803969642
1.6804618835449219,0.2520451810772886,0.06571072883206155,0.7756532905015293,0.9998325143342698,-0.016496499122282883,-0.006421920620151688,-0.004644107262991835,0.16052508070741645,0.17175810292387783,0.12779294517991374,-0.014813156730150592,0.0005180542960434459,-0.08182106096622778,0.0,0.0,1.0,20.67673246270821,3.360045201581297,20.676606046156365,3.844566183339644,20.67673246270821,3.360045201581297,20.676606046156365,3.844566183339644,1.498001013376895,1.7419989866231052
1.6904878616333008,0.2536589532140397,0.06744402875085848,0.7769292410122172,0.9998294222804355,-0.016563452454727217,-0.006425691844605268,-0.005048650262160327,0.16223204128535373,0.17490337758301877,0.12739618085092394,-0.013007582160091607,0.0005102360127144847,-0.07981726191887184,0.0,0.0,1.0,20.676712324372538,3.355244908487858,20.677070723844963,3.8258053077492775,20.676712324372538,3.355244908487858,20.677070723844963,3.8258053077492775,1.4987857309071315,1.7412142690928687
1.699434757232666,0.2552896876879284,0.06920883132179163,0.7782012255557386,0.9998263664059088,-0.016621395572189123,-0.006429385780306852,-0.005443275418198352,0.16391815439537702,0.1780583322947985,0.12699979135116182,-0.011183814494507154,0.000501559194682512,-0.07787728547386735,0.0,0.0,1.0,20.67665464403038,3.348016666598739,20.67757616233277,3.8050281763492846,20.67665464403038,3.348016666598739,20.67757616233277,3.8050281763492846,1.4996711816871249,1.7403288183128753
1.7089314460754395,0.2569371588318936,0.0710052260448913,0.7794692482130804,0.999823359395229,-0.016670250519509294,-0.0064330153407895045,-0.005828298969793055,0.16557995860477032,0.1812215045317263,0.12660384784667914,-0.009347787557939212,0.0004920758209423343,-0.07600026004607083,0.0,0.0,1.0,20.676557959739352,3.3384286288790443,20.67811722414157,3.782303933791723,20.676557959739352,3.3384286288790443,20.67811722414157,3.782303933791723,1.50065340794921,1.7393465920507902
1.7199122905731201,0.25860110714904694,0.07283328772975717,0.7807333136362985,0.9998204124687211,-0.016709968860618436,-0.0064365930319292336,-0.006204032696173595,0.16721414667689805,0.18439141984508414,0.12620839297640757,-0.007505371481310455,0.0004818321620118325,-0.07418519128212599,0.0,0.0,1.0,20.67642178563006,3.3265564143621162,20.67868968944209,3.7577067056330344,20.67642178563006,3.3265564143621162,20.67868968944209,3.7577067056330344,1.501728218368546,1.7382717816314541
1.7296802997589111,0.2602812409231544,0.07469307639609656,0.7819934268199396,0.9998175354198839,-0.016740531269636788,-0.006440130900159124,-0.00657078334059771,0.1688175795667469,0.18756659575345297,0.12581345095828886,-0.005662334972820694,0.0004708801382141292,-0.07243097868575324,0.0,0.0,1.0,20.676246898614963,3.312482123680496,20.679290405183167,3.731315205401578,20.676246898614963,3.312482123680496,20.679290405183167,3.731315205401578,1.5028912220658581,1.737108777934142
1.7391979694366455,0.2619772379568378,0.07658463721332269,0.7832495929743974,0.9998147366591718,-0.01676194693871444,-0.006443640460953696,-0.006928852111683538,0.17038729805724132,0.1907455456876404,0.12541903878036115,-0.0038243099477971356,0.00045927844211786427,-0.07073643027005364,0.0,0.0,1.0,20.676035194755784,3.2962934311827716,20.679917018545353,3.703212253551536,20.676035194755784,3.2962934311827716,20.679917018545353,3.703212253551536,1.5041378624950696,1.7358621375049306
1.7506182193756104,0.2636887474150418,0.07850800047908771,0.7845018174946198,0.99981202326352,-0.01677425281539951,-0.006447132642885463,-0.007278534253354053,0.17192053217069053,0.1939267828480475,0.12502517474336483,-0.0019967588208729516,0.0004470869587472332,-0.06910027574217967,0.0,0.0,1.0,20.67578924663742,3.2780827330613427,20.68056760736384,3.673484239378391,20.67578924663742,3.2780827330613427,20.68056760736384,3.673484239378391,1.505463450851586,1.7345365491484142
1.7603704929351807,0.26541539175331685,0.08046318163555147,0.7857501059917095,0.9998094010310612,-0.016777512683577,-0.006450617754579521,-0.007620118676751297,0.17341470867477682,0.19710882389956894,0.12463188281257219,-0.00018494471221694214,0.00043436375079164267,-0.06752117854674115,0.0,0.0,1.0,20.675511826727796,3.2579463397451365,20.681240335935883,3.642220549307663,20.675511826727796,3.2579463397451365,20.681240335935883,3.642220549307663,1.5068631986653058,1.7331368013346944
1.7701458930969238,0.26715676871209704,0.08245018132177577,0.7869944643484504,0.999806874540564,-0.016771816103224292,-0.0064541054602934985,-0.007953887649205559,0.17486745675879908,0.20029019249661492,0.12423919305673799,0.0016060951440497481,0.00042116612093718474,-0.06599774697371755,0.0,0.0,1.0,20.675205586442523,3.2359837071236397,20.681933192876297,3.609512980018187,20.675205586442523,3.2359837071236397,20.681933192876297,3.609512980018187,1.508332249200323,1.7316677507996772
1.7808289527893066,0.2689124533581393,0.08446898546079609,0.7882348987672361,0.9998044472150169,-0.016757277226427263,-0.006457604755661189,-0.008280116536110532,0.1762766117991525,0.20346942268165613,0.1238471395009844,0.0033715722138652924,0.00040755186252130755,-0.06452854445721172,0.0,0.0,1.0,20.674872922659215,3.2122967072080826,20.68264386208419,3.575455153215705,20.674872922659215,3.2122967072080826,20.68264386208419,3.575455153215705,1.5098657070322952,1.730134292967705
1.7896904945373535,0.2706820001540822,0.08651956538005695,0.7894714157928038,0.9998021213887059,-0.016734033504895374,-0.0064611239473512175,-0.008599073591849936,0.17764021721878512,0.2066450621515037,0.12345575698159836,0.005106967000826995,0.0003935786526013638,-0.06311209913954442,0.0,0.0,1.0,20.674515975366,3.1869889323403715,20.683369740219213,3.5401419371389062,20.674515975366,3.1869889323403715,20.683369740219213,3.5401419371389062,1.511458666697834,1.7285413333021662
1.7999465465545654,0.2724649450377668,0.08860187796434466,0.79070402230603,0.9997998983770754,-0.01670224430657311,-0.0064646706416877885,-0.008911019796228431,0.17895652456295238,0.2098156754665583,0.12306507828416885,0.006808045404305851,0.00037930274930634335,-0.061746912748068025,0.0,0.0,1.0,20.67413669524389,2.9644759813287775,20.68410805369024,3.6993579449336558,20.67413669524389,2.9644759813287775,20.68410805369024,3.6993579449336558,1.5131062390441103,1.7268937609558899
1.8104829788208008,0.274260983474634,0.09071586433771292,0.791932454392312,0.9997978235318218,-0.01666213739309732,-0.006468092014660316,-0.009211353006837264,0.18025479469486824,0.21297959273440595,0.12262768823242594,0.008464905217834294,0.0003922505755985859,-0.05873112588854246,0.0,0.0,1.0,20.675600970561888,2.8009508968346593,20.68595685789426,3.797188128778883,20.675600970561888,2.8009508968346593,20.68595685789426,3.797188128778883,1.5147980186164218,1.7252019813835784
1.8198885917663574,0.2760698872980485,0.09286145078032579,0.793156494398718,0.9997959553203901,-0.016613926708903888,-0.006471281640178968,-0.009494613116615471,0.18152975963103501,0.2161354227578378,0.12218211779669248,0.010091525237162217,0.00039361237392228967,-0.05485901635921321,0.0,0.0,1.0,20.67841928119237,2.6777118350495694,20.688992818690046,3.8523977092374,20.67841928119237,2.6777118350495694,20.688992818690046,3.8523977092374,1.5165427860407883,1.723457213959212
1.82975435256958,0.2778913861134874,0.09503855200338418,0.7943761553666288,0.9997943390720593,-0.016557794957094706,-0.0064742538179024135,-0.009757203652962168,0.18277476409412047,0.21928223470257271,0.12174838734794499,0.01168659833667289,0.0003746011068339782,-0.05042919369092711,0.0,0.0,1.0,20.68152087687629,2.582060479346238,20.692766772789724,3.8777692222011853,20.68152087687629,2.582060479346238,20.692766772789724,3.8777692222011853,1.5183375196143603,1.72166248038564
1.8393800258636475,0.2797251497375004,0.09724707237954587,0.7955915943424805,0.9997930097539992,-0.016493927396284264,-0.0064770214928713075,-0.009996809424397608,0.18398372711376337,0.22241896655578486,0.12133590505763953,0.013245984233446764,0.00035203532616001675,-0.045647458953377656,0.0,0.0,1.0,20.68413055167734,2.505390798548157,20.696450731474826,3.882037523306508,20.68413055167734,2.505390798548157,20.696450731474826,3.882037523306508,1.5201769865007406,1.7198230134992596
1.849236249923706,0.2815707915225741,0.0994869046057282,0.7968030161758604,0.999791993921711,-0.016422524335350637,-0.006479553380083768,-0.01021200139541515,0.1851513016709216,0.22554436297770192,0.12094472780514408,0.014764852259690785,0.0003369486949130164,-0.040656687733573865,0.0,0.0,1.0,20.685879599183714,2.4418795982820796,20.69933429255255,3.871193337423983,20.685879599183714,2.4418795982820796,20.69933429255255,3.871193337423983,1.5220553080781876,1.7179446919218126
1.85971999168396,0.2834278748846725,0.10175792824922889,0.7980105996664887,0.9997913108166085,-0.016343805218571476,-0.006481814683151481,-0.010401967361978879,0.18627283406291914,0.22865704542518503,0.1205690703994208,0.016238546792316826,0.0003256039176020246,-0.035556990650345156,0.0,0.0,1.0,20.686647368632066,2.387592725199194,20.70117281352063,3.849364235585304,20.686647368632066,2.387592725199194,20.70117281352063,3.849364235585304,1.5239665997374072,1.716033400262593
1.8697428703308105,0.2852959218445429,0.1040600090458591,0.7992144591334659,0.9997909732556444,-0.016258008702160646,-0.006483798984759097,-0.010566328610185487,0.18734465586935006,0.23175561092686625,0.12020119059410093,0.017662926367425436,0.0003116707441002324,-0.030419315801475805,0.0,0.0,1.0,20.686504768091666,2.339876362096335,20.702130387322327,3.8194111506291435,20.686504768091666,2.339876362096335,20.702130387322327,3.8194111506291435,1.5259052332014216,1.7140947667985786
1.8794097900390625,0.2871744231609279,0.10639299907253212,0.8004146392438897,0.9997909885843078,-0.016165390715286856,-0.006485517586068081,-0.010705015192727483,0.18836416539640988,0.23483871655008,0.11983438107090488,0.019034450118309933,0.0002948633963162737,-0.02529462624093639,0.0,0.0,1.0,20.685703505942698,2.2969432504964917,20.702528790254547,3.7833329281437704,20.685703505942698,2.2969432504964917,20.702528790254547,3.7833329281437704,1.5278659157487242,1.712134084251276
1.8894128799438477,0.2890628473418772,0.108756737577981,0.8016111320702538,0.9997913595292183,-0.016066221954201192,-0.0064869788579374,-0.010818180444683375,0.18932955091412165,0.23790513042629347,0.11946453178276349,0.020350142441351856,0.0002781717524959351,-0.020220092512569756,0.0,0.0,1.0,20.684581405880976,2.2575919340356956,20.702669505526956,3.7425410917641964,20.684581405880976,2.2575919340356956,20.702669505526956,3.7425410917641964,1.5298436787171406,1.7101563212828597
1.898987054824829,0.29096064694276236,0.11115105211315472,0.8028039029924413,0.9997920848137,-0.015960785583919872,-0.006488184876056589,-0.010906141592472402,0.19023948269080665,0.24095374224414567,0.11909034073836328,0.02160752921983694,0.00026281959892939606,-0.015223273392843665,0.0,0.0,1.0,20.68342217478753,2.2210164925425344,20.702778015989555,3.69804657379544,20.68342217478753,2.2210164925425344,20.702778015989555,3.69804657379544,1.5318338444620607,1.7081661555379395
1.909893274307251,0.2928672629254402,0.1135757596104541,0.8039929144982219,0.9997931596100854,-0.01584937519956152,-0.006489139113738441,-0.010969338003259062,0.19109299561354576,0.24398354153850307,0.11871261966177388,0.022804590834246526,0.00024786378147792075,-0.010324941941441726,0.0,0.0,1.0,20.682377536349996,2.1866776281566205,20.702993427154635,3.650586548378741,20.682377536349996,2.1866776281566205,20.702993427154635,3.650586548378741,1.5338320064736768,1.7061679935263234
1.919647455215454,0.2947821283975873,0.11603066719582018,0.8051781416866984,0.9997945759532196,-0.01573229286105141,-0.006489849972171411,-0.011008301558191293,0.19188948770414788,0.2469935830598704,0.11833324167149456,0.02393973083172854,0.00023246167804100317,-0.005540999877950288,0.0,0.0,1.0,20.681479291827678,2.154215309613181,20.703362535325798,3.6007105069107945,20.681479291827678,2.154215309613181,20.703362535325798,3.6007105069107945,1.5358340216839712,1.704165978316029
1.9300827980041504,0.2967046721230569,0.11851557269302614,0.8063595780690256,0.9997963231483324,-0.015609847162779486,-0.0064903278247086535,-0.011023635305960214,0.1926286961705605,0.249982956913285,0.11795417685223758,0.025011745763301747,0.00021683760001351565,-0.00088377884752613,0.0,0.0,1.0,20.680690682602076,2.1233896134667694,20.70385234820195,3.5488386639574454,20.680690682602076,2.1233896134667694,20.70385234820195,3.5488386639574454,1.5378360032186076,1.7021639967813926
1.9400458335876465,0.29863432154573877,0.12103026490206795,0.8075372336455212,0.9997983881437348,-0.015482351426380148,-0.00649058198261695,-0.011015997686437483,0.19331063000782753,0.2529507716556282,0.11757686537175774,0.02601979181585215,0.00020152838956226314,0.003637070010716288,0.0,0.0,1.0,20.679949693997028,2.0940407205119813,20.70438844900307,3.495301607154186,20.679949693997028,2.0940407205119813,20.70438844900307,3.495301607154186,1.5398343097243985,1.7001656902756017
1.9499330520629883,0.3005705052121137,0.12357452377384809,0.8087111287505684,0.9998007558551093,-0.015350122067691025,-0.006490620845945243,-0.010986090528220008,0.19393551069576517,0.25589615022865075,0.11720198334772046,0.0269633520948761,0.00018665963322529164,0.008013961035248929,0.0,0.0,1.0,20.679195283688898,2.066061908624087,20.70489803784256,3.440367225036958,20.679195283688898,2.066061908624087,20.70489803784256,3.440367225036958,1.541825534104381,1.6981744658956193
1.9604430198669434,0.30251265477875083,0.12614812058743408,0.8098812870711601,0.9998034094596152,-0.01521347711501892,-0.006490453263058568,-0.010934649671583089,0.1945037442485966,0.2588182350095302,0.1168295210852196,0.02784220693040494,0.00017205621036018567,0.012240947909211099,0.0,0.0,1.0,20.678384113903313,2.039381353030604,20.7053348024434,3.384258992900646,20.678384113903313,2.039381353030604,20.7053348024434,3.384258992900646,1.5438064935086804,1.6961935064913198
1.969538688659668,0.30446020679265845,0.12875081819820772,0.8110477301979692,0.9998063306778627,-0.015072734847420914,-0.006490088829226368,-0.010862437464812523,0.1950159057837597,0.2617161976078366,0.11645903279397225,0.028656406116202005,0.00015762744152593726,0.016313420399121377,0.0,0.0,1.0,20.677499393973257,2.01394988989502,20.705682487622042,3.327168400076669,20.677499393973257,2.01394988989502,20.705682487622042,3.327168400076669,1.5457742197267386,1.6942257802732617
1.979306697845459,0.3064126042731272,0.13138237138429415,0.8122104747282072,0.9998095000447427,-0.014928212550906293,-0.006489537265499359,-0.010770236598922414,0.1954727181641705,0.26458924938173517,0.11608991997070074,0.029406242102850595,0.00014344936256276814,0.020227884184126486,0.0,0.0,1.0,20.67654915364171,1.989732820338242,20.705947367446683,3.269263411872642,20.67654915364171,1.989732820338242,20.705947367446683,3.269263411872642,1.5477259491994575,1.6922740508005427
1.9900319576263428,0.30836929806146224,0.13404252728395497,0.8133695318069428,0.9998128971627512,-0.014780225399959173,-0.006488807998926596,-0.01065884491423549,0.1958750270306045,0.26743664963908437,0.11572165263874049,0.030092224904558727,0.00012961148293010765,0.02398179670303274,0.0,0.0,1.0,20.675556086454737,1.9667044470579995,20.706148477883673,3.2106942454850076,20.675556086454737,1.9667044470579995,20.706148477883673,3.2106942454850076,1.5496591132830262,1.690340886716974
1.999680519104004,0.31032974795595714,0.136731025895079,0.8145249083212502,0.999816500936248,-0.014629085457957696,-0.006487910258348642,-0.010529070934392473,0.1962237815149872,0.2702577101331272,0.1153538870107004,0.030715059750273305,0.00011612631950017928,0.027573440836436015,0.0,0.0,1.0,20.674545839680455,1.944844450714156,20.706308679339934,3.1515973211512174,20.674545839680455,1.944844450714156,20.706308679339934,3.1515973211512174,1.5515713296677576,1.6884286703322426
2.009554862976074,0.312293423692305,0.1394476006024098,0.8156766087740636,0.9998202897896203,-0.014475100779653069,-0.006486853258341698,-0.010381729972585227,0.19652002220196038,0.2730517961241951,0.11498648428488834,0.03127562738258071,0.00010297213139413163,0.031001824293792668,0.0,0.0,1.0,20.673539183616892,1.9241355004731986,20.70644748738383,3.0920979726804623,20.673539183616892,1.9241355004731986,20.70644748738383,3.0920979726804623,1.5534603949824746,1.6865396050175256
2.0192575454711914,0.31425980581379465,0.14219197870516764,0.8168246370341151,0.9998242418712843,-0.0143185746026011,-0.006485646174860071,-0.010217640703991792,0.19676487171929913,0.27581832523379857,0.11461946256892878,0.03177496609916944,9.015089854218172e-05,0.03426659666056856,0.0,0.0,1.0,20.67254906200288,1.9045616927005649,20.70657695352979,3.0323123178698146,20.67254906200288,1.9045616927005649,20.70657695352979,3.0323123178698146,1.5553242779503085,1.6846757220496917
2.0302999019622803,0.3162283864422604,0.14496388192991064,0.8179689974994862,0.999828335242782,-0.014159804622442642,-0.006484298015038355,-0.01003762212646368,0.19695952482888954,0.2785567654319631,0.11425292139732035,0.03221425476266757,7.768760093535094e-05,0.03736797878724543,0.0,0.0,1.0,20.671580945160542,1.8861075469002975,20.706701258599626,2.97234856386389,20.671580945160542,1.8861075469002975,20.706701258599626,2.97234856386389,1.557161112532357,1.6828388874676432
2.04052996635437,0.31819866994947316,0.14776302692461382,0.8191096955595707,0.9998325480517618,-0.013999082350028176,-0.006482817557706803,-0.009842490853054258,0.19710523844162742,0.2812666331301006,0.11388697135345545,0.03259479646684197,6.560190829671848e-05,0.040306701015081,0.0,0.0,1.0,20.670634856798934,1.8687573772184567,20.706819019415185,2.9123079349154413,20.670634856798934,1.8687573772184567,20.706819019415185,2.9123079349154413,1.5589691908430405,1.6810308091569597
2.0490758419036865,0.3201701735346955,0.15058912573715658,0.8202467374895703,0.9998368586887874,-0.013836692547500183,-0.006481213375531103,-0.009633058697256993,0.1972033226785383,0.28394749187760726,0.11352168748913295,0.03291800278183021,5.3898480139789816e-05,0.0430839479423677,0.0,0.0,1.0,20.66970804565319,1.8524949169585707,20.706926416506402,2.8522853494510887,20.66970804565319,1.8524949169585707,20.706926416506402,2.8522853494510887,1.5607469558009317,1.6792530441990685
2.0597827434539795,0.3221424277175469,0.1534418862844075,0.8213801300272421,0.9998412459286289,-0.013672912739831967,-0.006479493856823047,-0.009410130522788154,0.1972551328648127,0.2865989517588986,0.11315709119388301,0.033185378537834584,4.2577033604283834e-05,0.04570130823781025,0.0,0.0,1.0,20.66879748199559,1.8373031134090043,20.70701971501713,2.7923699321685103,20.66879748199559,1.8373031134090043,20.70701971501713,2.7923699321685103,1.5624929935060827,1.6775070064939175
2.0692646503448486,0.32411497675157847,0.1563210128177703,0.8225098798803177,0.9998456890565031,-0.01350801279889062,-0.0064776671920853965,-0.009174502335311875,0.19726206177348776,0.28922066931114726,0.11279315506931269,0.03339850716236482,3.164052718834577e-05,0.04816072853311076,0.0,0.0,1.0,20.66790149606678,1.8231640370169648,20.707096692066475,2.7326454186538713,20.66790149606678,1.8231640370169648,20.707096692066475,2.7326454186538713,1.5642060253794206,1.6757939746205797
2.0804924964904785,0.32608737896052614,0.15922620638872603,0.8236359933393358,0.9998501679794688,-0.013342254597338168,-0.006475741351135072,-0.008926959596732073,0.19722553195455533,0.2918123476540128,0.11242982067105156,0.03355903668645029,2.109339039218788e-05,0.05046447076490322,0.0,0.0,1.0,20.667020303328727,1.8100588665079014,20.707157070461776,2.673190490278625,20.667020303328727,1.8100588665079014,20.707157070461776,2.673190490278625,1.5658849001835704,1.6741150998164298
2.0899157524108887,0.32805920700020935,0.162157165315002,0.824758476073535,0.9998546633232965,-0.013175891728959463,-0.0064737240755567355,-0.008668275745382701,0.197146988492192,0.29437373653605914,0.1120670190364044,0.0336686665789535,1.0937277492088781e-05,0.05261507255145345,0.0,0.0,1.0,20.66615566282628,1.9887749962805836,20.707202233990394,2.4232719903815383,20.66615566282628,1.9887749962805836,20.707202233990394,2.4232719903815383,1.5675285860860806,1.6724714139139196
2.099881649017334,0.3300298563701756,0.16511359151117297,0.8258774993362864,0.9998591286989733,-0.013009217724890481,-0.0064717494231654625,-0.008402349131091566,0.19699434049766218,0.29690565877391817,0.11173376050931887,0.03370533786912954,-2.8875321799791797e-05,0.05351652527682256,0.0,0.0,1.0,20.663983749994387,2.09791478095707,20.706742826882483,2.24460455675489,20.663983749994387,2.09791478095707,20.706742826882483,2.24460455675489,1.569116863044521,1.6708831369554793
2.1094794273376465,0.33199880241348734,0.16809518000251353,0.8269931934536985,0.999863520750176,-0.012842480807662537,-0.006469815703395779,-0.008133390715531591,0.19680205360982791,0.2994064000689061,0.11140422918715924,0.033697767311060604,-3.035066600305611e-05,0.05376427163206353,0.0,0.0,1.0,20.661367576433697,2.1601841129391977,20.705309373033796,2.1144040719484978,20.661367576433697,2.1601841129391977,20.705309373033796,2.1144040719484978,1.5706705788982602,1.66932942110174
2.1192970275878906,0.33396567008637656,0.17110161741563612,0.8281055370510573,0.9998678133717531,-0.012675874537529518,-0.006467852573070549,-0.007864151002605886,0.196577065532084,0.3018755330513557,0.11106585289708933,0.03365183195940988,-1.7203308641927755e-05,0.05358748105408581,0.0,0.0,1.0,20.65894411502259,2.190953840380635,20.703309225289118,2.0172058228321568,20.65894411502259,2.190953840380635,20.703309225289118,2.0172058228321568,1.5721927371232884,1.6678072628767118
2.1298511028289795,0.33593013796613413,0.1741325876897733,0.8292144223357665,0.9998719904840666,-0.012509576946912735,-0.006465888602980728,-0.007596408007370737,0.19632155622068725,0.30431300414190016,0.11071357907455688,0.033569389712321936,-1.9188541494358498e-05,0.0531383874725616,0.0,0.0,1.0,20.656883852932317,2.20064103595,20.701586360308017,1.9425317856441926,20.656883852932317,2.20064103595,20.701586360308017,1.9425317856441926,1.5736832206794322,1.666316779320568
2.139624834060669,0.33789190651253725,0.1771877750412364,0.8303197210225384,0.9998760425140122,-0.012343762933482232,-0.0064639961038185315,-0.007331294396588951,0.19603692493482017,0.30671895427910123,0.11034850529553204,0.03345107440799095,-3.411461196071418e-05,0.05251798263077258,0.0,0.0,1.0,20.65529920534513,2.1963102240101375,20.7006413330057,1.8832921466410815,20.65529920534513,2.1963102240101375,20.7006413330057,1.8832921466410815,1.5751409247496335,1.6648590752503667
2.1496238708496094,0.3398506901633413,0.1802668654912575,0.831421331357464,0.9998799645108938,-0.0121786066574534,-0.00646220190797157,-0.00706951597197739,0.1957243699060749,0.3090936215649376,0.10997523593736085,0.03329729547830767,-4.648311105441814e-05,0.051793129908009515,0.0,0.0,1.0,20.654338756875156,2.1827544196608013,20.70045097077405,1.8346952030735788,20.654338756875156,2.1827544196608013,20.70045097077405,1.8346952030735788,1.5765645409543834,1.6634354590456168
2.160148859024048,0.3418062128457632,0.18336954755232923,0.8325191996210602,0.9998837545688458,-0.01201428136638539,-0.006460488346933054,-0.006811496375799968,0.19538460262674093,0.31143727761544815,0.10959921006554663,0.03310854295511068,-5.171690243838561e-05,0.051007966806321865,0.0,0.0,1.0,20.653996328697318,2.1632267059655352,20.70076743144221,1.7935061963772352,20.653996328697318,2.1632267059655352,20.70076743144221,1.7935061963772352,1.5779528129225708,1.6620471870774294
2.1701393127441406,0.34375820436382687,0.18649551234762132,0.8336133194016476,0.9998874125245896,-0.011850958573114816,-0.006458839306800348,-0.006557472881305869,0.19501805890533522,0.3137501810199833,0.10922478516423842,0.03288549177165652,-5.549173005969445e-05,0.05019150185994771,0.0,0.0,1.0,20.654052903118885,2.139935686267308,20.70136824473221,1.7575440665574675,20.654052903118885,2.139935686267308,20.70136824473221,1.7575440665574675,1.5793046371090693,1.660695362890931
2.181814193725586,0.34570639998920366,0.18964445339190006,0.8347037171961573,0.9998909392044844,-0.011688806796501758,-0.006457257559183997,-0.006307560325758597,0.19462533113787392,0.3160325556781459,0.1088543581615477,0.03262902941549836,-6.188245344361556e-05,0.04936267671207141,0.0,0.0,1.0,20.65423030512003,2.1143811327796134,20.702086130256205,1.7253400620491721,20.65423030512003,2.1143811327796134,20.702086130256205,1.7253400620491721,1.5806191021079168,1.6593808978920834
2.1892855167388916,0.3476505424008883,0.19281606629700038,0.8357904337247355,0.9998943361116053,-0.011527990226817855,-0.0064557499419943725,-0.006061793954745073,0.19420728266068302,0.31828459687481986,0.10848839652717326,0.032340219997009735,-6.955677607815811e-05,0.04853374023283935,0.0,0.0,1.0,20.65434584242714,2.0875815971386666,20.70277532011123,1.695906499023689,20.65434584242714,2.0875815971386666,20.70277532011123,1.695906499023689,1.5818954744280922,1.658104525571908
2.1989314556121826,0.34959038333634346,0.19601004861023696,0.8368735080819641,0.9998976052460269,-0.01136866775872134,-0.006454314715735049,-0.005820157919117054,0.19376488163293618,0.3205064932387999,0.10812602620420987,0.03202023738566865,-7.610303199627222e-05,0.04771249751169355,0.0,0.0,1.0,20.65433721774729,2.060228946932352,20.70333114002334,1.6685804032768858,20.65433721774729,2.060228946932352,20.70333114002334,1.6685804032768858,1.5831331554007282,1.656866844599272
2.209882974624634,0.3515256839574951,0.19922609986479975,0.8379529683069598,0.9999007489164518,-0.011210992484139246,-0.0064529447456265895,-0.005582604047380002,0.1932990667259979,0.32269844944592,0.10776578997612665,0.03167030895478395,-8.133168596138414e-05,0.046903807998101704,0.0,0.0,1.0,20.65420986793119,2.0327933218288683,20.703725507726883,1.6429178766806154,20.65420986793119,2.0327933218288683,20.703725507726883,1.6429178766806154,1.5843316425173608,1.6556683574826394
2.2197070121765137,0.3534562146868752,0.20246392181426393,0.8390288286994039,0.999903769584493,-0.011055111461398703,-0.006451634928375146,-0.005349064221752818,0.19281075366329756,0.3248607018148897,0.10740628831382446,0.03129168326580437,-8.634114394636826e-05,0.04611058273509069,0.0,0.0,1.0,20.653994974749036,2.0055943671419887,20.703997769704394,1.618622723287249,20.653994974749036,2.0055943671419887,20.703997769704394,1.618622723287249,1.5854905070175502,1.65450949298245
2.229904890060425,0.3553817552389381,0.20572321878178793,0.8401010921087088,0.9999066697877658,-0.01090116560149165,-0.006450383407848749,-0.005119458600311457,0.19230087919309985,0.3269935260397855,0.10704656058200068,0.03088561125666748,-9.161378581303581e-05,0.04533444794847828,0.0,0.0,1.0,20.65373601248764,1.978849552634238,20.704210243409708,1.5954982229916919,20.65373601248764,1.978849552634238,20.704210243409708,1.5954982229916919,1.5866093804955366,1.6533906195044636
2.239485263824463,0.357302094783145,0.20900369805630364,0.8411697546461088,0.9999094521151477,-0.01074928963815439,-0.006449188543230436,-0.004893701073208513,0.1917703972372617,0.32909723871403174,0.10668619411021396,0.03045333124115392,-9.680227219881806e-05,0.04457618655950922,0.0,0.0,1.0,20.65347924293402,1.9527069553364087,20.704412104238546,1.57341457053387,20.65347924293402,1.9527069553364087,20.704412104238546,1.57341457053387,1.5876879433673847,1.6523120566326155
2.2490925788879395,0.35921703193160853,0.21230507028306483,0.8422348105270022,0.9999121191883693,-0.01059961218677028,-0.006448047330700873,-0.004671702830344368,0.1912202468812336,0.3311721944168489,0.10632523187355615,0.029996057608192538,-0.0001015642200475032,0.043836031745308604,0.0,0.0,1.0,20.653258555886758,1.9272675062854248,20.704629672806988,1.5522869078240076,20.653258555886758,1.9272675062854248,20.704629672806988,1.5522869078240076,1.5887259154258944,1.6512740845741058
2.2600395679473877,0.36112637452876717,0.21562704981449063,0.8432962555766575,0.999914673637481,-0.010452255865839935,-0.006446956329853755,-0.004453374658136877,0.19065133816280588,0.33321878037360525,0.105963981482211,0.029514975382357964,-0.00010595290016012343,0.04311386185459865,0.0,0.0,1.0,20.653085820569707,1.9026000750179473,20.7048712511322,1.5320604993305402,20.653085820569707,1.9026000750179473,20.7048712511322,1.5320604993305402,1.5897230505241617,1.6502769494758385
2.2698192596435547,0.3630299394194176,0.21896935500823939,0.8443540888767326,0.9999171180817583,-0.010307337440452214,-0.006445912748548884,-0.004238628409976181,0.19006456032486266,0.3352374108968433,0.1056028187409354,0.02901123910345022,-0.00011015463598465488,0.042409329626386834,0.0,0.0,1.0,20.65295419198248,1.8787516841728071,20.70513279131191,1.5127007203266538,20.65295419198248,1.8787516841728071,20.70513279131191,1.5127007203266538,1.5906791344447664,1.6493208655552338
2.279275894165039,0.3649275522880614,0.22233170847796907,0.8454083127735637,0.9999194551221314,-0.010164967968005144,-0.0064449143811205305,-0.00402737794222451,0.1894607906846538,0.3372285232101982,0.10524204565537665,0.02848597261295198,-0.00011421258255972066,0.04172194774013681,0.0,0.0,1.0,20.652848573093017,1.8557544247488922,20.705402259477673,1.4941862979239167,20.652848573093017,1.8557544247488922,20.705402259477673,1.4941862979239167,1.591593983383532,1.6484060166164682
2.2902214527130127,0.36681904752652245,0.2257138373121745,0.8464589318672132,0.9999216873392294,-0.010025252948135992,-0.006443959072398335,-0.003819539693127442,0.1888408933612197,0.33919257512769696,0.10488182401327108,0.027940268093214822,-0.00011805736464990845,0.04105114535177536,0.0,0.0,1.0,20.65275424910288,1.833630144285436,20.705665055376556,1.4765047575417367,20.65275424910288,1.833630144285436,20.705665055376556,1.4765047575417367,1.5924674417567386,1.6475325582432616
2.3001906871795654,0.36870426807243045,0.22911547327693801,0.8475059516648142,0.9999238172905087,-0.009888292481705304,-0.006443044563447033,-0.003615033018770231,0.18820571411794795,0.3411300441891234,0.10452217532406749,0.02737518479314257,-0.00012164975804985631,0.04039630532790061,0.0,0.0,1.0,20.65266068932182,1.8123936312163402,20.705909634559863,1.4596493634195886,20.65266068932182,1.8123936312163402,20.705909634559863,1.4596493634195886,1.5932993796739177,1.6467006203260826
2.309929370880127,0.37058306521842865,0.23253635301340783,0.8485493774207342,0.9999258475060099,-0.009754181437244883,-0.0064421686932917,-0.003413780368461288,0.18755607855086437,0.34304142756703737,0.10416302193264185,0.026791748184253495,-0.0001250152247485953,0.03975678863442191,0.0,0.0,1.0,20.65256234603039,1.7920547805023643,20.706130480242365,1.4436170675103002,20.65256234603039,1.7920547805023643,20.706130480242365,1.4436170675103002,1.5940896906856128,1.6459103093143874
2.319486379623413,0.37245529841882796,0.2359762182347987,0.8495892134332408,0.999927780485071,-0.009623009620513222,-0.006441329538909327,-0.003215707358269994,0.18689279327598787,0.3449272421601673,0.1038042416780606,0.02619094963754469,-0.0001281874397048931,0.03913195019372016,0.0,0.0,1.0,20.652458284416735,1.7726200680318063,20.70632761322109,1.4284071374886986,20.652458284416735,1.7726200680318063,20.70632761322109,1.4284071374886986,1.5948382899071316,1.6451617100928686
2.3295373916625977,0.37432083510393005,0.23943481592300994,0.8506254628316741,0.9999296186946228,-0.009494861944629954,-0.006440525361709573,-0.003020742780037708,0.1862166467377363,0.34678802449210955,0.10344571498990153,0.025573746410892197,-0.00013117199871419516,0.03852114909075173,0.0,0.0,1.0,20.652350977618532,1.7540935563161208,20.706504298728063,1.4140202421686112,20.652350977618532,1.7540935563161208,20.706504298728063,1.4140202421686112,1.5955451123740838,1.6444548876259164
2.339437484741211,0.3761795504952881,0.24291189852215858,0.8516581277316824,0.9999313645679397,-0.009369818599798534,-0.006439754514949866,-0.0028288185681732084,0.18552840877788215,0.34862433023230815,0.103087353488404,0.024941061914055037,-0.00013396060986763388,0.03792375503957859,0.0,0.0,1.0,20.652244412413232,1.7364775820155085,20.70666482083739,1.4004578444631912,20.652244412413232,1.7364775820155085,20.70666482083739,1.4004578444631912,1.596210111620801,1.6437898883791993
2.349728584289551,0.378031327418095,0.24640722412535765,0.8526872095744845,0.9999330205030198,-0.009247955221198322,-0.006439015429010331,-0.0026398697389311675,0.18482883032671757,0.35043673333171466,0.10272910868756106,0.02429378634987744,-0.00013655318488773992,0.03733915237571356,0.0,0.0,1.0,20.652142242022983,1.7197732263844503,20.706813028081193,1.3877217999020721,20.652142242022983,1.7197732263844503,20.706813028081193,1.3877217999020721,1.5968332585783482,1.643166741421652
2.360264539718628,0.3798760561160129,0.2499205566515925,0.8537127094817084,0.9999345888607766,-0.00912934305298519,-0.006438306641840744,-0.0024538343129739985,0.18411864405710068,0.3522258248921018,0.102370965769273,0.023632777721443173,-0.00013895865781514175,0.036766742416341,0.0,0.0,1.0,20.652046730634982,1.7039806368917203,20.70695156260534,1.375814091705759,20.652046730634982,1.7039806368917203,20.70695156260534,1.375814091705759,1.5974145408027347,1.6425854591972655
2.3698174953460693,0.38171363407488307,0.25345166601091373,0.8547346285165216,0.9999360719634511,-0.009014049106751033,-0.006437626808003402,-0.0022706532287235263,0.1833985655494777,0.3539922119352574,0.10201292990812806,0.022958863053495194,-0.00014118475924656352,0.03620594475158724,0.0,0.0,1.0,20.65195861279544,1.6890992468854726,20.70708162526868,1.3647366565345744,20.65195861279544,1.6890992468854726,20.70708162526868,1.3647366565345744,1.5979539619264358,1.6420460380735644
2.3808975219726562,0.3835439658568306,0.2570003282576392,0.8557529678106487,0.9999374720932842,-0.008902136313747045,-0.006436974679249377,-0.002090270251040403,0.18266929430605833,0.3557365162120442,0.10165501198182718,0.022272839672450334,-0.00014323416470140638,0.03565619784211153,0.0,0.0,1.0,20.65187749574583,1.675127925782527,20.707203208115097,1.3544912707224237,20.65187749574583,1.675127925782527,20.707203208115097,1.3544912707224237,1.598451541215806,1.6415484587841942
2.3913943767547607,0.3853669629431146,0.26056632573231386,0.8567677285715027,0.9999387914912524,-0.00879366367079671,-0.0064363490860822326,-0.0019126318778579338,0.1819315145145529,0.3574593731299691,0.10129721808899804,0.021575476474556432,-0.00014510811348823183,0.035116959170954386,0.0,0.0,1.0,20.651802403736,1.6620650820893883,20.70731562596473,1.3450794769731231,20.651802403736,1.6620650820893883,20.70731562596473,1.3450794769731231,1.5989073131797369,1.6410926868202633
2.40018892288208,0.38718254358463994,0.2641494471936653,0.8577789120134075,0.9999400323557831,-0.008688686379962417,-0.006435748933807618,-0.0017376872465116517,0.18118589578861358,0.3591614308189028,0.10093954450297016,0.020867515174837828,-0.00014680954100973777,0.03458770511304723,0.0,0.0,1.0,20.651732256046262,1.24694779549446,20.707418072966988,0.9335415991760025,20.651732256046262,1.24694779549446,20.707418072966988,0.9335415991760025,1.682652297581273,1.5573477024187272
2.4093215465545654,0.388989008203356,0.26774953554994724,0.8587864761250139,0.9999411873553683,-0.008587904514551482,-0.006435895555963912,-0.0015649200547645879,0.1801487544512682,0.3608517464650387,0.10057446597192,0.019923535168161904,-0.00040309225217198546,0.03423102455488575,0.0,0.0,1.0,20.6483566818708,0.9646051780281093,20.711277421879032,0.6543474501267222,20.6483566818708,0.9646051780281093,20.711277421879032,0.6543474501267222,1.6819010982829659,1.5580989017170344
2.4192349910736084,0.390784748506669,0.27136644025600093,0.8597903898022613,0.999942255530501,-0.008491998373583033,-0.006436537943500721,-0.0013937530265320955,0.17901849746581333,0.3625254556130759,0.10020868246760722,0.018896502321711226,-0.00040965734299797064,0.033966656976109545,0.0,0.0,1.0,20.646264905435817,0.7704186280279454,20.714192201486096,0.46281716999568484,20.646264905435817,0.7704186280279454,20.714192201486096,0.46281716999568484,1.6810832513062697,1.5589167486937305
2.429764747619629,0.39256899096091846,0.27499999458615604,0.8607906596068712,0.9999432418394271,-0.008401307727815815,-0.006436881414984067,-0.0012237997256575404,0.17783960803043086,0.36418211058039784,0.09984513772278061,0.017826125415987652,-0.0002763490246035474,0.03376529537360368,0.0,0.0,1.0,20.646892823988967,0.6348304198542757,20.714455429331935,0.32941726503333607,20.646892823988967,0.6348304198542757,20.714455429331935,0.32941726503333607,1.680230515006774,1.5597694849932262
2.4401049613952637,0.3943413051757368,0.27865003042461156,0.8617873112891893,0.9999441476869607,-0.008316013225032205,-0.006436835220671916,-0.0010547904910697698,0.17662905495373393,0.36582205426557185,0.09948482204833108,0.01673174471293261,-0.00022144250973949372,0.033607708799851706,0.0,0.0,1.0,20.648133042560808,0.5382214673778114,20.71392783189159,0.23458750023160133,20.648133042560808,0.5382214673778114,20.71392783189159,0.23458750023160133,1.6793583567932726,1.5606416432067276
2.450035810470581,0.3961014256107633,0.28231638427420197,0.8627803729528957,0.9999449718546547,-0.008236215375233991,-0.006436775494445006,-0.0008865326391917607,0.17539863193517724,0.3674459547270898,0.09912716736344743,0.015623635571687961,-0.0002637217749217545,0.03348121746766521,0.0,0.0,1.0,20.648338531053305,0.4675553712746596,20.714129786457185,0.16535886001204572,20.648338531053305,0.4675553712746596,20.714129786457185,0.16535886001204572,1.678474994207391,1.561525005792609
2.460120916366577,0.39784920006004026,0.28599890000304357,0.8637698639254723,0.9999457144741257,-0.008161971481650878,-0.006436887885132989,-0.0007188885286175208,0.17415814707423796,0.3690546482660087,0.09877086395403259,0.01450756573842702,-0.0003036152650253603,0.033377443617791984,0.0,0.0,1.0,20.647835256118086,0.41416393211527197,20.71473298277417,0.11312666449155803,20.647835256118086,0.41416393211527197,20.71473298277417,0.11312666449155803,1.67758503985393,1.5624149601460702
2.4707019329071045,0.399584549470793,0.2896974303679089,0.8647557910359933,0.9999463775806857,-0.008093315197116637,-0.00643706262217316,-0.0005517582643664487,0.17291265985743398,0.37064908576185174,0.09841459878137035,0.01338665211883106,-0.0002969637517824101,0.03329085082859634,0.0,0.0,1.0,20.64749327737166,0.37227951575157414,20.714944547191912,0.07541777632770535,20.64749327737166,0.37227951575157414,20.714944547191912,0.07541777632770535,1.676690986288677,1.5633090137113232
2.4791371822357178,0.4013074261900678,0.29341183796302406,0.865738150288131,0.9999469632405025,-0.008030267683104756,-0.006437175806408201,-0.00038506450321515104,0.17166330854527942,0.3722302889891696,0.09805744599314149,0.012262533597437814,-0.00027563192497260516,0.03321809259539928,0.0,0.0,1.0,20.6474774551248,0.3380624210245219,20.71470581549184,0.05027851755180357,20.6474774551248,0.3380624210245219,20.71470581549184,0.05027851755180357,1.675794143978282,1.5642058560217182
2.4899704456329346,0.40301779169309226,0.29714199576584505,0.8667169310052093,0.9999474725595533,-0.007972843422321865,-0.006437238594741401,-0.0002187436811392831,0.17041033945481815,0.37379931682419454,0.09769896965960712,0.011136122746021226,-0.0002716209486834583,0.03315674474887403,0.0,0.0,1.0,20.647466375842757,0.3089552253706247,20.714435317501728,0.033519011701202375,20.647466375842757,0.3089552253706247,20.714435317501728,0.033519011701202375,1.6748952425216979,1.5651047574783024
2.499476432800293,0.40471561441526366,0.30088778742635885,0.8676921202132708,0.9999479061993239,-0.007921052878188811,-0.006437315205708765,-5.274306345642941e-05,0.1691546194895546,0.37535724742894794,0.09733915228445185,0.010008019465315874,-0.0002807100965580769,0.03310481805541872,0.0,0.0,1.0,20.647304937248563,0.28325410477310625,20.714354033232222,0.022346007800801582,20.647304937248563,0.28325410477310625,20.714354033232222,0.022346007800801582,1.6739947615010267,1.5660052384989736
2.5092403888702393,0.40640087190280655,0.3046491074356796,0.8686637059868421,0.9999482650140183,-0.007874903822579734,-0.006437423439354637,0.00011298097837351453,0.1678971343040697,0.3769051719840113,0.09697824319472872,0.008878641982549337,-0.00028608648466780406,0.033060808619816855,0.0,0.0,1.0,20.64711518198495,0.25982383079308463,20.71436769404697,0.01489733853386772,20.64711518198495,0.25982383079308463,20.71436769404697,0.01489733853386772,1.6730930352432098,1.5669069647567904
2.520636558532715,0.408073548167545,0.30842586123915033,0.8696316792375823,0.9999485500175664,-0.007834402286150241,-0.0064375395743640285,0.00027846510162019434,0.1666382942737021,0.37844419071982,0.09661658782540788,0.007748246022601204,-0.0002839325308716974,0.0330235767720649,0.0,0.0,1.0,20.64702007812947,0.23790774046278626,20.71434899982168,0.00993155902257848,20.64702007812947,0.23790774046278626,20.71434899982168,0.00993155902257848,1.672190268124456,1.5678097318755442
2.529510259628296,0.4097336292472135,0.3122179652993197,0.8705960339671732,0.9999487620653721,-0.007799553226682618,-0.006437647659020825,0.00044374092840462876,0.16537808758741918,0.37997540747917863,0.09625448318583407,0.006616986365689956,-0.0002809419203106457,0.032992238114963324,0.0,0.0,1.0,20.64699869724388,0.2170012704498599,20.71429611048935,0.006621039348385653,20.64699869724388,0.2170012704498599,20.71429611048935,0.006621039348385653,1.6712865837962,1.5687134162038001
2.5395114421844482,0.411381101569581,0.3160253471134942,0.8715567664357683,0.9999489017600458,-0.007770360852513667,-0.006437754231124706,0.0006088362328590628,0.164116538193682,0.38149992587187026,0.09589209869772133,0.0054849856774371215,-0.00028123951166120095,0.032966079720066155,0.0,0.0,1.0,20.646973932678485,0.19676793580549062,20.714259231695888,0.004414026232257102,20.646973932678485,0.19676793580549062,20.714259231695888,0.004414026232257102,1.6703820802427334,1.5696179197572668
2.549117088317871,0.41301595274238634,0.31984794520906346,0.8725138739030883,0.9999489695715827,-0.007746828738564912,-0.006437869886546431,0.0007737755153051529,0.16285383079799148,0.38301884846451095,0.09552946807758476,0.004352359248299605,-0.0002830492680837924,0.03294450134721184,0.0,0.0,1.0,20.64691741664818,0.18424936614274137,20.714245539523652,0.002942684154838068,20.64691741664818,0.18424936614274137,20.714245539523652,0.002942684154838068,1.669476849571273,1.5705231504287271
2.560307741165161,0.4146381742177311,0.3236857091007397,0.8734673536519708,0.9999489659394499,-0.007728959367591893,-0.0064379950173728785,0.0009385754493397957,0.1615905161646683,0.38453327097459683,0.09516655347628677,0.003219384925247142,-0.000283465019883908,0.03292525468081767,0.0,0.0,1.0,20.646851134657584,0.18218673172266847,20.71421998535515,0.0019617894365587117,20.646851134657584,0.18218673172266847,20.71421998535515,0.0019617894365587117,1.668571113989816,1.5714288860101842
2.5700809955596924,0.41624776221790205,0.32753859926816564,0.8744172023219885,0.9999488912531569,-0.00771675389996874,-0.0064381245981787565,0.0011032418077766774,0.1603270574903697,0.3860442897329148,0.09480326052541273,0.002086310426966492,-0.0002825285257056727,0.032906048097194794,0.0,0.0,1.0,20.646791425522395,0.1870968870414927,20.71416204221535,0.0013078596243724745,20.646791425522395,0.1870968870414927,20.71416204221535,0.0013078596243724745,1.6676650716532768,1.5723349283467234
2.5797572135925293,0.4178447161909723,0.33140658717952415,0.8753634154839806,0.9999487457952779,-0.007710212547559796,-0.00643825748845727,0.0012677718379056173,0.15906366850143216,0.38755300537622955,0.0944394654829783,0.000953261060558328,-0.0002818311624241743,0.032885574292812005,0.0,0.0,1.0,20.646730289790636,0.19665558578854156,20.71408333890306,0.0008719064162483163,20.646730289790636,0.19665558578854156,20.71408333890306,0.0008719064162483163,1.6667588228123624,1.5732411771876378
2.5897021293640137,0.4194290376947495,0.3352896553173451,0.8763059875907666,0.9999485297397502,-0.007709334929900754,-0.006438396751743979,0.0014321569454794618,0.1578005309701611,0.3890605202975411,0.09407506137460862,-0.00017967733167177386,-0.00028184185440879265,0.032862857905636506,0.0,0.0,1.0,20.64665861260115,0.20931176863524287,20.714000873308027,0.0005812709441655442,20.64665861260115,0.20931176863524287,20.714000873308027,0.0005812709441655442,1.6658524361631122,1.574147563836888
2.5993142127990723,0.42100073012114064,0.33918779719434317,0.8772449122279745,0.9999482431829583,-0.007714120253459107,-0.0064385450229045085,0.001596384044389914,0.15653782219584544,0.3905679381917097,0.09370997790974289,-0.0013124407110940313,-0.000281956227889128,0.032837108681933645,0.0,0.0,1.0,20.646580306023843,0.2240301606083438,20.713919178070867,0.00038751396277702946,20.646580306023843,0.2240301606083438,20.713919178070867,0.00038751396277702946,1.664945962971432,1.5750540370285682
2.6089162826538086,0.42255979847185354,0.34310101736465826,0.878180182472924,0.9999478861562724,-0.0077245674214454175,-0.006438702794321678,0.0017604363320860913,0.15527568934914868,0.39207636368442433,0.09334418297317201,-0.0024449815766410554,-0.000281740236728991,0.03280765073679515,0.0,0.0,1.0,20.64650439735825,0.2401195615569246,20.713835636633675,0.00025834264185135294,20.64650439735825,0.2401195615569246,20.713835636633675,0.00025834264185135294,1.664039441282679,1.575960558717321
2.620068311691284,0.42410624903958816,0.3470293314309443,0.879111791211308,0.9999474586170628,-0.007740675109876187,-0.006438870048343249,0.0019242937977627913,0.15401424452748208,0.39358690189715834,0.09297767180178534,-0.003577265254470094,-0.00028133271168681974,0.032773885175846694,0.0,0.0,1.0,20.646434504754065,0.2571183110380175,20.713749960558836,0.00017222842790090196,20.646434504754065,0.2571183110380175,20.713749960558836,0.00017222842790090196,1.663132898887365,1.5768671011126352
2.6298041343688965,0.4256400891729396,0.35097276604722,0.8800397313302678,0.9999469604413411,-0.0077624418193619265,-0.006439047641405313,0.002087933570421782,0.1527535842109557,0.3951006580296697,0.09261045182318621,-0.004709265194868225,-0.0002809893408544059,0.032735268009862574,0.0,0.0,1.0,20.64636863276553,0.27471788094175065,20.71366465259861,0.004776408118759556,20.64636863276553,0.27471788094175065,20.71366465259861,0.004776408118759556,1.6622263570820075,1.5777736429179927
2.639425039291382,0.4271613272084591,0.3549313589181013,0.8809639957755175,0.9999463914272706,-0.007789865906844333,-0.006439236993256797,0.0022513302015662465,0.1514938066610656,0.3966187370414927,0.09224252953714476,-0.005840958581595326,-0.0002807298621434155,0.0326913107589151,0.0,0.0,1.0,20.64630434171238,0.2927119135500379,20.713580820333164,0.014175471088783552,20.64630434171238,0.2927119135500379,20.713580820333164,0.014175471088783552,1.6613198341809094,1.5786801658190908
2.6494157314300537,0.42866997255331496,0.35890515879529844,0.8818845775049429,0.999945751301409,-0.007822945592318253,-0.006439439278114508,0.0024144561090802823,0.15023502540132128,0.3981422434218589,0.09187390235843194,-0.006972320089297019,-0.0002804254681694228,0.032641640486118575,0.0,0.0,1.0,20.646241229319788,0.31096227898002715,20.71349684824525,0.02677722035237974,20.646241229319788,0.31096227898002715,20.71349684824525,0.02677722035237974,1.6604133505107304,1.5795866494892699
2.659566879272461,0.4301660358236075,0.36289422547264055,0.8828014693915882,0.9999450397199531,-0.007861678948690698,-0.006439655280859632,0.0025772821793415657,0.14897736846399842,0.3996722811133878,0.09150455642921723,-0.008103320495258363,-0.00028001314561656933,0.032586015089074764,0.0,0.0,1.0,20.646179676922056,0.32937645614381733,20.713410558231157,0.04152030005192605,20.646179676922056,0.32937645614381733,20.713410558231157,0.04152030005192605,1.659506929521862,1.5804930704781381
2.6698527336120605,0.43164952896043535,0.3668986297807855,0.8837146641251624,0.9999442562662703,-0.007906063890733324,-0.006439885755415454,0.002739778331861905,0.14772097348733806,0.4012099535295407,0.09113446871572299,-0.009233928376985851,-0.00027953080102651774,0.03252429351781493,0.0,0.0,1.0,20.646119464588658,0.3478924297699618,20.71332107687224,0.05769712393269179,20.646119464588658,0.3478924297699618,20.71332107687224,0.05769712393269179,1.6586005964308048,1.5813994035691954
2.680107593536377,0.43312046531939624,0.37091845358217823,0.8846241541418494,0.9999434004492035,-0.007956098169802998,-0.006440131633324741,0.0029019139445545326,0.1464659860690397,0.40275636359694195,0.0907636109480399,-0.010364111493151822,-0.00027902178164246127,0.03245640436632509,0.0,0.0,1.0,20.646060053958273,0.3664685945545615,20.713228634179245,0.07483587019757962,20.646060053958273,0.3664685945545615,20.713228634179245,0.07483587019757962,1.6576943771155734,1.5823056228844268
2.69037127494812,0.43457885973950355,0.3749537897663386,0.8855299315918963,0.9999424717032911,-0.008011779374114309,-0.006440393929085877,0.0030636581420612455,0.14521255764643637,0.40431261378668465,0.09039195355417105,-0.01149383776090252,-0.0002784836824502463,0.03238232140145022,0.0,0.0,1.0,20.64600136501636,0.3850770028550061,20.713133595515103,0.09262184401002585,20.64600136501636,0.3850770028550061,20.713133595515103,0.09262184401002585,1.6567882973338206,1.5832117026661796
2.6998214721679688,0.4360247285835108,0.3790047422452868,0.8864319883396438,0.999941469389256,-0.008073104932641233,-0.006440673607894601,0.003224979981110878,0.143960842069012,0.4058798061145618,0.09001946842675382,-0.012623075925445489,-0.00027789574099308504,0.032302046606487965,0.0,0.0,1.0,20.645943825991843,0.40369884804563805,20.71303610918138,0.11084507504492479,20.645943825991843,0.40369884804563805,20.71303610918138,0.11084507504492479,1.6558823821870012,1.584117617812999
2.709728717803955,0.43745808974932926,0.38307142594881477,0.8873303159829261,0.9999403927936955,-0.008140072120569863,-0.006440971583964083,0.0033858485666353575,0.14271099297112386,0.40745904211064304,0.08964613011911439,-0.01375179583973094,-0.0002772525701463336,0.032215599202697,0.0,0.0,1.0,20.645887900077984,0.42232144278618944,20.71293630198802,0.12936539626856497,20.645887900077984,0.42232144278618944,20.71293630198802,0.12936539626856497,1.6549766558964047,1.5850233441035955
2.7198054790496826,0.438878962665201,0.3871539668193611,0.8882249058778119,0.9999392411284145,-0.008212678064726224,-0.006441288781810615,0.003546233123328268,0.1414631629661035,0.409051422769085,0.08927191569831686,-0.014879968378366012,-0.0002765626979379125,0.0321230088784874,0.0,0.0,1.0,20.645833794377033,0.44093619653876825,20.71283439356761,0.1480891701668879,20.645833794377033,0.44093619653876825,20.71283439356761,0.1480891701668879,1.654071141871821,1.5859288581281792
2.7303948402404785,0.44028736828086873,0.3912525018063404,0.8891157491583666,0.9999380135300602,-0.008290919748085464,-0.006441626157221389,0.00370610303935056,0.14021750375328382,0.41065804848803616,0.08889680381398188,-0.016007565164943154,-0.0002758319812499678,0.03202431178798743,0.0,0.0,1.0,20.64578152466912,0.45953726128888417,20.712730570654234,0.16695377582702173,20.64578152466912,0.45953726128888417,20.712730570654234,0.16695377582702173,1.6531658629295265,1.5868341370704737
2.7396528720855713,0.4416833290583837,0.3953671788598625,0.8900028367465435,0.9999367090600747,-0.00837479401294872,-0.006441984674572435,0.0038654278935798493,0.13897416610068872,0.412280019006395,0.0885207735613372,-0.017134558270533833,-0.0002750586113117144,0.03191954829035199,0.0,0.0,1.0,20.645731062672905,0.4781206245083751,20.712624868597455,0.18591726782723417,20.645731062672905,0.4781206245083751,20.712624868597455,0.18591726782723417,1.6522608415333997,1.5877391584666005
2.7507882118225098,0.44306686896143016,0.3994981569238369,0.8908861593520827,0.9999353267046415,-0.008464297562609318,-0.006442365288600239,0.004024177473915424,0.1377332996034155,0.41391843334323675,0.08814380354769312,-0.018260919926115397,-0.00027423933994089777,0.0318087617410478,0.0,0.0,1.0,20.645682376332577,0.4966835015249332,20.71251720743276,0.204951481907846,20.645682376332577,0.4966835015249332,20.71251720743276,0.204951481907846,1.6513561000249493,1.588643899975051
2.7600560188293457,0.4444380134430474,0.40364560592851256,0.8917657074652282,0.9999338653745058,-0.008559426961465708,-0.006442768948747817,0.00418232179106034,0.13649505256163202,0.41557438974428873,0.08776587135248029,-0.019386622233874017,-0.000273374038468606,0.03169199789437294,0.0,0.0,1.0,20.645635409995858,0.51522392816827,20.712407495892318,0.22403743781059007,20.645635409995858,0.51522392816827,20.712407495892318,0.22403743781059007,1.6504516608542956,1.5895483391457046
2.770336866378784,0.4457967894333034,0.40780970678252326,0.8926414713460746,0.9999323239047713,-0.008660178633642664,-0.006443196609306334,0.004339831090101291,0.13525957207309208,0.4172489856363727,0.08738695338685411,-0.02051163687691045,-0.0002724643167852827,0.03156930464606308,0.0,0.0,1.0,20.645590094692825,0.5337404873025244,20.71229568588297,0.24316227317656358,20.645590094692825,0.5337404873025244,20.71229568588297,0.24316227317656358,1.6495475468124912,1.590452453187509
2.7794392108917236,0.4471432253279994,0.41199065136450364,0.8935134410138812,0.9999307010547636,-0.008766548860234211,-0.006443649230854441,0.004496675861111405,0.13402700416819205,0.41894331758741776,0.08700702504248795,-0.021635934846345517,-0.0002715108816644423,0.03144073195488004,0.0,0.0,1.0,20.64554638692753,1.138784824589993,20.71218176736207,0.8488698977260695,20.64554638692753,1.138784824589993,20.71218176736207,0.8488698977260695,1.56418019249624,1.6758198075037603
2.7900757789611816,0.4484786393096285,0.4161886418988637,0.894381632224556,0.9999290037456379,-0.008878356374333162,-0.00644355485754805,0.004652188425259364,0.13302300615979004,0.4206583434549203,0.0866305683608133,-0.022697295931751005,-6.821067508075722e-05,0.031084214673242568,0.0,0.0,1.0,20.64817602341964,1.5553627109115395,20.709117520302396,1.2666546057684591,20.64817602341964,1.5553627109115395,20.709117520302396,1.2666546057684591,1.5622221798702112,1.677777820129789
2.799729108810425,0.44980520700952786,0.42040389116989096,0.8952460662949053,0.9999272386594361,-0.008995288600716096,-0.006442700092469581,0.004805599382303934,0.132252452755865,0.42239519182117313,0.086255757902029,-0.02369048473219974,8.182242241414953e-05,0.030605584834703926,0.0,0.0,1.0,20.65176611211315,1.8461255219393768,20.704743918758922,1.5592583815093137,20.65176611211315,1.8461255219393768,20.704743918758922,1.5592583815093137,1.5602691901523345,1.6797308098476658
2.8102424144744873,0.4511250415174118,0.4246366217833802,0.8961067468364363,0.9999254074205104,-0.009117014047634993,-0.006441568352630956,0.004956394550453878,0.13168057097180536,0.42415474529430697,0.08588025856639134,-0.024618964068177065,7.971544567017511e-05,0.030044315282517504,0.0,0.0,1.0,20.65387827546415,2.052881713111237,20.701605305271606,1.7684624421033481,20.65387827546415,2.052881713111237,20.701605305271606,1.7684624421033481,1.5583216481900872,1.681678351809913
2.8191449642181396,0.4524399497871781,0.42888706472548904,0.896963658260671,0.9999235115209841,-0.009243214599441853,-0.00644057055748977,0.0051042278854921365,0.13127274634728625,0.4259377950700128,0.08550227336663824,-0.025486554823227977,3.479911540115547e-05,0.029427268413653684,0.0,0.0,1.0,20.654465392277896,2.2035334078295037,20.699939502702577,1.9220911074619496,20.654465392277896,2.2035334078295037,20.699939502702577,1.9220911074619496,1.5563795543493155,1.6836204456506847
2.8300304412841797,0.4537514233094102,0.4331554587254996,0.8978167729970867,0.9999215547532618,-0.009373592936856582,-0.00643968321560691,0.005248864196816288,0.13099872706377183,0.42774509221915347,0.08512108738943312,-0.02629703334858142,4.0542364635396854e-05,0.02877278334722738,0.0,0.0,1.0,20.65481755312653,2.3167034254669194,20.698630092500935,2.0386746076442273,20.65481755312653,2.3167034254669194,20.698630092500935,2.0386746076442273,1.5544427583499874,1.6855572416500129
2.8401527404785156,0.45506067195856786,0.43744204983386653,0.8986660612503378,0.999919541485183,-0.009507871213327041,-0.006438732424731808,0.005390145249918538,0.13083224350623332,0.4295773466552131,0.08473697003073902,-0.027053869053311287,8.092236211449671e-05,0.02809341668332959,0.0,0.0,1.0,20.655563819159585,2.404821532534248,20.69714679807636,2.1305531015130734,20.655563819159585,2.404821532534248,20.69714679807636,2.1305531015130734,1.552511171937928,1.6874888280620721
2.850278377532959,0.4563686741219831,0.44174709105734106,0.8995114982693707,0.9999174748957113,-0.009645786748647016,-0.006437683459053617,0.005527967788066646,0.1307529645478237,0.4314352357919637,0.08435072721366187,-0.02775975652385844,0.00010758396451410676,0.027397796333399484,0.0,0.0,1.0,20.656427793946456,2.476181208158059,20.695783560082674,2.205941171074334,20.656427793946456,2.476181208158059,20.695783560082674,2.205941171074334,1.5505851711295393,1.689414828870461
2.860445737838745,0.45767623999033663,0.4460708420540074,0.9003530674395154,0.9999153572468353,-0.00978708752086571,-0.006436613765816705,0.005662266597659533,0.13074740963029774,0.43331941032764504,0.08396325542552356,-0.028416376503920916,0.00011231768374896306,0.02669188344451259,0.0,0.0,1.0,20.65708504482489,2.536310581302426,20.69482426064492,2.2703011093670207,20.65708504482489,2.536310581302426,20.69482426064492,2.2703011093670207,1.548665832474955,1.6913341675250453
2.8690121173858643,0.45898406904795663,0.45041356879727845,0.9011907599334468,0.9999131908945974,-0.009931528176964168,-0.00643556935094009,0.005793001828446699,0.1308071486467079,0.4352304838947008,0.08357526692988625,-0.029024529990090166,0.00011577108783518514,0.025979837312469944,0.0,0.0,1.0,20.657585404058974,2.5888877693552645,20.694150734507843,2.327257905734556,20.657585404058974,2.5888877693552645,20.694150734507843,2.327257905734556,1.5467548725456666,1.6932451274543336
2.8803517818450928,0.4602927878226614,0.45477554312642177,0.9020245724650162,0.9999109785814297,-0.010078866453276172,-0.006434529933309128,0.005920151001669122,0.1309263955786541,0.4371690184431623,0.08318718134389423,-0.029584395183530728,0.0001291824386165559,0.02526460565801574,0.0,0.0,1.0,20.658106125288462,2.6363529280328315,20.6935160408961,2.3792097495379014,20.658106125288462,2.6363529280328315,20.6935160408961,2.3792097495379014,1.5448544796192187,1.6951455203807815
2.8895504474639893,0.46160297144355666,0.4591570422127443,0.9028545044850804,0.9999087231186031,-0.01022886007694727,-0.006433466377989119,0.006043704428162725,0.13110087274654705,0.439135519400566,0.08279912977663727,-0.030095692160934304,0.00014665864091013416,0.02454832234654639,0.0,0.0,1.0,20.658680416806565,2.680317452838346,20.692834279881577,2.4277353177217806,20.658680416806565,2.680317452838346,20.692834279881577,2.4277353177217806,1.5429672090430662,1.697032790956934
2.8998329639434814,0.4629151588030147,0.463558348020577,0.9036805557495392,0.9999064271905432,-0.010381264384957697,-0.006432377625917746,0.006163662133115817,0.13132766311702304,0.4411304394041529,0.08241103191034463,-0.030557762932650653,0.0001608277658360031,0.023832573570544847,0.0,0.0,1.0,20.659231812540614,2.721837375036512,20.692154363062016,2.473865303831242,20.659231812540614,2.721837375036512,20.692154363062016,2.473865303831242,1.541095940108408,1.6989040598915923
2.9098262786865234,0.4642298653808165,0.46797974679872606,0.9045027248080215,0.9999040934824183,-0.01053583068795887,-0.006431276267694376,0.006280031400190893,0.1316050339722248,0.44315418195906586,0.08202270935708611,-0.030969652984582395,0.0001719574925813672,0.02311857697103291,0.0,0.0,1.0,20.659720139730428,2.761596161831619,20.691512274012066,2.518263575831042,20.659720139730428,2.761596161831619,20.691512274012066,2.518263575831042,1.5392438274739408,1.7007561725260594
2.9200797080993652,0.4655475925452521,0.4724215285871463,0.9053210085518306,0.999901724852636,-0.010692305172956154,-0.006430166059281715,0.0063928249829283195,0.13193196717196198,0.4452071014824301,0.08163399137553293,-0.031330213922175366,0.00018364409965293093,0.022407302802104585,0.0,0.0,1.0,20.660175499351233,2.800027204259615,20.69088898673415,2.5613483000572943,20.660175499351233,2.800027204259615,20.69088898673415,2.5613483000572943,1.5374142310969905,1.7025857689030097
2.929957628250122,0.4668688326239835,0.47688398671847887,0.9061354025857539,0.9998993243594062,-0.010850428151425779,-0.006429041118213236,0.006502060045451781,0.13230774231467207,0.44728950197328854,0.08124477973079089,-0.03163819213368337,0.00019697641226576427,0.021699555242068035,0.0,0.0,1.0,20.66063782519828,2.837396007068278,20.690261434906333,2.603373041260216,20.66063782519828,2.837396007068278,20.690261434906333,2.603373041260216,1.5356106527275601,1.70438934727244
2.9396464824676514,0.46819407128198565,0.4813674173113966,0.9069459020019875,0.9998968952096173,-0.01100993358969224,-0.006427896426216792,0.00660775756608828,0.1327317797326111,0.44940163639368264,0.08085506605272605,-0.031892284488196275,0.00021058184124781728,0.02099602611510518,0.0,0.0,1.0,20.661116757377155,2.8738553237081983,20.68963538542615,2.6444810517552355,20.661116757377155,2.8738553237081983,20.68963538542615,2.6444810517552355,1.5338366952864007,1.7061633047135996
2.949470281600952,0.46952378894904184,0.4858721187585119,0.907752502171157,0.9998944407456993,-0.01117054891209195,-0.006426731869958457,0.006709941901353459,0.13320361977115,0.45154370626742785,0.0804649161051816,-0.03209117457123678,0.00022343069791610142,0.02029733011455711,0.0,0.0,1.0,20.66160435239463,2.9094821418635677,20.689028916806365,2.6847416148551204,20.66160435239463,2.9094821418635677,20.689028916806365,2.6847416148551204,1.5320960355384994,1.7079039644615008
2.959702730178833,0.4708584617812431,0.49039839120532336,0.9085551993217256,0.9998919644785793,-0.011331995036504542,-0.006425548642888201,0.00680864041479618,0.1337228752440271,0.45371586046391993,0.08007444019889452,-0.03223356651775831,0.00023578401556204954,0.019604027943094755,0.0,0.0,1.0,20.66209760617808,2.9443025547297026,20.688449123154772,2.7241744367071217,20.66209760617808,2.9443025547297026,20.688449123154772,2.7241744367071217,1.5303923969390458,1.7096076030609544
2.9693520069122314,0.472198561922031,0.4949465360138781,0.9093539908361209,0.9998894701148306,-0.011493986580104674,-0.006424346089128398,0.006903883204870999,0.13428914433789602,0.4559181933555029,0.07968376370418892,-0.032318218762222996,0.0002481826823384016,0.018916641411310674,0.0,0.0,1.0,20.662600316860562,2.978308558225265,20.687891509953037,2.762766090360416,20.662600316860562,2.978308558225265,20.687891509953037,2.762766090360416,1.5287295208907987,1.7112704791092015
2.9796078205108643,0.4735445570487517,0.49951685520980404,0.9101488752978183,0.9998869615565471,-0.011656232195095517,-0.006423122344998643,0.006995702936172114,0.13490194671193526,0.45815074321320687,0.07929300529577947,-0.03234397262226273,0.00026064611650334507,0.01823566298764033,0.0,0.0,1.0,20.663113877316647,3.0114694410903526,20.68735140210147,2.800481149238381,20.663113877316647,3.0114694410903526,20.68735140210147,2.800481149238381,1.527111140628444,1.712888859371556
2.9896047115325928,0.4748969095183664,0.5041096509168154,0.9109398523782825,0.9998844428915047,-0.011818435023168062,-0.006421876080106962,0.0070841347220704075,0.13556070315860652,0.4604134912414908,0.07890226603222542,-0.03230977451934198,0.000272878437811561,0.01756156153670651,0.0,0.0,1.0,20.663634355569794,3.0437395392015976,20.686829041716646,2.8372697576389205,20.663634355569794,3.0437395392015976,20.686829041716646,2.8372697576389205,1.525540958963262,1.7144590410367382
2.9992990493774414,0.4762560753710369,0.5087252247835894,0.9117269226661737,0.9998819183900298,-0.01198029326383402,-0.006420606804134175,0.0071692160138419544,0.13626473088392574,0.46270636104800084,0.07851162871662216,-0.03221469501922865,0.00028472265385279293,0.01689478554933477,0.0,0.0,1.0,20.664156881096723,3.0750635525679444,20.68632670276677,2.873072818027357,20.664156881096723,3.0750635525679444,20.68632670276677,2.873072818027357,1.5240226275654833,1.7159773724345169
3.009200096130371,0.4776225032322559,0.5133638774059117,0.9125100875219748,0.9998793925059088,-0.012141500844529255,-0.006419314152167429,0.007250986489665373,0.1370132316541406,0.4650292182769043,0.0781211641084311,-0.03205794714145092,0.0002962195276107733,0.016235764764682196,0.0,0.0,1.0,20.664679187846588,3.1053802379213096,20.685845750662097,2.9078255935704416,20.664679187846588,3.1053802379213096,20.685845750662097,2.9078255935704416,1.5225597259211685,1.7174402740788317
3.0192947387695312,0.4789966330764645,0.5180259077456518,0.9132893490028667,0.9998768698725857,-0.012301748178029964,-0.0064179975009326555,0.007329487952311225,0.13780527603301035,0.4673818703588631,0.07773093947544324,-0.03183890374957298,0.0003074114876673479,0.015584910739923168,0.0,0.0,1.0,20.665200981041096,3.1346250180983755,20.685387133704253,2.941460256230571,20.665200981041096,3.1346250180983755,20.685387133704253,2.941460256230571,1.52115574015992,1.7188442598400802
3.0294837951660156,0.4803788948732156,0.5227116125480823,0.9140647098637797,0.9998743552929029,-0.012460722997596934,-0.006416656185930671,0.007404764234682997,0.13863979418143488,0.4697640664285763,0.07734102589219768,-0.03155711306507894,0.0003182472172942558,0.014942616718152823,0.0,0.0,1.0,20.66572195967317,3.1627318635950634,20.684952805862423,2.9739077277717083,20.66572195967317,3.1627318635950634,20.684952805862423,2.9739077277717083,1.519814042589382,1.7201859574106182
3.0396862030029297,0.4817697071813216,0.5274212857591297,0.9148361736148173,0.9998718537259463,-0.012618111264252541,-0.006415289767065815,0.007476861103958739,0.13951557428779468,0.472175497399087,0.07695150255155264,-0.031212312201163005,0.00032864274686851156,0.014309257052011054,0.0,0.0,1.0,20.666241208071064,3.189634682284744,20.684545688250104,3.005099043742846,20.666241208071064,3.189634682284744,20.684545688250104,3.005099043742846,1.5185378721116187,1.7214621278883815
3.0498154163360596,0.4831694757353845,0.5321552179438379,0.9156037446059606,0.9998693702730824,-0.012773598140055473,-0.006413898023068057,0.00754582615863237,0.140431263313884,0.4746157961408302,0.07656245797369185,-0.030804439182971512,0.000338548520534861,0.01368518637991752,0.0,0.0,1.0,20.66675767614322,3.215268376860429,20.68416866627245,3.034966395611817,20.66675767614322,3.215268376860429,20.68416866627245,3.034966395611817,1.5173303152313227,1.7226696847686775
3.059615135192871,0.4845785920347743,0.5369136957070766,0.9163674281128358,0.9998669101622292,-0.01292686901917307,-0.00641248082808925,0.007611708719318305,0.14138536723982986,0.47708453775715776,0.0761739889053878,-0.03033364364901951,0.00034794377780108637,0.013070738689979336,0.0,0.0,1.0,20.667270445812704,3.239569677129727,20.683824023331823,3.0634439549532217,20.667270445812704,3.239569677129727,20.683824023331823,3.0634439549532217,1.5161942875686956,1.7238057124313046
3.0694632530212402,0.4859974319392437,0.5416970011177368,0.917127230406299,0.9998644787291092,-0.013077610607938462,-0.006411038116157019,0.007674559715562672,0.14237625204424564,0.479581240001858,0.07578619801190067,-0.02980029602012218,0.00035680295176245414,0.012466226356205848,0.0,0.0,1.0,20.66777850392036,3.262477817006126,20.683513591971696,3.090468547195983,20.66777850392036,3.262477817006126,20.683513591971696,3.090468547195983,1.5151325161174298,1.7248674838825704
3.079231023788452,0.4874263542868775,0.5465054111380863,0.9178831587988976,0.999862081395598,-0.013225512045537886,-0.006409569931326186,0.007734431568747665,0.1434021469576937,0.48210536388791075,0.07539919138865199,-0.029204994882486266,0.0003650870886620766,0.011871939204085137,0.0,0.0,1.0,20.668280539551578,3.2839351008581743,20.683239041739206,3.115980217906582,20.668280539551578,3.2839351008581743,20.683239041739206,3.115980217906582,1.514147522530639,1.7258524774693613
3.0899147987365723,0.4888656995548032,0.5513391970602868,0.9186352216697273,0.9998597236459514,-0.013370266056963821,-0.006408076464560636,0.007791378070155409,0.14446114975955626,0.4846563145082326,0.07501307660260324,-0.028548572496029115,0.00037275725945425597,0.011288143649716746,0.0,0.0,1.0,20.668775046125244,3.303887387935445,20.683001935754486,3.1399227191049057,20.668775046125244,3.303887387935445,20.683001935754486,3.1399227191049057,1.513241607593803,1.726758392406197
3.100074529647827,0.4903157885776982,0.5561986239521726,0.9193834284740947,0.9998574110012975,-0.013511570129107087,-0.00640655804415248,0.007845454254245805,0.1455512331737676,0.4872334420681456,0.0746279615523982,-0.027832098408393423,0.0003797836090662116,0.01071508194622714,0.0,0.0,1.0,20.66926053972292,3.3222845133170518,20.68280366730489,3.1622439331687944,20.66926053972292,3.3222845133170518,20.68280366730489,3.1622439331687944,1.512416836990956,1.7275831630090441
3.1098458766937256,0.4917769213338036,0.5610839501143859,0.9201277897454786,0.9998551489923816,-0.013649127700061008,-0.006405015115423038,0.007896716268249367,0.14667025203949186,0.4898360431250122,0.0742439540704635,-0.02705688110407431,0.0003861423830016217,0.010152971560037902,0.0,0.0,1.0,20.66973566417093,3.3390806566671696,20.682645459684547,3.182896244968356,20.66973566417093,3.3390806566671696,20.682645459684547,3.182896244968356,1.511675028513563,1.7283249714864373
3.119478940963745,0.4932493758078565,0.5659954265509154,0.9208683170956217,0.9998529431306307,-0.013782649351306967,-0.00640344823786776,0.007945221239199246,0.14781595149897855,0.49246336203001667,0.07386116198686637,-0.026224467580023617,0.0003918108635260142,0.009602004690723679,0.0,0.0,1.0,20.670199176763234,3.3542346650564028,20.682528422414798,3.2018368680293037,20.670199176763234,3.3542346650564028,20.682528422414798,3.2018368680293037,1.5110177408963346,1.7289822591036657
3.1293246746063232,0.4947334069418208,0.5709332964550147,0.9216050232157479,0.9998507988778749,-0.01391185399228587,-0.006401858092391049,0.007991027139120824,0.1489859763451552,0.49511459256309737,0.07347969334117707,-0.025336640771323603,0.0003967672977861315,0.009062347942991726,0.0,0.0,1.0,20.67064991866285,3.367710332900412,20.68245357063849,3.2190281274512436,20.67064991866285,3.367710332900412,20.68245357063849,3.2190281274512436,1.5104462644427947,1.7295537355572055
3.1389873027801514,0.4962292456839549,0.5758977947123707,0.9223379218792388,0.99984872161514,-0.014036470026705357,-0.006400245482652935,0.00803419264900734,0.1501778813614327,0.49778887974835273,0.07309965650357138,-0.024395414807600598,0.000400993515594503,0.008534142155946762,0.0,0.0,1.0,20.671086814749444,3.3794766402266667,20.682421784905316,3.2344377005631912,20.671086814749444,3.3794766402266667,20.682421784905316,3.2344377005631912,1.5099616135600098,1.7300383864399904
3.14979887008667,0.49773709814487754,0.5808891474232665,0.9230670279443238,0.9998467166108758,-0.014156236489815436,-0.006398611328552397,0.008074777022411937,0.1513891424176126,0.5004853218378202,0.07272116008013606,-0.02340302811783175,0.0004044760546343283,0.008017502391504089,0.0,0.0,1.0,20.67150887866989,3.3895079494543756,20.682433758248017,3.248038815344664,20.67150887866989,3.3895079494543756,20.682433758248017,3.248038815344664,1.5095645212923825,1.7304354787076177
3.159586191177368,0.4992571448676493,0.5859075714453852,0.9237923573546165,0.999844788988928,-0.014270904145948166,-0.00639695665884652,0.008112839949612717,0.1526171681995492,0.5032029724545691,0.0723443125828747,-0.022361934422422076,0.00040720544392475866,0.00751251808048838,0.0,0.0,1.0,20.671915202894084,3.3977841603120993,20.682489967483548,3.259810406135527,20.671915202894084,3.3977841603120993,20.682489967483548,3.259810406135527,1.509255435926125,1.7307445640738752
3.1695597171783447,0.5007895402179569,0.590953273958814,0.9245139271354768,0.9998429436966231,-0.014380236535906067,-0.00639528260633373,0.008148441423246397,0.15385931251180715,0.5059408428878797,0.0719692219181503,-0.021274791678134692,0.00040917551963013055,0.0070192533221975426,0.0,0.0,1.0,20.672304944850385,3.4042908223064154,20.682590665843325,3.2697372259896293,20.672304944850385,3.4042908223064154,20.682590665843325,3.2697372259896293,1.509034519712171,1.7309654802878292
3.1795108318328857,0.5023344118995926,0.5960264520547347,0.9252317553848478,0.9998411854733567,-0.014484010964249725,-0.00639359040352112,0.008181641606200435,0.1551128870503418,0.5086979045328326,0.07159599477981596,-0.02014444907757751,0.0004103835862206268,0.0065377473311349485,0.0,0.0,1.0,20.672677325256263,3.409019204240557,20.682735881149377,3.2778099151461406,20.672677325256263,3.409019204240557,20.682735881149377,3.2778099151461406,1.5089016497223682,1.731098350277632
3.1891465187072754,0.5038918605991202,0.6011272923491999,0.9259458612580285,0.9998395188200946,-0.014582019417135151,-0.006391881376505896,0.008212500702509883,0.15637517449107166,0.51147309146508,0.07122473602954046,-0.01897393224050906,0.0004108308089603399,0.006068015022890734,0.0,0.0,1.0,20.673031638399287,3.4119663205744235,20.68292541508128,3.2840250254109975,20.673031638399287,3.4119663205744235,20.68292541508128,3.2840250254109975,1.5088564208196114,1.7311435791803889
3.199674367904663,0.5054619597620931,0.6062559706232944,0.9266562649465161,0.9998379479701613,-0.014674069402086569,-0.00639015693737027,0.00824107883199226,0.15764344173787387,0.5142653031400345,0.07085554812077481,-0.01776642676299988,0.00041052223822712273,0.005610047729572306,0.0,0.0,1.0,20.673367264237843,3.413134914820951,20.683158847250034,3.288385000665355,20.673367264237843,3.413134914820951,20.683158847250034,3.288385000665355,1.5088981506922863,1.731101849307714
3.209200859069824,0.5070447555017605,0.6114126514908639,0.9273629876514558,0.9998364768616793,-0.014759984701969878,-0.006388418576371126,0.008267435909311272,0.15891495319481358,0.5170734072043498,0.07048853059092129,-0.01652526031423315,0.00040946655318713324,0.005163814033800486,0.0,0.0,1.0,20.673683676134974,3.4125334006325856,20.68343554469274,3.2908981141936735,20.673683676134974,3.4125334006325856,20.68343554469274,3.2908981141936735,1.5090258868758522,1.730974113124148
3.220078229904175,0.508640266639875,0.616597488094871,0.9280660515523467,0.9998351091119994,-0.01483960603644099,-0.006386667854320882,0.008291631528083697,0.16018698393605138,0.5198962424062601,0.07012377962064728,-0.015253883492389833,0.0004076758432031578,0.004729260709209334,0.0,0.0,1.0,20.67398044465859,3.41017576172351,20.683754672911085,3.2915783640297365,20.67398044465859,3.41017576172351,20.683754672911085,3.2915783640297365,1.509238415657427,1.7307615843425732
3.229879856109619,0.5102484848779237,0.6218106218332927,0.9287654797715917,0.9998338479944455,-0.014912791625253793,-0.006384906394783571,0.008313724850563085,0.16145683264232874,0.5227326215902635,0.06976138764502789,-0.013955849670130388,0.0004051654975528744,0.004306313754614443,0.0,0.0,1.0,20.67425723928548,3.4060814122800602,20.684115205456976,3.2904453280365864,20.67425723928548,3.4060814122800602,20.684115205456976,3.2904453280365864,1.5095342727333574,1.7304657272666428
3.2395968437194824,0.5118693750957863,0.6270521821153275,0.9294612963353062,0.9998326964176626,-0.014979417648997873,-0.006383135875866669,0.00833377450336256,0.16272183417228464,0.5255813347610127,0.06940144299784605,-0.012634794074577141,0.0004019540787682326,0.0038948795084890455,0.0,0.0,1.0,20.6745138281723,3.4002750200083867,20.684515932469193,3.2875239809413834,20.6745138281723,3.4002750200083867,20.684515932469193,3.2875239809413834,1.5099117554668158,1.7300882445331844
3.2490429878234863,0.5135028757735651,0.6323222861485299,0.9301535261306512,0.999831656907807,-0.01503937860407723,-0.006381358021811238,0.008351838479609582,0.16397937164615406,0.5284411522011114,0.06904402957462835,-0.011294412355477481,0.0003980631063527846,0.003494845830080298,0.0,0.0,1.0,20.67475007562051,3.3927862944311276,20.68495546998341,3.2828444760152746,20.67475007562051,3.3927862944311276,20.68495546998341,3.2828444760152746,1.5103689365734483,1.729631063426552
3.2596940994262695,0.51514889953117,0.637621038757335,0.9308421948598484,0.9998307315937885,-0.015092587550015614,-0.006379574594651411,0.008367974047849369,0.16522688793243176,0.5313108276276167,0.06868922650772197,-0.00993843889877215,0.0003935167891283975,0.003106083333416463,0.0,0.0,1.0,20.674965937806075,3.3836497434582986,20.685432270987466,3.276441894506169,20.674965937806075,3.3836497434582986,20.685432270987466,3.276441894506169,1.5109036790479857,1.7290963209520145
3.269322633743286,0.5168073337792117,0.642948532233285,0.9315273289910098,0.9998299221957128,-0.015138976248456783,-0.006377787386031892,0.008382237667934287,0.16646189643962683,0.5341891013722425,0.06833710785433172,-0.008570625141564215,0.00038834175883540174,0.002728446660602514,0.0,0.0,1.0,20.67516145792429,3.372904401612308,20.685944638177794,3.2683559662896604,20.67516145792429,3.372904401612308,20.685944638177794,3.2683559662896604,1.5115136521333528,1.7284863478666475
3.280033588409424,0.5184780414738265,0.6483048462171217,0.9322089557059445,0.9998292300166367,-0.015178495194491973,-0.006375998209170501,0.008394684914059217,0.1676819911261714,0.5370747035704734,0.06798774230360569,-0.007194718138482197,0.0003825668096005363,0.0023617757811539375,0.0,0.0,1.0,20.67533676144548,3.3605935335750665,20.686490738188446,3.258630765492377,20.67533676144548,3.3605935335750665,20.686490738188446,3.258630765492377,1.5121963481264387,1.7278036518735616
3.289623498916626,0.5201608619672529,0.653690047612761,0.9328871028451778,0.9998286559376937,-0.015211113542167507,-0.006374208890997384,0.008405370405030449,0.16888485565437705,0.5399663573450506,0.06764119291083423,-0.005814439618712078,0.00037622262463228074,0.0020058973046495664,0.0,0.0,1.0,20.675492051476617,3.346764316940046,20.68706861718918,3.2473143850564004,20.675492051476617,3.346764316940046,20.68706861718918,3.2473143850564004,1.5129490998114932,1.727050900188507
3.2991223335266113,0.5218556119453195,0.6591041905330194,0.9335617988504881,0.9998282004165953,-0.015236818927182023,-0.006372421264558118,0.008414347741786838,0.17006827162911767,0.5428627819695777,0.06729751686610558,-0.00443346575789494,0.0003693414864035005,0.0016606257946677463,0.0,0.0,1.0,20.67562760397248,3.331467508189891,20.68767621763449,3.2344585943493054,20.67562760397248,3.331467508189891,20.68767621763449,3.2344585943493054,1.5137690983130074,1.7262309016869928
3.309983491897583,0.5235620864424789,0.6645473162768266,0.9342330727053308,0.9998278634894702,-0.01525561719085516,-0.0063706371617568815,0.008421669452126352,0.17123012587711414,0.5457626959983454,0.06695676530245932,-0.003055407870326636,0.000361956982714927,0.0013257650727861075,0.0,0.0,1.0,20.67574376265418,3.314757095980563,20.688311395702765,3.220118483981689,20.67574376265418,3.314757095980563,20.688311395702765,3.220118483981689,1.5146534111645995,1.7253465888354007
3.3194122314453125,0.5252800599246622,0.6700194533375147,0.9349009538735544,0.9998276447759533,-0.015267532010421223,-0.00636885840647632,0.0084273869425301,0.17236841673734432,0.5486648203488924,0.06661898314585372,-0.0016837942051245401,0.00035410371929456736,0.0010011095023495949,0.0,0.0,1.0,20.675840933616424,3.2966899457984233,20.688971938898362,3.204352101975437,20.675840933616424,3.2966899457984233,20.688971938898362,3.204352101975437,1.5155990003984703,1.72440099960153
3.329327344894409,0.527009287429997,0.6755206174416475,0.9355654722368226,0.9998275434873969,-0.015272604441558268,-0.006367086808093186,0.008431550456920962,0.17348125934723813,0.5515678813243471,0.06628420900693269,-0.0003220530058774924,0.0003458170409342785,0.000686445242717071,0.0,0.0,1.0,20.675919579626946,3.277325439971385,20.68965558342548,3.1872200853357358,20.675919579626946,3.277325439971385,20.68965558342548,3.1872200853357358,1.5166027404710327,1.7233972595289675
3.340331792831421,0.5287495057573542,0.6810508116177266,0.9362266580311525,0.9998275584380307,-0.015270892379828255,-0.0063653241554128635,0.008434209042144852,0.17456688992305794,0.5544706135636689,0.06595247511303963,0.0010265030188676872,0.00033713276070212,0.00038155146575254227,0.0,0.0,1.0,20.675980214138384,3.2567251169433415,20.690360031103857,3.1687852910023127,20.675980214138384,3.2567251169433415,20.690360031103857,3.1687852910023127,1.5176614358426548,1.7223385641573454
3.349902868270874,0.5305004346927313,0.6866100262940357,0.9368845417829599,0.9998276880588631,-0.0152624699489967,-0.006363572211051464,0.00843541051991591,0.17562366904596302,0.5573717629164208,0.06562380727808867,0.0023586904556165073,0.00032808690008351635,8.620152749912532e-05,0.0,0.0,1.0,20.67602339509788,3.2349523149352617,20.69108296566538,3.149112431363185,20.67602339509788,3.2349523149352617,20.69108296566538,3.149112431363185,1.5187718378479034,1.7212281621520968
3.359675645828247,0.5322617782636748,0.6921982394246718,0.9375391542449792,0.9998279304140983,-0.015247426823054622,-0.0063618327062686586,0.008435201464940789,0.17665008398030774,0.5602700892065595,0.06529822490837148,0.003671467869142759,0.0003187154445318663,-0.00019983591104969135,0.0,0.0,1.0,20.676049718700938,3.2120718200086746,20.691822068289678,3.128267714400151,20.676049718700938,3.2120718200086746,20.691822068289678,3.128267714400151,1.5199306613448902,1.72006933865511
3.369328737258911,0.5340332260122201,0.6978154166427651,0.9381905263324037,0.999828283219818,-0.015225867489946665,-0.006360107336259166,0.008433627188920332,0.17764475005440022,0.5631643688963203,0.0649757410416811,0.004961946700535305,0.00030905411349342664,-0.00047679581209293794,0.0,0.0,1.0,20.67605981320385,3.188149523014796,20.69257503232646,3.106318492980571,20.67605981320385,3.188149523014796,20.69257503232646,3.106318492980571,1.5211346004999573,1.718865399500043
3.379499912261963,0.5358144542772019,0.7034615114397518,0.9388386890595729,0.9998287438646593,-0.015197910464642373,-0.006358397755902566,0.008430731730066102,0.17860641114715975,0.566053397638628,0.0646563624179757,0.006227400438520848,0.0002991381484696004,-0.0007449157616833187,0.0,0.0,1.0,20.676054332924274,3.1632520885779494,20.693339577124235,3.0833329265174676,20.676054332924274,3.1632520885779494,20.693339577124235,3.0833329265174676,1.5223803436809078,1.7176196563190924
3.3889877796173096,0.5376051274772584,0.7091364653695805,0.9394836734775135,0.9998293094321915,-0.015163687460708251,-0.006356705575968518,0.008426557847762937,0.17953393933243492,0.5689359927082221,0.06434008958005234,0.0074652721172398205,0.0002890021215653951,-0.001004435030165341,0.0,0.0,1.0,20.676033952524342,3.1374466385433237,20.69411346085183,3.059379657448658,20.676033952524342,3.1374466385433237,20.69411346085183,3.059379657448658,1.5236645874131576,1.7163354125868426
3.3998937606811523,0.5394048993864143,0.7148402082765998,0.9401255106126707,0.9998299767246929,-0.015123342528720819,-0.006355032359736745,0.008421147022011041,0.18042633374051367,0.571810995304978,0.06402691700884615,0.008673180117747679,0.0002786797729270653,-0.0012555936877395664,0.0,0.0,1.0,20.675999361541137,3.110800452198406,20.694894491905213,3.0345275048477274,20.675999361541137,3.110800452198406,20.694894491905213,3.0345275048477274,1.5249840493002937,1.7150159506997065
3.4094314575195312,0.5412134143947198,0.7205726585458052,0.9407642314070848,0.9998307422880317,-0.015077031169597395,-0.006353379620047748,0.008414539457288827,0.18128271869937634,0.5746772727232023,0.0637168332859813,0.00984892234268666,0.00026820386036268307,-0.001498631782270096,0.0,0.0,1.0,20.67595125906668,3.0833806849543333,20.695680539017797,3.008845176871297,20.67595125906668,3.0833806849543333,20.695680539017797,3.008845176871297,1.5263354798867692,1.713664520113231
3.418875217437744,0.5430303087470659,0.7263337233740805,0.9413998666601892,0.9998316024373639,-0.015024919430517526,-0.006351748816836747,0.008406774090429274,0.18210234121652646,0.5775337203795401,0.06340982124986934,0.010990479058948333,0.0002576059907008046,-0.0017337886121220572,0.0,0.0,1.0,20.67589034906789,3.055254105450172,20.696469541554332,2.9824010020906684,20.67589034906789,3.055254105450172,20.696469541554332,2.9824010020906684,1.52771567362469,1.7122843263753103
3.4296038150787354,0.5448552117539771,0.7321232990610129,0.9420324469724229,0.9998325532833585,-0.014967182990738433,-0.006350141355050627,0.008397888602100625,0.18288456788046006,0.5803792636999023,0.06310585819871915,0.012096014119250268,0.0002469165395106412,-0.0019613020433497967,0.0,0.0,1.0,20.67581733641968,3.0264868532067637,20.697259517759313,2.9552626817786045,20.67581733641968,3.0264868532067637,20.697259517759313,2.9552626817786045,1.529121478643014,1.7108785213569861
3.439377546310425,0.5466877469688849,0.737941271317847,0.9426620026909285,0.9998335907586784,-0.0149040062445635,-0.006348558582873907,0.008387919431537449,0.18362888124560714,0.5832128598606003,0.0628049161117217,0.013163874826183553,0.000236164569628209,-0.002181407894190835,0.0,0.0,1.0,20.67573292327117,2.9971442172439886,20.698048571532844,2.9274970635789446,20.67573292327117,2.9971442172439886,20.698048571532844,2.9274970635789446,1.5305498054600466,1.7094501945399536
3.4488463401794434,0.5485275333270828,0.7437875155931116,0.943288563857555,0.9998347106444537,-0.014835581388227355,-0.00634700179029651,0.00837690179417661,0.1843348757713528,0.5860334993821398,0.06250696188772421,0.014192590513193387,0.0002253777502331089,-0.002394339381825406,0.0,0.0,1.0,20.67563780546043,2.967290435982113,20.698834898036104,2.899169936877784,20.67563780546043,2.967290435982113,20.698834898036104,2.899169936877784,1.5319976346335884,1.7080023653664118
3.459393262863159,0.5503741862422462,0.7496618974134415,0.9439121601593113,0.9998359085965014,-0.014762107516783914,-0.006345472208042914,0.00836486970184401,0.18500225338452914,0.5888402075748163,0.06221195759684292,0.015180869953789904,0.0002145822938138527,-0.002600326629868195,0.0,0.0,1.0,20.67553266909835,2.936988518432022,20.699616788156575,2.870345849876381,20.67553266909835,2.936988518432022,20.699616788156575,2.870345849876381,1.5334620233790701,1.70653797662093
3.4701075553894043,0.5522273186570869,0.755564272738111,0.9445328208813785,0.999837180171072,-0.014683789736569674,-0.006343971006818262,0.008351855985156559,0.18563081873249454,0.5916320458362331,0.06191986074164625,0.0161275977118254,0.00020380291890110578,-0.0027995962341426503,0.0,0.0,1.0,20.675418187546043,2.9063000864266084,20.700392631778172,2.8410879481095774,20.675418187546043,2.9063000864266084,20.700392631778172,2.8410879481095774,1.534940111192198,1.7050598888078021
3.4795987606048584,0.5540865420453643,0.7614944883258029,0.9451505748627665,0.9998385208499198,-0.014600838298243815,-0.006342499296823515,0.008337892317820715,0.18622047419063584,0.5944081128017583,0.06163062452522614,0.017031829548743965,0.0001930628311544663,-0.002992370883990158,0.0,0.0,1.0,20.675295018848626,2.8752852374223985,20.701160919938914,2.81145783392711,20.675295018848626,2.8752852374223985,20.701160919938914,2.81145783392711,1.5364291245205726,1.7035708754794276
3.48909592628479,0.5559514673630986,0.7674523821121518,0.9457654504546751,0.999839926064519,-0.014513467754825121,-0.006341058127518559,0.008323009242527558,0.18677121468472657,0.5971675453497747,0.06134419812400305,0.017892787004716457,0.00018238371508053097,-0.003178869036119626,0.0,0.0,1.0,20.67516380356419,2.8440024272075215,20.7019202460426,2.7815154462594918,20.67516380356419,2.8440024272075215,20.7019202460426,2.7815154462594918,1.5379263805351515,1.7020736194648487
3.499908924102783,0.5578217059474129,0.7734377835966203,0.9463774754815928,0.9998413912192683,-0.014421896148563958,-0.006339648487623606,0.00830723619816383,0.18728312238492625,0.5999095194643494,0.06106052696343069,0.018709851269722695,0.00017178573571343642,-0.0033593046378486975,0.0,0.0,1.0,20.67502516293619,2.812508371689473,20.70266930624303,2.751318959825359,20.67502516293619,2.812508371689473,20.70266930624303,2.751318959825359,1.539429290057349,1.7005707099426512
3.509343385696411,0.5596968703619831,0.7794505142373004,0.9469866772051615,0.9998429117135537,-0.014326344229914498,-0.006338271305341247,0.00829060154807813,0.1877563613240669,0.6026332509586539,0.06077955299491486,0.01948255645812976,0.00016128755228103745,-0.003533886896478968,0.0,0.0,1.0,20.67487969740094,2.780857966803469,20.703406899049735,2.7209247028028294,20.67487969740094,2.780857966803469,20.703406899049735,2.7209247028028294,1.5409353597010587,1.6990646402989416
3.5189528465270996,0.5615765751885746,0.7854903878522662,0.9475930822908044,0.9998444829625573,-0.014227034711314956,-0.00633692744877376,0.008273132609161578,0.18819117198832638,0.6053379960630784,0.06050121497229552,0.020210582396363582,0.00015090634329594687,-0.0037028200915030247,0.0,0.0,1.0,20.67472798541847,2.749104225478429,20.704131924197394,2.690387091882463,20.67472798541847,2.749104225478429,20.704131924197394,2.690387091882463,1.5424421932911183,1.697557806708882
3.5296630859375,0.5634604377646014,0.7915572110261465,0.9481967167771088,0.9998461004167268,-0.014124191557949282,-0.006335617726512564,0.008254855681522344,0.18858786592372573,0.6080230518825502,0.06022544872625451,0.020893747028173083,0.00014065784028729258,-0.003866303426320579,0.0,0.0,1.0,20.674570582586426,2.717298230521104,20.70484338085158,2.6597585835420046,20.674570582586426,2.717298230521104,20.70484338085158,2.6597585835420046,1.543947492620779,1.6960525073792212
3.5390615463256836,0.5653480788670592,0.7976507835206353,0.9487976060479336,0.9998477595798414,-0.014018039317156549,-0.006334342888382505,0.00823579607855357,0.1889468203972873,0.6106877567280352,0.059952187435042804,0.021531998535958732,0.00013055636839167,-0.004024530916190988,0.0,0.0,1.0,20.674408020995145,2.6854891022273,20.70554036523407,2.6290896403310824,20.674408020995145,2.6854891022273,20.70554036523407,2.6290896403310824,1.5454490576108257,1.6945509423891745
3.549720048904419,0.567239123343544,0.8037708986877076,0.9493957748071975,0.9998494560256248,-0.013908802487679351,-0.006333103626324975,0.008215978157213553,0.18926847314712691,0.6133314903276196,0.059681361890014106,0.022125407269892903,0.00012061489272444773,-0.004177691309211494,0.0,0.0,1.0,20.674240808793243,2.653723979500426,20.706222067750122,2.598428710925117,20.674240808793243,2.653723979500426,20.706222067750122,2.598428710925117,1.5469447859321634,1.6930552140678368
3.559709072113037,0.5691332006913927,0.8099173438843659,0.9499912470562889,0.9998511854128852,-0.013796704929502308,-0.00633190057540351,0.008195425348355857,0.18955331725128974,0.615953673922908,0.0594129007546027,0.022674157569325355,0.00011084506994704185,-0.004325968037209504,0.0,0.0,1.0,20.674069429946954,2.62204801324905,20.7068877696928,2.567822222699264,20.674069429946954,2.62204801324905,20.7068877696928,2.567822222699264,1.5484326721521475,1.6915673278478527
3.569333553314209,0.5710299455862561,0.8160899008878003,0.9505840460740276,0.9998529434991656,-0.013681969314628511,-0.00633073431491547,0.008174160186965007,0.18980189614082,0.6185537702567487,0.05914673081557267,0.023178539553410673,0.00010125730403407081,-0.004469539193556527,0.0,0.0,1.0,20.673894344179047,2.590504370844299,20.707536839598884,2.5373145855826937,20.673894344179047,2.590504370844299,20.707536839598884,2.5373145855826937,1.5499108064627758,1.6900891935372244
3.5802345275878906,0.5729289983616492,0.8222883463099068,0.951174194399094,0.9998547261529188,-0.013564816618776572,-0.006329605369594752,0.008152204342170496,0.1900147987784536,0.6211312834585001,0.05888277722557525,0.023638940950199406,9.186080506953418e-05,-0.0046085775350472764,0.0,0.0,1.0,20.673715987070196,2.559134250442207,20.708168729331035,2.5069482059782886,20.673715987070196,2.559134250442207,20.708168729331035,2.5069482059782886,1.5513773730462201,1.68862262695378
3.5899083614349365,0.5748300054412222,0.8285124520101699,0.9517617138148383,0.99985652936422,-0.013445465653654056,-0.006328514210892134,0.008129578646927975,0.1901926550204847,0.6236857588332008,0.0586209637362483,0.024055839025738927,8.266365011130435e-05,-0.004743250505140613,0.0,0.0,1.0,20.673534770304652,2.527976904012974,20.708782969955777,2.476763509570392,20.673534770304652,2.527976904012974,20.708782969955777,2.476763509570392,1.5528306481301817,1.6871693518698185
3.5994040966033936,0.576732619725648,0.8347619855059831,0.9523466253363695,0.9998583492540567,-0.013324132639174499,-0.006327461258320847,0.008106303127271536,0.19033613117579176,0.6262167825610887,0.05836121292127381,0.024429792667163063,7.367284541012282e-05,-0.004873720276017399,0.0,0.0,1.0,20.673351082043116,2.4970696679662137,20.709379167478694,2.4467989718911607,20.673351082043116,2.4970696679662137,20.709379167478694,2.4467989718911607,1.5542689977822708,1.6857310022177294
3.609091281890869,0.5786365009361502,0.8410367103795422,0.9529289491998236,0.9998601820822374,-0.013201030814733606,-0.006326446880855484,0.008082397031055042,0.19044592577272854,0.6287239813139395,0.05810344638896272,0.02476143466642155,6.48943893875083e-05,-0.005000143807069688,0.0,0.0,1.0,20.673165287406775,2.466448000316359,20.70995699848953,2.4170911555720487,20.673165287406775,2.466448000316359,20.70995699848953,2.4170911555720487,1.5556908754891887,1.6843091245108115
3.6199405193328857,0.5805413159167847,0.8473363866805111,0.9535087048537045,0.9998620242539664,-0.013076370088444603,-0.006325471398373129,0.008057878856113365,0.1905227655415961,0.6312070217946776,0.057847584984064976,0.025051464244269607,5.633333575015115e-05,-0.005122672917607714,0.0,0.0,1.0,20.672977729056274,2.4361455233935434,20.710516205764108,2.387674753269072,20.672977729056274,2.4361455233935434,20.710516205764108,2.387674753269072,1.5570948195629355,1.6829051804370647
3.629545211791992,0.5824467388976567,0.8536607713237274,0.9540859109521879,0.9998638723251524,-0.012950356723051271,-0.006324535083126453,0.008032766377786311,0.19056740161772345,0.6336656102066386,0.057593548978614205,0.025300639847506926,4.7993856176396333e-05,-0.005241454371735165,0.0,0.0,1.0,20.672788727849404,2.4061940711705097,20.711056593864654,2.3585826353167674,20.672788727849404,2.4061940711705097,20.711056593864654,2.3585826353167674,1.5584794504127217,1.6815205495872785
3.639160394668579,0.584352451721285,0.860009618481273,0.9546605853502798,0.9998657230065123,-0.01282319305708761,-0.006323638161239445,0.008007076675758807,0.19058060596778933,0.6360994916587569,0.057341258251708924,0.025509772246238054,3.987930212570577e-05,-0.005356629973507732,0.0,0.0,1.0,20.672598583563015,2.3766237403439634,20.71157802477506,2.3298459012346227,20.672598583563015,2.3766237403439634,20.71157802477506,2.3298459012346227,1.5598434677177313,1.680156532282269
3.6498985290527344,0.5862581440343524,0.8663826799683026,0.955232745100718,0.9998675731665403,-0.012695077259733598,-0.006322780814217034,0.007980826160180771,0.190563168039908,0.6385084495128039,0.05709063245822234,0.025679717952174247,3.199226540649691e-05,-0.005468336670649645,0.0,0.0,1.0,20.672407575666377,2.3474629443777415,20.712080413602344,2.3014939342798018,20.672407575666377,2.3474629443777415,20.712080413602344,2.3014939342798018,1.561185647532429,1.6788143524675712
3.6596977710723877,0.5881635134470672,0.8727797056220795,0.9558024064525059,0.9998694198334157,-0.012566203117724535,-0.006321963180460579,0.007954030597038883,0.19051589163615903,0.6408923046786231,0.05684159118650789,0.025811372973726935,2.4334637187522097e-05,-0.005576706665257135,0.0,0.0,1.0,20.67221596413502,2.3187384697840927,20.7125637243716,2.273554458309917,20.67221596413502,2.3187384697840927,20.7125637243716,2.273554458309917,1.5625048393527936,1.6774951606472066
3.669426441192627,0.5900682656623475,0.8792004436737263,0.9563695848509706,0.9998712601959281,-0.012436759852604512,-0.006321185356781819,0.007926705132760479,0.19043959200465996,0.6432509148631097,0.05659405410524656,0.02590566691885681,1.6907665208297153e-05,-0.005681867530065524,0.0,0.0,1.0,20.67202399029567,2.2904755339872356,20.71302796593727,2.2460535962885038,20.67202399029567,2.2904755339872356,20.71302796593727,2.2460535962885038,1.5637999631686594,1.6762000368313408
3.6801886558532715,0.5919721145769988,0.8856446411122589,0.9569342949392361,0.9998730916034902,-0.012306931966570388,-0.00632044739990845,0.007898864318036743,0.19033509314693328,0.645584173778451,0.05634794109964349,0.025963557452340025,9.712008967214288e-06,-0.005783942328996914,0.0,0.0,1.0,20.67183187769392,2.2626978441793684,20.713473188029983,2.2190159298328505,20.67183187769392,2.2626978441793684,20.713473188029983,2.2190159298328505,1.565070006524356,1.6749299934756443
3.6896982192993164,0.5938747823570113,0.8921120440405202,0.9574965505610086,0.9998749115653219,-0.012176899115128774,-0.006319749327975144,0.007870522130858681,0.19020322533519946,0.6478920103149018,0.05610317239724529,0.025986025110298062,2.7477927331439143e-06,-0.0058830497408381335,0.0,0.0,1.0,20.671639832977412,2.2354276566427473,20.71389947745453,2.192464559268233,20.671639832977412,2.2354276566427473,20.71389947745453,2.192464559268233,1.5663140216069962,1.673685978393004
3.6992554664611816,0.595775999489044,0.8986023980226863,0.9580563647645687,0.999876717748875,-0.012046836004782544,-0.0063190911219943476,0.007841691998764728,0.190044822833305,0.6501743876831105,0.05585966868369707,0.02597406847146561,-3.98534372533471e-06,-0.005979304185022115,0.0,0.0,1.0,20.671448046788345,2.208685836071905,20.71430695445077,2.1664211637139665,20.671448046788345,2.208685836071905,20.71430695445077,2.1664211637139665,1.5675311223791444,1.6724688776208558
3.708956718444824,0.5976755048100949,0.9051154484230621,0.9586137498078755,0.9998785079775774,-0.011916912313973278,-0.0063184727273016775,0.007812386820303752,0.18986072181426145,0.6524313025307429,0.05561735120880221,0.025928699681747595,-1.0488196769639836e-05,-0.006072815948602598,0.0,0.0,1.0,20.671256694659675,2.1824919144871635,20.714695769226196,2.140906060784631,20.671256694659675,2.1824919144871635,20.714695769226196,2.140906060784631,1.5687204817701528,1.6712795182298474
3.7196896076202393,0.5995730455172865,0.9116509407359371,0.9591687171646843,0.9998802802279672,-0.01178729263552934,-0.006317894054971286,0.00778261898572113,0.1896517584667962,0.6546627840378723,0.055376141883277906,0.025850940326111124,-1.6761952947084427e-05,-0.006163691313618575,0.0,0.0,1.0,20.671065937910043,2.1568641493839493,20.71506609866634,2.1159382655440013,20.671065937910043,2.1568641493839493,20.71506609866634,2.1159382655440013,1.5698813289382338,1.6701186710617664
3.729724168777466,0.6014683771596152,0.9182086209063025,0.9597212775315882,0.9998820326262872,-0.011658136438904305,-0.006317354983196999,0.00775240039687928,0.18941876728289572,0.6568688929953267,0.05513596336662782,0.02574181763972403,-2.2808145465650792e-05,-0.006252032684144676,0.0,0.0,1.0,20.670875924533227,2.1318195808120963,20.71541814322633,2.091535548399649,20.670875924533227,2.1318195808120963,20.71541814322633,2.091535548399649,1.571012946613296,1.6689870533867042
3.7392706871032715,0.6033612636134319,0.9247882356412869,0.9602714408358975,0.9998837634446043,-0.011529598050535158,-0.006316855358635478,0.007721742486426863,0.18916257951802512,0.6590497208699008,0.05489673914656857,0.02560236104848823,-2.8628613081055318e-05,-0.006337938712414197,0.0,0.0,1.0,20.67068679007865,2.1073740871250872,20.715752124004744,2.06771449167265,20.67068679007865,2.1073740871250872,20.715752124004744,2.06771449167265,1.5721146685287268,1.6678853314712734
3.749732255935669,0.6052514770433403,0.9313895327121922,0.9608192162442738,0.9998854710965236,-0.011401826650702477,-0.006316394997708063,0.007690656236233471,0.1888840218155256,0.6612053888600584,0.0546583936104617,0.025433599027672674,-3.4225461390659245e-05,-0.0064215044234852536,0.0,0.0,1.0,20.670498658519634,2.08354243918113,20.71606827999957,2.044490544619456,20.670498658519634,2.08354243918113,20.71606827999957,2.044490544619456,1.5731858769486493,1.666814123051351
3.759185791015625,0.6071387978501084,0.9380122612470541,0.9613646121720415,0.999887154132551,-0.011274966285333912,-0.006315973687858442,0.007659152195108545,0.18858391498660912,0.6633360469454758,0.05442085210920736,0.025236556266209863,-3.9601026492557574e-05,-0.006502821337996082,0.0,0.0,1.0,20.670311643106725,2.060338352816146,20.716366865544334,2.02187807672175,20.670311643106725,2.060338352816146,20.716366865544334,2.02187807672175,1.5742260002956998,1.6657739997043004
3.770077705383301,0.60902301460711,0.9446561720136806,0.9619076362931032,0.9998888112351634,-0.011149155891256698,-0.006315591188763614,0.007627240495825052,0.1882630729373669,0.6654418729335012,0.05418404101406123,0.025012251123339817,-4.4757840946182426e-05,-0.006581977592624299,0.0,0.0,1.0,20.670125847204115,2.0377745394432822,20.716648147921305,1.9998904290952164,20.670125847204115,2.0377745394432822,20.716648147921305,1.9998904290952164,1.5752345108830472,1.664765489116953
3.7795374393463135,0.6109039239867191,0.9513210176931517,0.9624482955503917,0.9998904412136426,-0.011024529333472873,-0.006315247233496029,0.007594930871469653,0.18792230173428048,0.6675230715053405,0.05394788776683641,0.024761693363651294,-4.9698601970671665e-05,-0.006659058057927465,0.0,0.0,1.0,20.66994136510735,2.0158627546645795,20.71691240514739,1.9785399638996815,20.66994136510735,2.0158627546645795,20.71691240514739,1.9785399638996815,1.5762109227532213,1.663789077246779
3.7892022132873535,0.6127813306780058,0.9580065531437914,0.9629865961667924,0.9998920429987181,-0.010901215453101666,-0.006314941529635107,0.007562232671142102,0.18756239879984843,0.6695798732645211,0.05371232092394539,0.024485882156143588,-5.442614181556164e-05,-0.0067341444532977085,0.0,0.0,1.0,20.669758282841066,1.9946138448081334,20.71715992392791,1.9578381116612396,20.669758282841066,1.9946138448081334,20.71715992392791,1.9578381116612396,1.5771547896252898,1.6628452103747104
3.7998862266540527,0.6146550472969886,0.9647125356556445,0.9635225436564796,0.9998936156370648,-0.010779338124705828,-0.006314673760326684,0.007529154875027396,0.1871841522301203,0.6716125337899358,0.0534772701947365,0.024185804322696444,-5.8943400221641175e-05,-0.0068073154588139,0.0,0.0,1.0,20.669576678935567,1.9740377913286453,20.717390997772444,1.9377954164419755,20.669576678935567,1.9740377913286453,20.717390997772444,1.9377954164419755,1.5780657029510454,1.6619342970489548
3.8093957901000977,0.6165248942906267,0.971438725195518,0.9640561428366092,0.9998951582857025,-0.010659016321792015,-0.006314443585289317,0.007495706108864561,0.18678834022614052,0.6736213326955295,0.05324266647456498,0.023862432821252243,-6.325339889934842e-05,-0.006878646823819245,0.0,0.0,1.0,20.66939662518133,1.954143753030916,20.71760592526683,1.9184215788149177,20.66939662518133,1.954143753030916,20.71760592526683,1.9184215788149177,1.57894329008009,1.6610567099199103
3.820117712020874,0.6183906998356504,0.9781848846426585,0.9645873978393192,0.9998966702063292,-0.010540364189348377,-0.006314250641766626,0.007461894657836337,0.1863757306315497,0.6756065726984615,0.05300844187303335,0.023516725449085247,-6.735921792801282e-05,-0.00694821147209245,0.0,0.0,1.0,20.669218187360897,1.9349401060947442,20.717805008494537,1.899725496621109,20.669218187360897,1.9349401060947442,20.717805008494537,1.899725496621109,1.5797872125330588,1.6602127874669415
3.8297274112701416,0.6202522997332536,0.9849507800151628,0.9651163121239906,0.9998981507596274,-0.010423491122355286,-0.006314094545425166,0.007427728479903993,0.18594708056885365,0.677568578697359,0.052774529737819695,0.02314962375170454,-7.126397399811393e-05,-0.007016079603515811,0.0,0.0,1.0,20.66904142595761,1.9164344818961283,20.71798855160079,1.881715303502435,20.66904142595761,1.9164344818961283,20.71798855160079,1.881715303502435,1.5805971643816645,1.6594028356183357
3.839472770690918,0.6221095373006017,0.9917361806872259,0.965642888489727,0.999899599399574,-0.010308501849276532,-0.006313974891197632,0.0073932152186115315,0.18550313616715275,0.6795076968620707,0.05254086467450115,0.022762052123224633,-7.497080041719222e-05,-0.007082318792174778,0.0,0.0,1.0,20.668866396840773,1.8986338026337939,20.718156859492623,1.86439840521823,20.668866396840773,1.8986338026337939,20.718156859492623,1.86439840521823,1.5813728707337855,1.6586271292662147
3.848997116088867,0.6239622632600328,0.9985408595973515,0.9661671290880145,0.9999010156677802,-0.010195496519608273,-0.006313891254071449,0.0073583622153832315,0.18504463237441238,0.681424293736131,0.05230738256276405,0.022354917084393508,-7.848282878510791e-05,-0.007146994080851374,0.0,0.0,1.0,20.66869315192705,1.8815443147821216,20.718310236667854,1.8477815137659976,20.66869315192705,1.8815443147821216,20.718310236667854,1.8477815137659976,1.5821140863214327,1.6578859136785675
3.859748125076294,0.625810335626765,1.0053645934476543,0.966689035435529,0.9999023991878908,-0.010084570794630892,-0.006313843189823061,0.007323176521338229,0.18457229284765211,0.6833187553529675,0.05207402056937694,0.021929106724904272,-8.180317226280744e-05,-0.007210168071897551,0.0,0.0,1.0,20.66852173981794,1.865171620401692,20.718448986166145,1.8318706793369166,20.66852173981794,1.865171620401692,20.718448986166145,1.8318706793369166,1.58282059418913,1.6571794058108702
3.8692216873168945,0.6276536195958597,1.0122071628943972,0.967208608427057,0.9999037496600631,-0.009975815940574579,-0.006313830235698465,0.007287664908645367,0.18408682991472514,0.6851914863667045,0.05184071715828725,0.021485490297089224,-8.493491035526776e-05,-0.0072719010144960535,0.0,0.0,1.0,20.66835220641323,1.8495207063471324,20.718573408635397,1.816671320145488,20.66835220641323,1.8495207063471324,20.718573408635397,1.816671320145488,1.5834922044799846,1.6565077955200156
3.879861831665039,0.6294919874291234,1.0190683527299125,0.9677258483485077,0.9999050668555433,-0.009869318923472576,-0.006313851911040798,0.00725183388144103,0.1835889446016539,0.6870429091982612,0.05160741209818516,0.02102491794862679,-8.788107512960239e-05,-0.007332250888334313,0.0,0.0,1.0,20.66818459550041,1.8345959714188669,20.7186838015069,1.8021882501797397,20.66818459550041,1.8345959714188669,20.7186838015069,1.8021882501797397,1.5841287533165462,1.655871246683454
3.889465570449829,0.6313253183425784,1.025947952056065,0.9682407548899873,0.9999063506113618,-0.009765162505036553,-0.006313907717865982,0.007215689686332171,0.18307932671977517,0.6888734631972889,0.051374046467861104,0.020548220582440067,-9.064463879510432e-05,-0.007391273483732943,0.0,0.0,1.0,20.66801894932022,1.8204012515109338,20.718780458272825,1.7884257049241343,20.66801894932022,1.8204012515109338,20.718780458272825,1.7884257049241343,1.5847301017734083,1.6552698982265919
3.899827003479004,0.6331534983950714,1.0328457544494125,0.9687533271589195,0.9999076008251595,-0.009663425338946123,-0.006313997141387638,0.0071792383225060255,0.1825586550072263,0.6906836038203557,0.05114056265966992,0.02005620983253286,-9.322850258467788e-05,-0.007449022478283911,0.0,0.0,1.0,20.667855309108116,1.8069398428114503,20.718863667860074,1.775387365111852,20.667855309108116,1.8069398428114503,20.718863667860074,1.775387365111852,1.5852961349384056,1.6547038650615946
3.9093196392059326,0.6349764203785384,1.0397615581182345,0.9692635636931919,0.9999088174501594,-0.00956418206699934,-0.006314119650492735,0.00714248555146741,0.1820275973195766,0.6924738018256547,0.050906904381395134,0.019549678145104124,-9.563548685395968e-05,-0.007505549510065186,0.0,0.0,1.0,20.66769371561205,1.794214523115552,20.71893371409436,1.7630763785664993,20.66769371561205,1.794214523115552,20.71893371409436,1.7630763785664993,1.585826761059211,1.6541732389407893
3.9198720455169678,0.6367939837103923,1.0466951660515877,0.969771462474315,0.9999100004902938,-0.009467503414622911,-0.00631427469816951,0.0071054369064237595,0.18148681086466403,0.6942445424844015,0.05067301665679194,0.01902939895485963,-9.786832235205826e-05,-0.007560904247508549,0.0,0.0,1.0,20.667534209586503,1.7822275713130886,20.718990875249155,1.7514953801958275,20.667534209586503,1.7822275713130886,20.718990875249155,1.7514953801958275,1.5863219107720967,1.6536780892279035
3.9296875,0.6386060943284527,1.0536463861605638,0.9702770209405814,0.999911149995496,-0.009373456285289624,-0.006314461721889495,0.007068097701337338,0.1809369424769453,0.6959963248089689,0.05043884582507249,0.018496126947030435,-9.992964260021944e-05,-0.00761513445600567,0.0,0.0,1.0,20.667376832262928,1.7709807851149302,20.719035423674132,1.7406465102017066,20.667376832262928,1.7709807851149302,20.719035423674132,1.7406465102017066,1.5867815364096303,1.65321846359037
3.939199686050415,0.6404126645887908,1.0606150314119085,0.9707802360002158,0.9999122660571641,-0.009282103853436583,-0.006314680143945597,0.007030473039663329,0.18037862892690007,0.6977296607977151,0.05020433953958076,0.01795059839619235,-0.00010182197732529517,-0.007668286061344481,0.0,0.0,1.0,20.667221625796728,1.7604754970826124,20.719067625498162,1.7305314305715545,20.667221625796728,1.7604754970826124,20.719067625498162,1.7305314305715545,1.5872056113840987,1.6527943886159016
3.9499220848083496,0.6422136131668182,1.0676009199541738,0.9712811040445087,0.9999133488038031,-0.009193505655521015,-0.006314929371748334,0.006992567822791723,0.17981249726125026,0.6994450746963704,0.04996944676589048,0.017393531573538196,-0.00010354774689387359,-0.007720403210073849,0.0,0.0,1.0,20.66706863369085,1.7507125890264321,20.71908774040212,1.721151339916848,20.66706863369085,1.7507125890264321,20.71908774040212,1.721151339916848,1.587594129643484,1.6524058703565163
3.9595775604248047,0.6440088649619091,1.0746038752365663,0.9717796209609306,0.9999143983968509,-0.009107717678890534,-0.006315208798082475,0.00695438675821017,0.17923916516996025,0.7011431022757622,0.04973411777954379,0.016825627214818357,-0.0001051092577084062,-0.0077715283268992175,0.0,0.0,1.0,20.666917901196168,1.7416925048368768,20.71909602145719,1.7125069867241778,20.666917901196168,1.7416925048368768,20.71909602145719,1.7125069867241778,1.5879471051968816,1.6520528948031186
3.9691081047058105,0.645798351005803,1.0816237261206532,0.9722757821462215,0.9999154150266887,-0.009024792448182635,-0.006315517801326515,0.006915934367404195,0.17865924137617603,0.7028242901255926,0.0494983041636364,0.016247569041692073,-0.00010650869852173518,-0.007821702169215884,0.0,0.0,1.0,20.666769475688582,1.7334152618137373,20.719092715024694,1.7045986810838158,20.666769475688582,1.7334152618137373,20.719092715024694,1.7045986810838158,1.5882645717063069,1.6517354282936934
3.979949474334717,0.6475820083750002,1.0886603069850844,0.9727695825194564,0.9999163989088414,-0.00894477910900292,-0.006315855745637497,0.006877214993510395,0.17807332604543993,0.7044891949639094,0.049261958806440076,0.01566002432975078,-0.00010774813761864752,-0.007870963878889565,0.0,0.0,1.0,20.666623407023188,1.725880460556327,20.719078060713468,1.6974263049598686,20.666623407023188,1.725880460556327,20.719078060713468,1.6974263049598686,1.5885465821419167,1.6514534178580835
3.989518880844116,0.6493597801073265,1.0957134578234868,0.9732610165350903,0.9999173502803687,-0.008867723508664207,-0.006316221981103845,0.006838232808737485,0.17748201121067964,0.7061383829618586,0.04902503589924338,0.015063644516965362,-0.00010882952085290856,-0.007919351031396385,0.0,0.0,1.0,20.666479747865232,1.7190872934770627,20.719052291391513,1.6909893210649563,20.666479747865232,1.7190872934770627,20.719052291391513,1.6909893210649563,1.5887932084977523,1.651206791502248
3.999081611633301,0.651131615122805,1.1027830243356813,0.9737500781959804,0.9999182693964455,-0.00879366827379866,-0.006316615843868988,0.006798991821569272,0.17688588120962348,0.7077724290832528,0.04878749093457456,0.014459065846771427,-0.0001097546704859526,-0.00796689968243626,0.0,0.0,1.0,20.66633855399816,1.713034551999323,20.719015633248627,1.685286780401035,20.66633855399816,1.713034551999323,20.719015633248627,1.685286780401035,1.5890045415651912,1.650995458434809
4.009907484054565,0.6528974681489471,1.1098688580123663,0.9742367610663957,0.9999191565271341,-0.008722652884682939,-0.006317036656228651,0.006759495883762919,0.17628551313143012,0.709391916438444,0.04854928070496549,0.013846910040453068,-0.00011052528481018993,-0.008013644412134957,0.0,0.0,1.0,20.666199884608673,1.707720632498983,20.718968305907126,1.6803173285264932,20.666199884608673,1.707720632498983,20.718968305907126,1.6803173285264932,1.589180690761383,1.6508193092386172
4.019410610198975,0.6546572996505369,1.11697081621341,0.9747210582850172,0.9999200119543477,-0.008654713746142052,-0.0063174837267048365,0.006719748697155096,0.17568147726944647,0.7109974356519547,0.0483103633024004,0.013227784993895469,-0.00011114293852933232,-0.008059618366950886,0.0,0.0,1.0,20.666063802548727,1.162597284491559,20.7189105225779,1.135532954052185,20.666063802548727,1.162597284491559,20.7189105225779,1.135532954052185,1.672839555045927,1.5671604449540733
4.029440879821777,0.6564086797382465,1.1240887919712654,0.975202930473764,0.9999208206712182,-0.008590833356645584,-0.006319034824893955,0.0066798030897707444,0.1746549466766991,0.7125948853198062,0.04806513807933076,0.012266956128156446,-0.0004871265631041189,-0.008088693165455784,0.0,0.0,1.0,20.660873458743687,0.7938249181429363,20.724217450001667,0.7670583706717974,20.660873458743687,0.7938249181429363,20.724217450001667,0.7670583706717974,1.6720733453445613,1.567926654655439
4.04006814956665,0.6581493804167959,1.131222686363384,0.9756823477184305,0.9999215775431464,-0.00853195122214542,-0.006321301318004714,0.006639707946565807,0.17351064248819356,0.7141816800870954,0.047818774955999704,0.011200009975176152,-0.00048359142901979117,-0.008108350946323593,0.0,0.0,1.0,20.657567354903332,0.542039305161989,20.72781240345913,0.5155221710502211,20.657567354903332,0.542039305161989,20.72781240345913,0.5155221710502211,1.6712220284241721,1.568777971575828
4.049620866775513,0.6598784379985813,1.138372393989077,0.9761593063899476,0.9999222869934538,-0.008478499257115845,-0.006323111649652968,0.006599491131505757,0.17231222768819263,0.7157578824111105,0.04757305607782473,0.01008424950501607,-0.00027876070164527017,-0.008121446837001644,0.0,0.0,1.0,20.65821917869031,0.3679794059432108,20.727375809152477,0.34368144736681405,20.65821917869031,0.3679794059432108,20.727375809152477,0.34368144736681405,1.670331436897945,1.5696685631020553
4.059175491333008,0.6615953760740242,1.1455378120552426,0.9766338117620625,0.9999229486542589,-0.008430674205715815,-0.0063243674951818565,0.0065591815645066045,0.17108158978432397,0.7173240403812906,0.047328030673399836,0.008945498196787006,-0.00019864660287664506,-0.008129008811325333,0.0,0.0,1.0,20.659675885335187,0.253638139648737,20.725881953539364,0.22912096491120937,20.659675885335187,0.253638139648737,20.725881953539364,0.22912096491120937,1.6694222249510011,1.570577775048999
4.070655584335327,0.6632999373216572,1.152718844758145,0.9771058644501623,0.9999235588021043,-0.008388561839226911,-0.0063256454813763125,0.006518802961331225,0.1698339545018256,0.7188810353584909,0.04708263669678996,0.007796585073774306,-0.00026287296136620945,-0.008134095516830238,0.0,0.0,1.0,20.659599817961414,0.1837733838302096,20.725623494336,0.1588347168541219,20.659599817961414,0.1837733838302096,20.725623494336,0.1588347168541219,1.6685046537696058,1.5714953462303944
4.079251766204834,0.6649920086417862,1.1599154058913999,0.9775754533456972,0.999924116058831,-0.008352198744355575,-0.006327214683677955,0.006478368193255388,0.16858145929851798,0.7204299262142616,0.04683547144072801,0.006643741602256714,-0.0003202709660067064,-0.008137585314609968,0.0,0.0,1.0,20.658577192644866,0.14358484422750198,20.72607437519744,0.11838017094105327,20.658577192644866,0.14358484422750198,20.72607437519744,0.11838017094105327,1.667583707740712,1.5724162922592881
4.089982271194458,0.6666715604333153,1.1671274199217334,0.9780425555678038,0.9999246219526138,-0.008321601190303096,-0.0063289050478963485,0.006437882217566203,0.16732903507671557,0.7219718081854947,0.04658546886641034,0.0054894458509417475,-0.00030816436333521926,-0.00814014266330732,0.0,0.0,1.0,20.6578991527416,0.12319115509625077,20.72604306303721,0.09782206294903399,20.6578991527416,0.12319115509625077,20.72604306303721,0.09782206294903399,1.6666613690288303,1.5733386309711699
4.099945306777954,0.668338587228501,1.1743548222129618,0.9785071403934816,0.9999250780802299,-0.008296776371156372,-0.006330535448164103,0.006397347030872082,0.1660763554049645,0.7235077724938832,0.04633208307482519,0.00433451499808628,-0.0002760043057178512,-0.008142245797354678,0.0,0.0,1.0,20.657753235313162,0.11599966910670934,20.72543557584655,0.0905328755686834,20.657753235313162,0.11599966910670934,20.72543557584655,0.0905328755686834,1.6657382912495455,1.5742617087504547
4.109366416931152,0.6699930810496854,1.1815975591408778,0.9789691737298485,0.9999254847017346,-0.008277726848943462,-0.00633212680192679,0.006356764301162061,0.16482254547858363,0.7250389277529923,0.0460751925311508,0.0031792530765485352,-0.0002703281547210889,-0.00814422198644874,0.0,0.0,1.0,20.657620982884545,0.11761323585085326,20.724838540111328,0.09209293889204043,20.657620982884545,0.11761323585085326,20.724838540111328,0.09209293889204043,1.6648147175629306,1.5751852824370696
4.118974208831787,0.6716350345598263,1.1888555882998486,0.9794286215392338,0.9999258415359048,-0.008264453060560456,-0.006333773290748912,0.006316134911819088,0.16356821782265318,0.726566407313748,0.04581495126381885,0.002023924833565671,-0.00028339272584150234,-0.008146296361017625,0.0,0.0,1.0,20.657259549840646,0.12509870080890373,20.72453078604465,0.09955458577648474,20.657259549840646,0.12509870080890373,20.72453078604465,0.09955458577648474,1.6638908597535111,1.576109140246489
4.129800319671631,0.6732644483058573,1.196128878649268,0.9798854518874708,0.9999261486728235,-0.008256954617471396,-0.00633549723011665,0.006275458200571748,0.16231442791046286,0.7280913526933247,0.045551648535152194,0.0008687655907861278,-0.0002902510687053321,-0.008148621336794585,0.0,0.0,1.0,20.656843702638515,0.13649915059493467,20.7243418793537,0.11095156667858196,20.656843702638515,0.13649915059493467,20.7243418793537,0.11095156667858196,1.6629669061124055,1.5770330938875947
4.13923454284668,0.6748813290905652,1.2034174105215685,0.9803396356337307,0.9999264064938838,-0.008255230594204127,-0.006337260943639714,0.006234732375778965,0.16106154497421846,0.7296148991985566,0.045285575676736085,-0.00028608689857102516,-0.0002859788686640636,-0.00815129666951793,0.0,0.0,1.0,20.656547665301137,0.150509099567864,20.724079098975672,0.12497239384309136,20.656547665301137,0.150509099567864,20.724079098975672,0.12497239384309136,1.6620429669035401,1.57795703309646
4.1498777866363525,0.6764856849275651,1.2107211755681364,0.9807911459618405,0.9999266152015932,-0.008259279443027514,-0.00633904028692102,0.0061939553443728975,0.1598094406386627,0.7311381756617635,0.04501692383683759,-0.001440560968723863,-0.0002807771773730869,-0.008154386384971157,0.0,0.0,1.0,20.656338436992964,0.16625775397422565,20.72374817449827,0.14074241475496685,20.656338436992964,0.16625775397422565,20.72374817449827,0.14074241475496685,1.661119099535224,1.5788809004647761
4.159326791763306,0.6780775236756995,1.2180401767251445,0.9812399572381737,0.9999267746922412,-0.008269099023173054,-0.006340844375614647,0.006153125020788736,0.15855812236295663,0.732662309521376,0.04474574616524125,-0.002594585060606146,-0.00028050828568797144,-0.008157931887836905,0.0,0.0,1.0,20.65610980129743,0.1831641402619293,20.723431562161515,0.15767817576994836,20.65610980129743,0.1831641402619293,20.723431562161515,0.15767817576994836,1.6601953613447062,1.579804638655294
4.16991400718689,0.6796568548034903,1.2253744282050647,0.9816860438063708,0.9999268847346066,-0.008284686755884134,-0.00634268731688454,0.006112239188899436,0.15730787186271775,0.7341884282544225,0.04447198247393034,-0.0037480717547438707,-0.00028232345814109414,-0.008161959957293411,0.0,0.0,1.0,20.65583131623027,0.2008404263503346,20.723145474842706,0.1753902513508488,20.65583131623027,0.2008404263503346,20.723145474842706,0.1753902513508488,1.6592718223750451,1.580728177624955
4.179632902145386,0.6812236905561905,1.232723955486488,0.9821293791459867,0.9999269450911764,-0.008306039735167364,-0.006344569064885198,0.006071295407614165,0.15605899363772974,0.7357176577474435,0.044195512163684864,-0.004900940205936929,-0.0002824446640112852,-0.008166487073918037,0.0,0.0,1.0,20.65553768825346,0.2190275889867921,20.722850773182667,0.19361859300775675,20.65553768825346,0.2190275889867921,20.722850773182667,0.19361859300775675,1.6583485474260495,1.5816514525739507
4.1896655559539795,0.6827780454487701,1.2400887952951474,0.9825699355112752,0.9999269554738285,-0.008333154750715069,-0.006346482320657975,0.006030291111965578,0.15481166316959738,0.7372511216313156,0.043916202679926276,-0.006053129911236929,-0.00028093156557125384,-0.008171522354179313,0.0,0.0,1.0,20.655254052581952,0.23755259857741495,20.722525015502484,0.21218950836579759,20.655254052581952,0.23755259857741495,20.722525015502484,0.21218950836579759,1.6574255850358273,1.582574414964173
4.199292898178101,0.6843199354758512,1.2474689955879146,0.9830076839530288,0.9999269154701824,-0.008366028293593064,-0.0063484240471995525,0.005989223738954798,0.15356599505658095,0.7387899423486979,0.043633940307270434,-0.007204593482656112,-0.00027960943243192295,-0.008177070015654254,0.0,0.0,1.0,20.65497412003756,0.25629983287057245,20.722180897052734,0.23098694314719198,20.65497412003756,0.25629983287057245,20.722180897052734,0.23098694314719198,1.6565029732599954,1.5834970267400048
4.210152626037598,0.6858493780283332,1.2548646155460719,0.9834425945612961,0.9999268245390833,-0.008404656590631497,-0.006350396142558793,0.005948090753524628,0.15232213943190556,0.7403352421576493,0.04334864384365618,-0.008355286389661543,-0.0002790798436696542,-0.008183131176210308,0.0,0.0,1.0,20.654686707671992,0.2751919604326638,20.721836603462073,0.24993328084150024,20.654686707671992,0.2751919604326638,20.721836603462073,0.24993328084150024,1.655580747877113,1.5844192521228873
4.21976637840271,0.6873663921945589,1.2622757255723314,0.9838746367805841,0.9999266820440634,-0.008449035650347634,-0.006352400174029793,0.0059068896180211935,0.15108028333336737,0.7418881430519747,0.04306026492446499,-0.009505165636665074,-0.0002786796465279044,-0.008189704864479239,0.0,0.0,1.0,20.65439391561008,0.2941771878316678,20.72149539328426,0.2689765362624593,20.65439391561008,0.2941771878316678,20.72149539328426,0.2689765362624593,1.654658943446383,1.5853410565536172
4.229331016540527,0.6888709988638915,1.2697024072845737,0.9843037796848741,0.9999264872669898,-0.008499161293246694,-0.006354435240862541,0.0058656177833436105,0.14984060593513274,0.7434497661391167,0.04276877901613258,-0.010654192962633854,-0.00027789363413261277,-0.008196788552693656,0.0,0.0,1.0,20.654103870970868,0.3132207749503501,20.72115185376488,0.28808183629274614,20.654103870970868,0.3132207749503501,20.72115185376488,0.28808183629274614,1.6537375907470153,1.586262409252985
4.240206241607666,0.690363220586412,1.2771447535049794,0.984729992146229,0.9999262393968373,-0.008555029165462049,-0.006356499750048291,0.005824272710426306,0.14860326325325904,0.7450212312276056,0.04247417230198068,-0.011802335397330598,-0.00027686104388803306,-0.008204378552560135,0.0,0.0,1.0,20.65381928104298,0.3322993811866304,20.720803532767963,0.30722574391740165,20.65381928104298,0.3322993811866304,20.720803532767963,0.30722574391740165,1.6528167163321785,1.5871832836678217
4.249844312667847,0.6918430814502601,1.2846028682467103,0.9851532428838492,0.9999259375194224,-0.008616634748459341,-0.006358593047818543,0.0057828518889330325,0.14736840494706258,0.7466036567183144,0.04217642997733352,-0.012949562868329018,-0.00027587594060794925,-0.008212470360510985,0.0,0.0,1.0,20.653537124787064,0.35139728258024217,20.720452138210337,0.3263924613390304,20.653537124787064,0.35139728258024217,20.720452138210337,0.3263924613390304,1.651896344442806,1.5881036555571941
4.259363889694214,0.6933106070877855,1.292076866699604,0.9855735004231436,0.9999255806194146,-0.008683973370272388,-0.006360715134072012,0.00574135283841929,0.14613618797970626,0.7481981595446464,0.041875529342707433,-0.014095846204792472,-0.00027497334449165485,-0.008221058897345443,0.0,0.0,1.0,20.65325440800615,0.3705038385422943,20.720098801499148,0.3455712878984125,20.65325440800615,0.3705038385422943,20.720098801499148,0.3455712878984125,1.6509764986043944,1.5890235013956058
4.269202947616577,0.6947658247226113,1.29956687521491,0.9859907330119766,0.9999251675861764,-0.0087570402149748,-0.0063628657851879196,0.005699773103434835,0.1449067737281314,0.7498058550601429,0.04157143801260873,-0.015241156840489349,-0.00027402509048785365,-0.008230138633440643,0.0,0.0,1.0,20.652970714954698,0.9760120950841857,20.719742297049834,0.9511552177086318,20.652970714954698,0.9760120950841857,20.719742297049834,0.9511552177086318,1.5656155595480712,1.674384440451929
4.279713153839111,0.696209995436145,1.3070730292343737,0.9864049250313958,0.9999247032084836,-0.0088355848311747,-0.006364491313551931,0.00565805659548209,0.14389601855886577,0.7514274597347996,0.041266942082524766,-0.01629803522461444,-7.96272349249674e-05,-0.008257380380306992,0.0,0.0,1.0,20.655287425408222,1.390912191923909,20.71661070308856,1.3661736405028369,20.655287425408222,1.390912191923909,20.71661070308856,1.3661736405028369,1.5639938510793296,1.6760061489206706
4.28934645652771,0.6976452196776404,1.3145954725075542,0.9868160669454259,0.99992419175376,-0.008919176446901596,-0.006365371030715302,0.005616145363248598,0.14311193570013087,0.7530638542777496,0.04096141511956931,-0.017260346271852422,6.678502158257812e-05,-0.008293424345716508,0.0,0.0,1.0,20.658609698921346,1.6785438588837938,20.712233618122113,1.6539716610660378,20.658609698921346,1.6785438588837938,20.712233618122113,1.6539716610660378,1.562399002520096,1.6776009974799042
4.300188064575195,0.6990735392780941,1.3221343570729525,0.9872241390480461,0.9999236331605431,-0.00900737395214295,-0.006365962828068277,0.005574009219423505,0.1425193190296163,0.7547158432718764,0.040653229972763265,-0.018137998953574073,6.514399753003328e-05,-0.008335065162962157,0.0,0.0,1.0,20.660547739097844,1.881162910408871,20.709084191882585,1.8568015590895723,20.660547739097844,1.881162910408871,20.709084191882585,1.8568015590895723,1.560827303153704,1.679172696846296
4.309647083282471,0.7004966845407087,1.3296898427143833,0.9876291083923647,0.9999230273419579,-0.009099779527642744,-0.006366668221253224,0.0055316308267406395,0.1420827305900566,0.7563841856973931,0.040341098728464725,-0.018941760162838626,1.9287098428176186e-05,-0.008380268167414292,0.0,0.0,1.0,20.661002207960912,2.0269755573474932,20.707420776360916,2.002862670608764,20.661002207960912,2.0269755573474932,20.707420776360916,2.002862670608764,1.559273942123075,1.6807260578769252
4.319377183914185,0.7019160632987593,1.337262096597156,0.9880309342245778,0.9999223764733474,-0.00919604667329571,-0.006367468935046405,0.005488997434682747,0.14177123915857995,0.7580696020949019,0.040024629702795946,-0.019681219949789427,2.1461751751026226e-05,-0.008427702306968855,0.0,0.0,1.0,20.661206042555733,2.134817557017498,20.706152233303047,2.110983213822431,20.661206042555733,2.134817557017498,20.706152233303047,2.110983213822431,1.5577345794414257,1.6822654205585745
4.3305652141571045,0.703332796064244,1.344851292838209,0.9884295759774709,0.999921683347664,-0.009295873414653618,-0.006368194425508685,0.005446100292164786,0.14155809125008437,0.7597727633797429,0.039704245162316146,-0.020364328630644205,5.788697787814992e-05,-0.008476477540550472,0.0,0.0,1.0,20.66177974988411,2.2172710178164383,20.70473241505504,2.1937382943718085,20.66177974988411,2.2172710178164383,20.70473241505504,2.1937382943718085,1.5562057665227629,1.6837942334772373
4.338969945907593,0.7047477672789176,1.3524576120845841,0.9888249990860548,0.9999209496454274,-0.009398992210997605,-0.006368806363972988,0.005402935415418371,0.1414225379385316,0.761494302405691,0.03938078026101639,-0.02099715161946491,8.161232047790759e-05,-0.008525993883098099,0.0,0.0,1.0,20.662463034837156,2.2827405079380028,20.703427464302013,2.2595264793049994,20.662463034837156,2.2827405079380028,20.703427464302013,2.2595264793049994,1.5546852239035398,1.6853147760964604
4.349662780761719,0.7061616890524407,1.3600812411681948,0.9892171771933479,0.9999201761557897,-0.009505160805218396,-0.006369377547884847,0.005359502243156594,0.14135069834269778,0.763234821629262,0.03905510470610497,-0.02158390683899595,8.38795751234037e-05,-0.008575847694040852,0.0,0.0,1.0,20.6629387533122,2.3368368173766183,20.70251452661158,2.3139536611736338,20.6629387533122,2.3368368173766183,20.70251452661158,2.3139536611736338,1.5531719009320462,1.686828099067954
4.3592963218688965,0.7075751590755853,1.367722372743365,0.989606091531781,0.9999193637415974,-0.009614154718324943,-0.006369952692897254,0.005315801570975381,0.141333796205388,0.7649948841573259,0.038727907435431426,-0.022127330738734702,8.448588628010869e-05,-0.008625765552528995,0.0,0.0,1.0,20.66325346345147,2.3833010171600217,20.70188643625087,2.3607570384986256,20.66325346345147,2.3833010171600217,20.70188643625087,2.3607570384986256,1.5516657629629895,1.6883342370370107
4.3698506355285645,0.7089886990222077,1.3753812048325837,0.9899917288478133,0.9999185136315719,-0.009725761124034112,-0.006370512253368371,0.0052718346916901,0.14136577578843523,0.7667750024755856,0.03839961983555811,-0.022629117874334918,9.463542036431243e-05,-0.008675557783091956,0.0,0.0,1.0,20.663583864260723,2.4246225697463286,20.7013061615902,2.402423070454161,20.663583864260723,2.4246225697463286,20.7013061615902,2.402423070454161,1.55016750057718,1.6898324994228202
4.3793110847473145,0.7104027767333241,1.3830579403197927,0.9903740789530514,0.9999176271173426,-0.009839774028470307,-0.006371027222416347,0.005227603583264533,0.1414421447437459,0.7685756370940507,0.03807042519677253,-0.023090223649600478,0.0001088331376316049,-0.008725089262122692,0.0,0.0,1.0,20.663969000272566,2.4624528153983487,20.700689557735473,2.4406007946073007,20.663969000272566,2.4624528153983487,20.700689557735473,2.4406007946073007,1.548678330809217,1.6913216691907833
4.390063762664795,0.7118178217915173,1.3907527864644258,0.9907531326367696,0.9999167053561876,-0.009955990755434326,-0.006371495705535137,0.005183111052254578,0.14155980038351987,0.7703972020632559,0.03774032661582112,-0.02351103959484273,0.00011987254650530928,-0.008774262080809695,0.0,0.0,1.0,20.664338357591618,2.4978814010165538,20.70008417184689,2.4763781048340734,20.664338357591618,2.4978814010165538,20.70008417184689,2.4763781048340734,1.5471998888590262,1.692800111140974
4.399441242218018,0.7132342386338023,1.3984659544603117,0.9911288803918222,0.9999157494847142,-0.010074209528987056,-0.0063719295748967605,0.0051383604663091725,0.14171685007459653,0.772240069509884,0.03740924640598061,-0.023891534972063682,0.0001279010348175779,-0.008823004034032057,0.0,0.0,1.0,20.66465331977225,2.5316211985166213,20.699526007433672,2.510466543528377,20.66465331977225,2.5316211985166213,20.699526007433672,2.510466543528377,1.5457341388535903,1.6942658611464099
4.408880233764648,0.7146524161707437,1.406197659020903,0.9915013120675497,0.9999147607811091,-0.010194227819513098,-0.006372332506709238,0.005093355440773927,0.1419121513325396,0.774104570886807,0.03707711831873259,-0.024231396256778386,0.00013640510651056752,-0.008871260035972483,0.0,0.0,1.0,20.664942594364017,2.5641322494234533,20.69899667029339,2.543325143022377,20.664942594364017,2.5641322494234533,20.69899667029339,2.543325143022377,1.5442832793620602,1.69571672063794
4.419549942016602,0.7160727332396352,1.4139481179722873,0.9918704172321423,0.999913740689031,-0.010315841202728535,-0.006372698829040275,0.005048099759762655,0.14214490057091864,0.7759909970940564,0.03674394243690099,-0.024530139155836853,0.0001465042018004765,-0.008918986118150203,0.0,0.0,1.0,20.6652448598404,2.595704946917414,20.698472338625457,2.575243525522505,20.6652448598404,2.595704946917414,20.698472338625457,2.575243525522505,1.5428496648217258,1.6971503351782744
4.4293084144592285,0.7174955613843453,1.4217175518502931,0.9922361858662438,0.9999126907653234,-0.010438842611012786,-0.006373023639234322,0.005002597434090469,0.1424144751285583,0.7778995989578683,0.036409797973184437,-0.02478717863000221,0.00015690207614803546,-0.008966145813459272,0.0,0.0,1.0,20.665569585233275,2.6265158371228794,20.69795682074119,2.606397641629048,20.665569585233275,2.6265158371228794,20.69795682074119,2.606397641629048,1.5414357562069776,1.6985642437930226
4.439488410949707,0.7189212666810006,1.4295061835015497,0.9925986090544667,0.999911612663355,-0.01056302190543613,-0.006373306863017717,0.004956852713623177,0.14272041190046725,0.7798305875818196,0.03607482823543147,-0.02500187227835834,0.00016659588948300587,-0.009012708054920304,0.0,0.0,1.0,20.665909055909697,2.6566650360450623,20.697466486427125,2.6368871407623558,20.665909055909697,2.6566650360450623,20.697466486427125,2.6368871407623558,1.5400440902499586,1.6999559097500416
4.449200868606567,0.7203502111115551,1.4373142376836638,0.9929576794867387,0.999910508161692,-0.010688165691010724,-0.006373549837586261,0.004910870030544577,0.14306236263998906,0.7817841339231709,0.03573921492372201,-0.02517355605454106,0.000175835094266207,-0.009058645738409043,0.0,0.0,1.0,20.666260462838522,2.686201360547327,20.697007654706994,2.6667604679426686,20.666260462838522,2.686201360547327,20.697007654706994,2.6667604679426686,1.5386772528354766,1.7013227471645236
4.459847927093506,0.7217827532697616,1.4451419406587607,0.9933133917165132,0.999909379188652,-0.010814057302892458,-0.006373752204584835,0.00486465394957637,0.1434400108386635,0.7837603678760421,0.03540315319073387,-0.025301576717503632,0.00018515954017994226,-0.009103934642969708,0.0,0.0,1.0,20.666628001878312,2.7151392617595578,20.696575610795342,2.6960317720034155,20.666628001878312,2.7151392617595578,20.696575610795342,2.6960317720034155,1.5373378533365858,1.7026621466634144
4.46944522857666,0.7232192483836126,1.4529895197790048,0.9936657422088182,0.999908227821446,-0.01094047691806758,-0.006373912477593703,0.004818209159922325,0.143853010432731,0.785759377502393,0.035066833413472664,-0.025385317325670953,0.00019461013703957767,-0.009148552723628904,0.0,0.0,1.0,20.667013882538534,2.7434702640867314,20.696165487108196,2.7246923262334857,20.667013882538534,2.7434702640867314,20.696165487108196,2.7246923262334857,1.5360285031175673,1.7039714968824329
4.478878736495972,0.7246600479566145,1.4608572030666371,0.994014729254705,0.9999070562764473,-0.01106720177001725,-0.006374029728718694,0.004771540481753789,0.14430096683144836,0.7877812086608988,0.0347304321820227,-0.02542421516302987,0.00020391593647814513,-0.00919247973776269,0.0,0.0,1.0,20.667415233663714,2.7711707061321125,20.695777221093092,2.7527182562275283,20.667415233663714,2.7711707061321125,20.695777221093092,2.7527182562275283,1.5347517990454764,1.7052482009545238
4.489867925643921,0.7261054992809183,1.4687452187914976,0.9943603528394365,0.9999058669066432,-0.011194006450934726,-0.006374103906393354,0.004724652859336612,0.14478343346946493,0.7898258648925494,0.034394112050688964,-0.025417775583124292,0.00021293574763080485,-0.009235697057165667,0.0,0.0,1.0,20.667828184664426,2.798206998721728,20.6954127371666,2.780075788778976,20.667828184664426,2.798206998721728,20.6954127371666,2.780075788778976,1.5335103094932123,1.706489690506788
4.499464511871338,0.7275559448629015,1.4766537950477105,0.9947026145348085,0.999904662204021,-0.011320663286055396,-0.006374135145749331,0.00467755134342505,0.14529990140160862,0.7918933073972722,0.03405802704220963,-0.02536558458928729,0.00022172146077502854,-0.009278187548145174,0.0,0.0,1.0,20.66825128156467,2.824539225059782,20.695073003813683,2.806724845682693,20.66825128156467,2.824539225059782,20.695073003813683,2.806724845682693,1.5323065607065758,1.7076934392934244
4.508925199508667,0.7290117217227394,1.4845831593303611,0.9950415174523214,0.999903444798521,-0.01144694276692869,-0.006374123383813615,0.004630241076875895,0.1458497846553581,0.7939834550685367,0.03372232994140496,-0.02526732034803709,0.00023032933333443824,-0.009319935492511797,0.0,0.0,1.0,20.668684904119893,2.8501236337315294,20.694758453452735,2.832621532328357,20.668684904119893,2.8501236337315294,20.694758453452735,2.832621532328357,1.531143023439327,1.7088569765606731
4.519405364990234,0.7304731605838924,1.4925335381128704,0.9953770662602425,0.999902217451792,-0.011572614034894329,-0.006374068559746158,0.00458272728668991,0.14643241145049704,0.7960961846009569,0.03338717830762895,-0.025122762946826884,0.00023872490131377662,-0.00936092655798143,0.0,0.0,1.0,20.669129362224304,2.8749143873626046,20.694470388891602,2.8577198833555824,20.669129362224304,2.8749143873626046,20.694470388891602,2.8577198833555824,1.5300221004791652,1.709977899520835
4.529385328292847,0.7319405850116543,1.5005051564257033,0.9957092672461128,0.9999009830491673,-0.011697445408894296,-0.006373970870325043,0.004535015276556705,0.14704702242384182,0.7982313306544299,0.03305273782433482,-0.024931802450712883,0.0002468405057339586,-0.009401147808100727,0.0,0.0,1.0,20.66958431313406,2.898864808545926,20.69421100936709,2.881973106601321,20.66958431313406,2.898864808545926,20.69421100936709,2.881973106601321,1.5289461151038712,1.711053884896129
4.54019021987915,0.7334143105398295,1.5084982374368427,0.9960381283992378,0.9998997445919164,-0.011821204952278739,-0.006373830764139278,0.004487110416148473,0.14769277070696574,0.8003886860480232,0.032719182985193315,-0.024694445855597782,0.0002546407613314693,-0.009440587726815532,0.0,0.0,1.0,20.670049247441618,2.9219282869989542,20.69398248375018,2.905334488993307,20.670049247441618,2.9219282869989542,20.69398248375018,2.905334488993307,1.5279173000556252,1.712082699944375
4.549795150756836,0.7348946437908882,1.516513002034366,0.9963636594908134,0.9998985051888838,-0.011943661073154149,-0.006373648818255521,0.004439018128691693,0.1483687210418004,0.8025680019887699,0.03238669583770955,-0.024410823275100666,0.0002621178847301228,-0.009479236242053164,0.0,0.0,1.0,20.67052377106173,2.944058958836636,20.693786420397608,2.9277580750341476,20.67052377106173,2.944058958836636,20.693786420397608,2.9277580750341476,1.5269377868089322,1.713062213191068
4.559469699859619,0.7363818815886435,1.5245496684116726,0.9966858721372568,0.9998972680462719,-0.01206458315316617,-0.00637342569813961,0.0043907438791729436,0.14907384908001475,0.8047689883693692,0.032055463731179644,-0.024081193283603558,0.0002692590123723293,-0.009517084746842583,0.0,0.0,1.0,20.671007393424677,2.9652122311791436,20.693624021768677,2.9491991909314024,20.671007393424677,2.9652122311791436,20.693624021768677,2.9491991909314024,1.5260095952338384,1.7139904047661618
4.569107294082642,0.7378763100734779,1.5326084516562182,0.9970047798411312,0.9998960364556101,-0.012183742200111236,-0.006373162201507595,0.00434229316327581,0.149807042367272,0.8069913141678582,0.03172567694154943,-0.023705947272668174,0.00027603732973052443,-0.009554126119532541,0.0,0.0,1.0,20.67149932152848,2.985345199802542,20.693496369201654,2.9696148619760487,20.67149932152848,2.985345199802542,20.693496369201654,2.9696148619760487,1.5251346238132477,1.7148653761867525
4.5796778202056885,0.7393782038348868,1.5406895633428468,0.9973203980112301,0.999894813780593,-0.012300911519921536,-0.006372859290489568,0.004293671495978389,0.1505671028169384,0.8092346079653218,0.03139752677183833,-0.023285612820005894,0.00028242478413722415,-0.009590354740708055,0.0,0.0,1.0,20.67199854217155,3.0044169913066936,20.69340447916447,2.9889641545678582,20.67199854217155,3.0044169913066936,20.69340447916447,2.9889641545678582,1.5243146404624048,1.7156853595375954
4.589246988296509,0.7408878250710667,1.5487932111329088,0.9976327439674515,0.9998936034430824,-0.012415867403393357,-0.006372518078782682,0.004244884399452341,0.15135274977211513,0.8114984585848355,0.031071204361452893,-0.022820856127638314,0.00028840087415059513,-0.00962576650280434,0.0,0.0,1.0,20.672504018549898,3.0223890507827926,20.693349238364778,3.007208463810613,20.672504018549898,3.0223890507827926,20.693349238364778,3.007208463810613,1.5235512739512536,1.7164487260487467
4.598852872848511,0.742405422780247,1.5569195983803603,0.9979418369368825,0.9998924089081429,-0.012528389822816222,-0.006372139807931093,0.004195937390731652,0.15216262335383876,0.813782415850047,0.03074690012295991,-0.022312483524313934,0.00029394977762168677,-0.009660358810610833,0.0,0.0,1.0,20.67301478081214,3.039225388630646,20.693331399745738,3.024311760283638,20.67301478081214,3.039225388630646,20.693331399745738,3.024311760283638,1.5228460059786553,1.717153994021345
4.609866380691528,0.7439312319883846,1.565068923746026,0.9982476980459587,0.9998912336680543,-0.012638263133533544,-0.006371725840414354,0.004146835969567634,0.15299528835677395,0.8160859914595064,0.030424803556940775,-0.02176144197285614,0.0002990553240553741,-0.009694130572991724,0.0,0.0,1.0,20.67352990381059,3.054892794971692,20.693351636855013,3.040240804407266,20.67352990381059,3.054892794971692,20.693351636855013,3.040240804407266,1.5222001639926008,1.7177998360073994
4.619323253631592,0.7454654730196012,1.5732413808211465,0.9985503503111005,0.9998900812254615,-0.012745276775372403,-0.006371277662806142,0.00409758560647076,0.15384923887269408,0.81840865997048,0.030105103175987673,-0.021168818534707284,0.00030370078169384416,-0.00972708218628346,0.0,0.0,1.0,20.67404847271482,3.0693610266814115,20.69341056645254,3.0549653334079645,20.67404847271482,3.0693610266814115,20.69341056645254,3.0549653334079645,1.521614914843755,1.7183850851562452
4.628845453262329,0.7470083508158741,1.5814371577612725,0.9988498186279693,0.999888955075904,-0.012849225968777543,-0.0063707968834908115,0.004048191730823653,0.15472290352900078,0.8207498598850193,0.029787986339012956,-0.02053583877999514,0.0003078713222687055,-0.009759215509195333,0.0,0.0,1.0,20.674569580017618,3.0826029699748725,20.69350871504307,3.0684582238045572,20.674569580017618,3.0826029699748725,20.69350871504307,3.0684582238045572,1.5210912593321713,1.718908740667829
4.639486789703369,0.7485600543111779,1.589656436931501,0.9991461297580196,0.9998878586898896,-0.012949912400403888,-0.006370285222849165,0.003998659719112797,0.15561465116680331,0.8231089948324345,0.029473638895735996,-0.019863864148219598,0.00031155509508978005,-0.00979053382901701,0.0,0.0,1.0,20.67509232968564,3.0945947801778995,20.693646472868785,3.0806956310393456,20.67509232968564,3.0945947801778995,20.693646472868785,3.0806956310393456,1.5206300276937712,1.719369972306229
4.648993492126465,0.7501207558642425,1.5978993945639999,0.999439312310474,0.9998867954946324,-0.013047144892906839,-0.00636974450265975,0.003948994883439222,0.15652279689864224,0.8254854348445484,0.029162244630530045,-0.01915438826544816,0.0003147425250576483,-0.009821041819439628,0.0,0.0,1.0,20.675615827532823,3.105315999454114,20.6938240703386,3.0916571070192913,20.675615827532823,3.105315999454114,20.6938240703386,3.0916571070192913,1.5202318760723428,1.7197681239276574
4.659800052642822,0.7516906107538148,1.6061662004287447,0.999729396718015,0.9998857688556055,-0.013140740053730105,-0.006369176638111669,0.0038992024604263564,0.15744560855201728,0.8278785177214544,0.028853984555964926,-0.018409032229786997,0.0003174256426915733,-0.00985074549064594,0.0,0.0,1.0,20.67613916763395,3.1147496527184195,20.694041573752447,3.1013256957958673,20.67613916763395,3.1147496527184195,20.694041573752447,3.1013256957958673,1.519897284017695,1.7201027159823052
4.669235706329346,0.7532697567401114,1.6144570175183597,1.0000164152051054,0.9998847820580934,-0.013230522897814779,-0.006368583630458436,0.003849287600570754,0.158381313468612,0.8302875504855229,0.028549036132631704,-0.017629538892698075,0.00031959825322341894,-0.009879652132339555,0.0,0.0,1.0,20.676661430286025,3.12288232170208,20.69429888476877,3.1096880073489226,20.676661430286025,3.12288232170208,20.69429888476877,3.1096880073489226,1.5196265530370137,1.7203734469629866
4.679743766784668,0.7548583136955956,1.622772001747931,1.0003004017485564,0.9998838382889443,-0.01331632743933492,-0.006367967558095752,0.0037992553580726055,0.1593281055815327,0.8327118109206354,0.028247572487062434,-0.01681776618061764,0.0003212563596183147,-0.009907770250329882,0.0,0.0,1.0,20.677181691613,3.1297041970635426,20.694595739257924,3.116734269370183,20.677181691613,3.1297041970635426,20.694595739257924,3.116734269370183,1.51941980621122,1.7205801937887801
4.68934440612793,0.7564563833074543,1.6311113016706282,1.0005813920305482,0.999882940618704,-0.013397997247805882,-0.006367330566326702,0.003749110681209774,0.1602841526908908,0.8351505491926087,0.02794976167611056,-0.01597567951353336,0.0003223982523572917,-0.009935109497351685,0.0,0.0,1.0,20.677699035358124,3.1352091084762996,20.694931709427856,3.122458356980185,20.677699035358124,3.1352091084762996,20.694931709427856,3.122458356980185,1.519276988875952,1.7207230111240481
4.700277805328369,0.7580640488534703,1.6394750582099151,1.0008594233846546,0.9998820919842961,-0.013475385964214149,-0.00636667485705395,0.003698858403326697,0.16124760387789944,0.8376029895457177,0.027655766018474005,-0.015105343386688055,0.000323024342931947,-0.009961680598912443,0.0,0.0,1.0,20.678212561131552,3.139394532723018,20.695306210247765,3.1268578004112895,20.678212561131552,3.139394532723018,20.695306210247765,3.1268578004112895,1.5191978703562412,1.720802129643759
4.709869146347046,0.7596813750524166,1.647863404409088,1.0011345347355112,0.9998812951724277,-0.013548357773177097,-0.006366002678793078,0.003648503234492285,0.16221659700401755,0.8400683320692616,0.027365741492385687,-0.0142089121916447,0.0003231370481624309,-0.009987495275019558,0.0,0.0,1.0,20.678721389717573,3.142261579970058,20.695718506748264,3.12993377083507,20.678721389717573,3.142261579970058,20.695718506748264,3.12993377083507,1.5191820467324777,1.7208179532675225
4.719467401504517,0.7613084079895085,1.656276465198802,1.0014067665327222,0.9998805528038922,-0.01361678782755153,-0.0063653163166454444,0.0035980497538639525,0.16318926623373023,0.8425457545273685,0.02707983718682806,-0.013288620363421148,0.0003227407948245498,-0.010012566158637916,0.0,0.0,1.0,20.679224667317712,3.143814958578503,20.696167719460117,3.1316910446948563,20.679224667317712,3.143814958578503,20.696167719460117,3.1316910446948563,1.5192289446029643,1.720771055397036
4.729587554931641,0.7629451751168121,1.6647143571831837,1.0016761606794582,0.9998798673189233,-0.013680562622365418,-0.006364618082012851,0.0035475024027894937,0.16416374951392976,0.845034414244797,0.026798194791241473,-0.012346771949541625,0.0003218420225031892,-0.010036906711715768,0.0,0.0,1.0,20.679721568864494,3.144062919010431,20.696652828441366,3.132137947107151,20.679721568864494,3.144062919010431,20.696652828441366,3.132137947107151,1.5193378257966554,1.7206621742033448
4.739086866378784,0.7645916853278546,1.673177188445057,1.0019427604560767,0.9998792409637499,-0.013739580315441384,-0.006363910302246495,0.003496865478676563,0.16513819594571777,0.847533450041307,0.026520948112624638,-0.011385729703780092,0.00032044911020277485,-0.010060531139614425,0.0,0.0,1.0,20.680211299917914,3.1430171775958984,20.697172677683643,3.13128627510254,20.680211299917914,3.1430171775958984,20.697172677683643,3.13128627510254,1.5195077929793566,1.7204922070206436
4.749995946884155,0.7662479291050713,1.681665058370726,1.0022066104390253,0.9998786757784789,-0.013793750992606511,-0.006363195310493793,0.003446143129653002,0.16611077299001342,0.8500419842071265,0.026248222615654796,-0.010407903812460914,0.00031857226043007837,-0.010083454304769503,0.0,0.0,1.0,20.680693097526586,3.1406928211274012,20.697725980862433,3.1291512016781606,20.680693097526586,3.1406928211274012,20.697725980862433,3.1291512016781606,1.5197377960875247,1.7202622039124755
4.759675025939941,0.7679138787381552,1.6901780574946923,1.002467756415271,0.9998781735864224,-0.013842996875931324,-0.0063624754358320955,0.003395339350031245,0.1670796734516997,0.8525591245120349,0.025980134987916192,-0.009415740364786254,0.00031622338932800324,-0.01010569164038232,0.0,0.0,1.0,20.681166231007413,3.1371081934394702,20.698311328424197,3.1257511618246845,20.681166231007413,3.1371081934394702,20.698311328424197,3.1257511618246845,1.520026639515648,1.7199733604843521
4.769259214401245,0.7695894886108281,1.6987162673646032,1.0027262452925425,0.9998777359849621,-0.0138872524740029,-0.006361752993679655,0.003344457976581155,0.16804312218920356,0.8550839662405604,0.025716792736587075,-0.008411709680573427,0.00031341602510342553,-0.01012725906489597,0.0,0.0,1.0,20.681630003187767,3.1322847653066397,20.69892719585136,3.1211077218662453,20.681630003187767,3.1322847653066397,20.69892719585136,3.1211077218662453,1.5203729899762317,1.7196270100237685
4.779938697814941,0.7712746955530472,1.7072797604266572,1.0029821250057416,0.9998773643380324,-0.013926464673803157,-0.00636103027651773,0.003293502685608847,0.16899938250003496,0.8576155942457494,0.025458293824408278,-0.007398294608788589,0.0003101651941419692,-0.010148172897958723,0.0,0.0,1.0,20.682083752003443,3.1262469891480045,20.6995719531023,3.115245433606586,20.682083752003443,3.1262469891480045,20.6995719531023,3.115245433606586,1.5207753849459682,1.719224615054032
4.78946590423584,0.7729694192551863,1.7158685999316121,1.0032354444199514,0.9998770597702724,-0.013960592774324425,-0.006360309545012911,0.0032424769908328105,0.16994676213822674,0.8601530850139106,0.025204726351926856,-0.006377978908304629,0.0003064872885593753,-0.010168449778521785,0.0,0.0,1.0,20.68252685212265,3.119022140156728,20.700243875139442,3.10819167490457,20.68252685212265,3.119022140156728,20.700243875139442,3.10819167490457,1.521232241607807,1.7187677583921932
4.799557447433472,0.7746735627403282,1.7244828398614673,1.0034862532305253,0.9998768231628874,-0.013989608462602,-0.006359593019619537,0.003191384242041842,0.17088361892555268,0.8626955087326971,0.02495616829087853,-0.005353235818634657,0.00030239992487748066,-0.010188106585658038,0.0,0.0,1.0,20.682958716389727,3.110640145575932,20.70094115323203,3.099976478404993,20.682958716389727,3.110640145575932,20.70094115323203,3.099976478404993,1.521741866196316,1.7182581338036842
4.8089752197265625,0.7763870128904466,1.7331225248768172,1.003734601860778,0.9998766551512284,-0.01401349573336837,-0.0063588828727042315,0.003140227624512576,0.17180836592412904,0.8652419313548831,0.024712687271124693,-0.004326516923165557,0.00029792180214402946,-0.010207160362619901,0.0,0.0,1.0,20.683378797006156,3.1011334039172938,20.701661906648503,3.0906323502251833,20.683378797006156,3.1011334039172938,20.701661906648503,3.0906323502251833,1.5223024636528262,1.717697536347174
4.8197150230407715,0.7781096410219641,1.7417876902847909,1.0039805413578184,0.9998765561240903,-0.014032250754029658,-0.006358181221217765,0.0030890101591585437,0.17271947614374603,0.867791416650245,0.024474340421482384,-0.0033002414007885427,0.0002930725597590924,-0.010225628244584329,0.0,0.0,1.0,20.683786586386766,3.090536595965154,20.702404194467476,3.080194080443956,20.683786586386766,3.090536595965154,20.702404194467476,3.080194080443956,1.5229121474973832,1.717087852502617
4.829482078552246,0.7798413035059347,1.7504783620274242,1.00422412328705,0.9998765262246929,-0.014045881677123836,-0.006357490119942811,0.003037734703377645,0.17361548676331423,0.8703430282380736,0.02424117426340462,-0.002276785753928196,0.00028787263306241043,-0.010243527390459924,0.0,0.0,1.0,20.684181617641503,3.078886489426843,20.703166027372404,3.068698547256991,20.684181617641503,3.078886489426843,20.703166027372404,3.068698547256991,1.5235689498264013,1.7164310501735989
4.839038372039795,0.7815818424279257,1.7591945566902327,1.0044653996258626,0.9998765653533083,-0.0140544084028377,-0.006356811555346966,0.0029864039525605355,0.17449500285201086,0.8728958315930346,0.024013224655790803,-0.0012584740920367201,0.0002823431077604802,-0.010260874919058593,0.0,0.0,1.0,20.684563464690925,3.066221739080399,20.70394537935121,3.0561845166527033,20.684563464690925,3.066221739080399,20.70394537935121,3.0561845166527033,1.5242708313480409,1.7157291686519593
4.8497633934021,0.7833310862825587,1.7679362815306827,1.0047044226570176,0.9998766731714627,-0.014057862294532392,-0.006356147440060336,0.0029350204422187776,0.17535670058176647,0.8754488960173651,0.02379051678903648,-0.0002475690407598291,0.00027650557627201635,-0.010277687849761089,0.0,0.0,1.0,20.68493174208293,3.0525826842404,20.704740199225096,3.042692439431568,20.68493174208293,3.0525826842404,20.704740199225096,3.042692439431568,1.5250156913708073,1.714984308629193
4.859286308288574,0.7850888506976156,1.7767035345261888,1.0049412448622068,0.9998768491076413,-0.014056285850560313,-0.006355499607984988,0.0028835865506877936,0.17619932992850065,0.878001296572817,0.02357306522650944,0.0007537366595869596,0.00027038199819812326,-0.010293983048096691,0.0,0.0,1.0,20.685286104591192,3.0380111453279364,20.70554842193,3.0282642473573578,20.685286104591192,3.0380111453279364,20.70554842193,3.0282642473573578,1.5258013776629136,1.7141986223370866
4.8699586391448975,0.7868549391826161,1.7854963044412322,1.0051759188162521,0.9998770923643884,-0.01404973233630183,-0.006354869810036455,0.00283210450235482,0.17702171686500157,0.8805521159704622,0.02336087399166217,0.0017433276791858055,0.0002639945659762649,-0.010309777176208918,0.0,0.0,1.0,20.68562624664638,3.022550222037073,20.706367979467856,3.0129431509341815,20.68562624664638,3.022550222037073,20.706367979467856,3.0129431509341815,1.526625695994964,1.7133743040050362
4.879351854324341,0.788629143896834,1.7943145709130617,1.0054084970823953,0.9998774019267078,-0.014038265379697499,-0.006354259710509532,0.0027805763713655606,0.17782276505487418,0.8831004463989814,0.023153936699144888,0.002719173125557096,0.000257365576482976,-0.010325086648192539,0.0,0.0,1.0,20.685951901638227,3.0062440928777363,20.707196811455013,2.9967734385902864,20.685951901638227,3.0062440928777363,20.707196811455013,2.9967734385902864,1.5274864196369227,1.7125135803630775
4.888880968093872,0.7904112464318231,1.803158304555427,1.0056390321091049,0.9998777765716483,-0.014021958534162769,-0.006353670884061614,0.0027290040857601535,0.17860145705841263,0.8856453912968554,0.02295223672775952,0.0036793326995753087,0.00025051730773707125,-0.010339927590211424,0.0,0.0,1.0,20.686262841090084,2.989137818277695,20.708032875219338,2.979800279451773,20.686262841090084,2.989137818277695,20.708032875219338,2.979800279451773,1.5283812984739436,1.7116187015260567
4.899734258651733,0.792201018603656,1.812027467079705,1.0058675761288078,0.999878214878946,-0.014000894812570453,-0.0063531048133009934,0.002677389431990081,0.17935685506727672,0.8881860670620679,0.022755747433095802,0.00462196200276913,0.0002434719029883811,-0.010354315805428848,0.0,0.0,1.0,20.68655887372948,2.9712771488223764,20.7088741553725,2.962069531285339,20.68655887372948,2.9712771488223764,20.7088741553725,2.962069531285339,1.5293080677232591,1.710691932276741
4.90946888923645,0.7939982232502752,1.820922011432793,1.006094181058934,0.9998787152425965,-0.01397516619682952,-0.006352562886958464,0.0026257340597626655,0.18008810118879678,0.8907216046934303,0.022564432397477054,0.005545317022501652,0.0002362512638525925,-0.010368266743643044,0.0,0.0,1.0,20.686839844462824,2.9527083398400675,20.709718672754875,2.9436275548176454,20.686839844462824,2.9527083398400675,20.709718672754875,2.9436275548176454,1.530264456229815,1.709735543770185
4.919018507003784,0.7958026150295746,1.8298418819510525,1.006318898405627,0.9998792758832127,-0.013944873127086706,-0.006352046398614971,0.0025740394871633684,0.180794417303839,0.893251151359147,0.022378245714356943,0.006447757801959763,0.00022887695249044343,-0.010381795475445009,0.0,0.0,1.0,20.687105633254173,2.933477973368579,20.710564492679076,2.9245210354669937,20.687105633254173,2.933477973368579,20.710564492679076,2.9245210354669937,1.5312481943074092,1.708751805692591
4.929562330245972,0.79761394121408,1.8387870145295568,1.0065417791704545,0.9998798948610368,-0.01391012397458009,-0.006351556545957128,0.002522307106007162,0.18147510452478677,0.8957738718887766,0.02219713230397848,0.007327751308811853,0.0002213701024775904,-0.010394916670706017,0.0,0.0,1.0,20.687356153903885,2.9136327883868485,20.711409732428596,2.904796813370109,20.687356153903885,2.9136327883868485,20.711409732428596,2.904796813370109,1.5322570210976068,1.7077429789023935
4.939287900924683,0.799431942478378,1.8477573368058633,1.006762873760409,0.9998805700894687,-0.013871034502096076,-0.006351094430531005,0.002470538187371784,0.18212954228230535,0.8982889501852799,0.022021028256891065,0.00818387352333875,0.00021375133855788733,-0.01040764458117514,0.0,0.0,1.0,20.687591352732795,2.893219520049531,20.71225256798551,2.884501722441137,20.687591352732795,2.893219520049531,20.71225256798551,2.884501722441137,1.5332886914250061,1.706711308574994
4.950153827667236,0.8012563536757318,1.856752768357492,1.0069822319014647,0.9998812993489717,-0.013827727315859753,-0.006350661057961719,0.0024187338872676384,0.1827571870711318,0.9007955905543603,0.02184986120183399,0.009014810773991806,0.00020604070563916,-0.01041999302694526,0.0,0.0,1.0,20.68781120718899,2.872284748517908,20.71309123997321,2.863682439055035,20.68781120718899,2.872284748517908,20.71309123997321,2.863682439055035,1.5343409821343004,1.7056590178656998
4.959681510925293,0.8030869046006325,1.865773220912271,1.007199902555912,0.9998820803012295,-0.013780331312533405,-0.006350257338603924,0.002366895252401317,0.18335757088619176,0.903293018948814,0.021683550694502347,0.009819360354586932,0.00019825760708743745,-0.010431975386522633,0.0,0.0,1.0,20.688015724398085,2.8508747578389175,20.713924058812843,2.8423853408057957,20.688015724398085,2.8508747578389175,20.713924058812843,2.8423853408057957,1.5354116979010821,1.704588302098918
4.96982216835022,0.8049233207343489,1.8748185985706944,1.007415933843667,0.9998829105034245,-0.013728981124814032,-0.006349884088587307,0.0023150232259923024,0.1839302993809258,0.9057804841261267,0.021522008623789914,0.01059643046263142,0.00019042075204340204,-0.010443604590232624,0.0,0.0,1.0,20.688204939675355,2.8290354051881024,20.714749409104467,2.8206563756538063,20.688204939675355,2.8290354051881024,20.714749409104467,2.8206563756538063,1.536498676514329,1.7035013234856713
4.979238748550415,0.8067653239708591,1.8838887980394128,1.007630372967709,0.9998837874225149,-0.013673816568912684,-0.0063495420312210836,0.0022631186536051224,0.18447504977985812,0.908257258718058,0.021365139632212832,0.01134503950261372,0.0001825481113873422,-0.010454893116682714,0.0,0.0,1.0,20.688378915014304,2.806812000663691,20.71556575325318,2.7985409416479388,20.688378915014304,2.806812000663691,20.71556575325318,2.7985409416479388,1.5375997936339745,1.7024002063660257
4.9900476932525635,0.8086126333208635,1.8929837088749741,1.0078432661437762,0.9998847084494044,-0.013614982096971245,-0.006349231798721673,0.002211182288962159,0.18499156857719576,0.9107226402114508,0.021212841547348208,0.012064314801473491,0.00017465688205246305,-0.010465852992002677,0.0,0.0,1.0,20.68853773756412,2.784249197699284,20.716371634364627,2.7760837772881533,20.68853773756412,2.784249197699284,20.716371634364627,2.7760837772881533,1.5387129670318629,1.7012870329681373
4.999634742736816,0.8104649655918976,1.902103213736927,1.008054658534412,0.9998856709128908,-0.013552626257230036,-0.006348953934227808,0.0021592147997052807,0.1854796690526418,0.9131759518399847,0.02106500582125419,0.012753490785952606,0.00016676345931596924,-0.010476495791582042,0.0,0.0,1.0,20.688681518106478,2.761390894052848,20.717165678438622,2.753328862484567,20.688681518106478,2.761390894052848,20.717165678438622,2.753328862484567,1.5398361603287032,1.700163839671297
5.009647369384766,0.8123220360428647,1.9112471886493931,1.0082645941874293,0.9998866720933072,-0.013486901164507788,-0.006348708894068048,0.00210721677307756,0.18593922863468693,0.9156165433870495,0.020921517974975934,0.013411906673140876,0.00015888341662449452,-0.010486832644033502,0.0,0.0,1.0,20.688810389539796,2.7382801432307344,20.717946595893537,2.730319329969929,20.688810389539796,2.7382801432307344,20.717946595893537,2.730319329969929,1.5409673862433484,1.6990326137566518
5.019129037857056,0.8141835590116092,1.9204155032702257,1.0084731159788298,0.9998877092357608,-0.013417961983296808,-0.0063484970502466756,0.0020551887214993064,0.18637018614046236,0.9180437919003531,0.020782258045391657,0.014039003726348094,0.00015103149241333904,-0.010496874237109842,0.0,0.0,1.0,20.688924505377205,2.7149590761175992,20.718713182459002,2.7070973869346027,20.688924505377205,2.7149590761175992,20.718713182459002,2.7070973869346027,1.5421047093738736,1.6978952906261267
5.029762506484985,0.8160492485144345,1.9296080211668725,1.0086802655601872,0.9998887795628993,-0.013345966425515872,-0.00634831869311548,0.002003131088015818,0.1867725389198358,0.9204571023192897,0.02064710103180803,0.0146343221285101,0.00014322158344834385,-0.01050663082532659,0.0,0.0,1.0,20.689024038264687,2.691468832506728,20.719464319477364,2.683704246576819,20.689024038264687,2.691468832506728,20.719464319477364,2.683704246576819,1.5432462485324905,1.6967537514675097
5.039694309234619,0.8179188188167342,1.9388246000980829,1.0088860833104825,0.9998898802871348,-0.013271074264703916,-0.006348174034199989,0.001951044251597135,0.1871463399298497,0.9228559080164731,0.020515917339893105,0.015197497524762935,0.00013546674400828515,-0.010516112239053082,0.0,0.0,1.0,20.689109178523402,2.6678495021601365,20.720198973659457,2.660180069195891,20.689109178523402,2.6678495021601365,20.720198973659457,2.660180069195891,1.5443901786583765,1.6956098213416237
5.049196243286133,0.8197919849741636,1.9480650923006038,1.0090906082923519,0.9998910086222691,-0.013193446868182575,-0.006348063209151027,0.0018989285322729133,0.18749169476389813,0.9252396712551988,0.020388573220719904,0.015728257284647093,0.00012777919055724537,-0.010525327894811967,0.0,0.0,1.0,20.68918013272351,2.644140074973919,20.72091619633948,2.6365639124021527,20.68918013272351,2.644140074973919,20.72091619633948,2.6365639124021527,1.5455347323340123,1.694465267665988
5.059842824935913,0.8216684633440088,1.9573293447800377,1.0092938782126892,0.9998921617944736,-0.013113246748467684,-0.006347986280793589,0.0018467841960884215,0.18780875865822141,0.9276078835649133,0.020264931202894833,0.016226416532765502,0.00012017031124131023,-0.010534286806595974,0.0,0.0,1.0,20.68923712229438,2.6203783997807975,20.721615122277264,2.6128936899740327,20.68923712229438,2.6203783997807975,20.721615122277264,2.6128936899740327,1.5466782009317037,1.6933217990682965
5.069735527038574,0.8235479720666288,1.966617199605054,1.0094959293875256,0.999893337052587,-0.013030637134971218,-0.00634794324224738,0.001794611459870212,0.1880977334964323,0.9299600660370618,0.02014485051595241,0.01669187399460596,0.00011265067963076195,-0.010542997597996977,0.0,0.0,1.0,20.68928038217526,2.5966011512886205,20.722294968057092,2.5892061388595016,20.68928038217526,2.5966011512886205,20.722294968057092,2.5892061388595016,1.5478189354175673,1.692181064582433
5.079309940338135,0.8254302315170431,1.9759284942041682,1.0096967967110886,0.9998945316776993,-0.012945781566807603,-0.006347934020095194,0.0017424104957924767,0.18835886483089762,0.9322957695439397,0.020028187503405716,0.01712460770183512,0.00010523007225436152,-0.010551468514959937,0.0,0.0,1.0,20.689310159511297,2.57284380462951,20.722955030130503,2.5655367937951965,20.689310159511297,2.57284380462951,20.722955030130503,2.5655367937951965,1.548955346840531,1.6910446531594692
5.090035915374756,0.8273149647269183,1.9852630616643359,1.0098965136289335,0.9998957429920061,-0.01285884350730394,-0.006347958477577099,0.0016901814357374281,0.18859243893790414,0.9346145748833933,0.01991479602404741,0.017524670598666244,9.79174894158149e-05,-0.010559707438993638,0.0,0.0,1.0,20.689326712398888,2.5491406169790083,20.72359468254966,2.5419199690012526,20.689326712398888,2.5491406169790083,20.72359468254966,2.5419199690012526,1.5500859065338073,1.689914093466193
5.099491357803345,0.8292018977773621,1.994620731030635,1.010095112115023,0.9998969683669189,-0.012769985980612823,-0.0063480164177904565,0.0016379243754451654,0.18879877992167066,0.9369160928524078,0.019804527840297872,0.017892186088002533,9.072117878307945e-05,-0.010567721900686562,0.0,0.0,1.0,20.68933030868314,2.5255246156969715,20.724213374436577,2.5183887464023726,20.68933030868314,2.5255246156969715,20.724213374436577,2.5183887464023726,1.5512091460558999,1.6887908539441003
5.109157085418701,0.8310907601630811,2.0040013276063386,1.0102926226526179,0.9998982052304238,-0.012679371230640701,-0.006348107586877694,0.0015856393784504316,0.1889782468804525,0.9391999642527714,0.019697232992586453,0.018227343553032137,8.36486613031401e-05,-0.01057551909338853,0.0,0.0,1.0,20.68932122480986,2.502027592441259,20.724810627231378,2.4949749698250745,20.68932122480986,2.502027592441259,20.724810627231378,2.4949749698250745,1.5523236568975927,1.6876763431024076
5.119807004928589,0.8329812851285769,2.013404673252718,1.0104890742188388,0.9998994510736993,-0.012587160402334176,-0.006348231677185617,0.0015333264798054575,0.1891312311462306,0.9414658598321324,0.019592760158936077,0.018530393886834064,7.670675901306337e-05,-0.010583105886936322,0.0,0.0,1.0,20.689299744733795,2.478680102710682,20.725386031760408,2.471709244626557,20.689299744733795,2.478680102710682,20.725386031760408,2.471709244626557,1.5534280899805029,1.6865719100194974
5.129330635070801,0.8348732099771657,2.022830586687947,1.0106844942727466,0.9999007034569911,-0.012493513245211677,-0.006348388330381862,0.0014809856895896742,0.18925815360780535,0.9437134801638597,0.019490956999092333,0.0188016450594203,6.990162435273888e-05,-0.010590488841317509,0.0,0.0,1.0,20.689266158884436,2.4555114702842857,20.725939245162515,2.4486209422213507,20.689266158884436,2.4555114702842857,20.725939245162515,2.4486209422213507,1.554521154971782,1.6854788450282183
5.140063762664795,0.8367662763536938,2.032278883784512,1.0108789087467829,0.9999019600147661,-0.012398587838888734,-0.00634857714051577,0.0014286169962084982,0.1893594621255336,0.9459425554691802,0.019391670482699998,0.019041457748517725,6.323877063371542e-05,-0.010597674220176706,0.0,0.0,1.0,20.689220763190534,2.4325497960391416,20.726469987708956,2.425738208987105,20.689220763190534,2.4325497960391416,20.726469987708956,2.425738208987105,1.555601619438381,1.6843983805616192
5.149638652801514,0.8386602305018992,2.041749377864569,1.0110723420414118,0.9999032184601581,-0.012302540340221118,-0.0063487976570126255,0.0013762203694846406,0.18943562904446135,0.9481528453851064,0.019294747201180275,0.019250241057340748,5.672310330368466e-05,-0.010604668004083342,0.0,0.0,1.0,20.689163858163646,2.409821970647502,20.726978039550126,2.403087979049639,20.689163858163646,2.409821970647502,20.726978039550126,2.403087979049639,1.5566683078630659,1.6833316921369343
5.159314155578613,0.8405548234974279,2.051241879992721,1.011264817022799,0.9999044765887335,-0.012205524751581404,-0.006349049387591732,0.0013237957635464917,0.18948714881122725,0.9503441386816789,0.019200033663101346,0.019428448339623913,5.035895172624899e-05,-0.010611475903491796,0.0,0.0,1.0,20.689095748041165,2.387353690675917,20.727463237419165,2.380695990469213,20.689095748041165,2.387353690675917,20.727463237419165,2.380695990469213,1.5577201005430135,1.6822798994569867
5.1698737144470215,0.8424498114575636,2.0607561992657324,1.0114563550233597,0.9999057322815986,-0.01210769270969011,-0.006349331801100287,0.0012713431195190633,0.18951453569883708,0.9525162529320373,0.019107376572963793,0.019576573149349394,4.415010119847556e-05,-0.010618103371336035,0.0,0.0,1.0,20.689016739988737,2.3651694776327865,20.727925471319963,2.3585868043739504,20.689016739988737,2.3651694776327865,20.727925471319963,2.3585868043739504,1.5587559323904814,1.6812440676095188
5.179362058639526,0.8443449557287607,2.070292143098719,1.011646975845014,0.9999069835078793,-0.01200919329434228,-0.00634964433025632,0.0012188623680237536,0.18951832164224655,0.9546690341388017,0.01901662309343829,0.0196951453298794,3.809982496668276e-05,-0.010624555615210798,0.0,0.0,1.0,20.688927143361802,2.343292699536506,20.728364681224228,2.3367838266120726,20.688927143361802,2.343292699536506,20.728364681224228,2.3367838266120726,1.559774791653626,1.6802252083463742
5.190176248550415,0.8462400230530995,2.079849517507397,1.0118366977649829,0.9999082283266062,-0.011910172856303164,-0.006349986374295233,0.0011663534314938669,0.18949905418663113,0.9568023563201933,0.01892762109119902,0.019784727254656576,3.221091603160104e-05,-0.010630837609101084,0.0,0.0,1.0,20.688827269025627,2.321745594603086,20.728780853799456,2.315309331521441,20.688827269025627,2.321745594603086,20.728780853799456,2.315309331521441,1.560775718574166,1.6792242814258342
5.199747800827026,0.8481347857147932,2.08942812738601,1.0120255375439606,0.9999094648880362,-0.011810774863591656,-0.006350357301515628,0.001113816226313334,0.18945729454927057,0.9589161210592553,0.0188402193665896,0.019845910229240864,2.6485718556181063e-05,-0.0106369541046299,0.0,0.0,1.0,20.68871742873319,2.3005492966795718,20.729174019187347,2.2941844874423873,20.68871742873319,2.3005492966795718,20.729174019187347,2.2941844874423873,1.5617578039971964,1.6782421960028038
5.209432363510132,0.8500290216678816,2.0990277767805714,1.0122135104365075,0.9999106914344476,-0.01171113976532689,-0.006350756451721165,0.0010612506647865018,0.18939361579512481,0.961010257019449,0.01875426786744225,0.01987931106225461,2.092615871384728e-05,-0.010642909641802154,0.0,0.0,1.0,20.688597934559613,2.279723862077147,20.729544247849255,2.273429383627445,20.688597934559613,2.279723862077147,20.729544247849255,2.273429383627445,1.5627201879471235,1.6772798120528767
5.218823432922363,0.8519225146462476,2.108648269157112,1.0124006302035027,0.9999119063004406,-0.011611404872280542,-0.006351183138556149,0.0010086566569471574,0.1893086011254266,0.9630847194298037,0.018669617887441477,0.019885568810745373,1.5533774845836827e-05,-0.010648708559228984,0.0,0.0,1.0,20.688469098392055,2.2592882974854334,20.729891647493297,2.253063058229276,20.688469098392055,2.2592882974854334,20.729891647493297,2.253063058229276,1.5636620581823615,1.6763379418176387
5.22946572303772,0.8538150542570744,2.118289407664639,1.0125869091265058,0.9999131079127859,-0.01151170425325436,-0.006351636651733424,0.000956034112215166,0.18920284227795534,0.9651394895426882,0.018586122249486584,0.01986534170366422,1.0309746808545644e-05,-0.010654355003823345,0.0,0.0,1.0,20.688331231473544,2.2392605886764083,20.730216360095227,2.233103527075049,20.688331231473544,2.2392605886764083,20.730216360095227,2.233103527075049,1.5645826487402013,1.675417351259799
5.239043951034546,0.8557064360588553,2.127950995392547,1.0127723580238828,0.9999142947898478,-0.011412168646388148,-0.0063521162591539185,0.0009033829409092228,0.1890769380370847,0.9671745740671549,0.0185036354745591,0.01981930424544053,5.254924413369442e-06,-0.010659852939962565,0.0,0.0,1.0,20.688184643999044,2.219657729732882,20.73051855902328,2.213567812962089,20.688184643999044,2.219657729732882,20.73051855902328,2.213567812962089,1.5654812384820322,1.674518761517968
5.24999737739563,0.8575964616250377,2.1376328356222523,1.0129569862685488,0.9999154655406284,-0.011312925384497166,-0.006352621208917938,0.0008507030556242658,0.18893149285120506,0.9691900045806787,0.01842201393664513,0.019748144500162202,3.698548903674921e-07,-0.010665206158118503,0.0,0.0,1.0,20.688029644762118,2.2004957525618676,20.730798446275127,2.1944719752350506,20.688029644762118,2.2004957525618676,20.730798446275127,2.1944719752350506,1.5663571496479807,1.6736428503520195
5.259558916091919,0.8594849385943619,2.1473347320728484,1.0131408018071952,0.9999166188634595,-0.011214098333538628,-0.006353150731228836,0.0007979943724820746,0.18876711555470485,0.9711858369219829,0.018341116004296703,0.01965256155553441,-4.345190695546359e-06,-0.010670418282959998,0.0,0.0,1.0,20.687866540850212,2.18178975647759,20.73105624983355,2.175831139429323,20.687866540850212,2.18178975647759,20.73105624983355,2.175831139429323,1.5672097464289545,1.6727902535710457
5.269035816192627,0.8613716807089257,2.157056489140609,1.0133238111808698,0.9999177535443822,-0.011115807843314047,-0.0063537040401903545,0.000745256812263497,0.1885844181913485,0.9731621505675045,0.018260802169445194,0.01953326316460625,-8.890192115708883e-06,-0.01067549278093547,0.0,0.0,1.0,20.687695637386618,2.163553937662164,20.731292221145605,2.157659526788681,20.687695637386618,2.163553937662164,20.731292221145605,2.157659526788681,1.5680384335630713,1.671961566436929
5.279649257659912,0.863256507840967,2.1667979121321777,1.013506019546785,0.9999188684552441,-0.01101817070952659,-0.006354280335499368,0.000692490301430616,0.18838401493560245,0.9751190479939125,0.01818093516409862,0.019390963562253727,-1.3265355785979328e-05,-0.010680432967346958,0.0,0.0,1.0,20.68751723731681,2.145801618333884,20.731506632728973,2.1399704834871427,20.68751723731681,2.145801618333884,20.731506632728973,2.1399704834871427,1.5688426549625267,1.6711573450374735
5.2892069816589355,0.8651392460093311,2.1765588074913276,1.0136874307012356,0.9999199625515519,-0.010921300146329955,-0.0063548788040361775,0.0006396947730469856,0.18816652110823542,0.9770566540289501,0.018101380065569782,0.019226381452517535,-1.7471091707994493e-05,-0.010685242012928855,0.0,0.0,1.0,20.68733164123738,2.1285452754737584,20.731699775907472,2.1227765094057047,20.68733164123738,2.1285452754737584,20.731699775907472,2.1227765094057047,1.569621892376088,1.6703781076239121
5.299958229064941,0.8670197273865411,2.1863389830191804,1.0138680471035157,0.9999210348701032,-0.01082530576852637,-0.006355498621354873,0.0005868701676038561,0.18793255228233993,0.978975115192731,0.01802200439089123,0.019040238162171735,-2.150799157768532e-05,-0.010689922949947106,0.0,0.0,1.0,20.687139147265118,2.111796568980135,20.73187195867686,2.106089286333869,20.687139147265118,2.111796568980135,20.73187195867686,2.106089286333869,1.570375664091606,1.6696243359083942
5.30949068069458,0.868897790297357,2.1961382480877965,1.0140478699007314,0.9999220845264339,-0.01073029358259616,-0.006356138953076643,0.0005340164337600575,0.1876827234757915,0.9808745990314705,0.01794267818107469,0.018833255955267345,-2.53768080593682e-05,-0.010694478677836078,0.0,0.0,1.0,20.68694005094406,2.0955663691392257,20.732023503700965,2.0899197054838403,20.68694005094406,2.0955663691392257,20.732023503700965,2.0899197054838403,1.5711035236822117,1.6688964763177885
5.318875551223755,0.87077327920967,2.2059564138470757,1.014226898953406,0.9999231107121059,-0.010636365985768595,-0.00635679895618915,0.00048113352900294086,0.18741764842607128,0.9827552934455022,0.017863274075871877,0.01860615650289968,-2.9078435229693924e-05,-0.010698911968391778,0.0,0.0,1.0,20.68673464518819,2.079864783315884,20.732154746437573,2.0742778942218485,20.68673464518819,2.079864783315884,20.732154746437573,2.0742778942218485,1.5718050587991905,1.6681949412008097
5.330163240432739,0.8726460447185298,2.215793293424914,1.014405132861793,0.9999241126918633,-0.010543621772373607,-0.006357477780255344,0.00042822142023748376,0.18713793894332104,0.9846174060132799,0.01778366737969002,0.018359659502057514,-3.261389017302805e-05,-0.010703225470541065,0.0,0.0,1.0,20.686523220257456,2.0647011817841765,20.732266033392225,2.059173241936235,20.686523220257456,2.0647011817841765,20.732266033392225,2.059173241936235,1.5724798900139416,1.6675201099860586
5.339804410934448,0.8745159435240728,2.2256487021205893,1.0145825689928045,0.9999250898006803,-0.010452156146745259,-0.006358174568535259,0.0003752800843103588,0.18684420433747434,0.9864611633129385,0.017703736119302416,0.018094481437083577,-3.598429571940016e-05,-0.01070742171470759,0.0,0.0,1.0,20.686306063764878,2.050084222631315,20.732357720497962,2.0446144249759977,20.686306063764878,2.050084222631315,20.732357720497962,2.0446144249759977,1.5731276697108534,1.6668723302891468
5.349366903305054,0.8763828384040641,2.2355224575913555,1.0147592035074822,0.9999260414407289,-0.010362060741980782,-0.0063588884590244895,0.00032230950847544134,0.18653705091530862,0.9882868102428484,0.017623361093987242,0.017811334477097124,-3.919086430382771e-05,-0.010711503116795466,0.0,0.0,1.0,20.68608346071248,2.0360218756810773,20.732430171618155,2.03060943060603,20.68608346071248,2.0360218756810773,20.732430171618155,2.03060943060603,1.5737480810324795,1.6662519189675207
5.3603925704956055,0.878246598181738,2.245414380032245,1.014935031388933,0.9999269670782823,-0.01027342364389259,-0.006359618585413226,0.0002693096908069093,0.18621708154328523,0.9900946093424703,0.017542425918709532,0.01751092550253881,-4.223488293538276e-05,-0.010715471981812308,0.0,0.0,1.0,20.685855693553634,2.022521445394479,20.732483757169426,2.0171655799369668,20.685855693553634,2.022521445394479,20.732483757169426,2.0171655799369668,1.5743408368779173,1.665659163122083
5.369092226028442,0.8801070976895712,2.255324292349083,1.0151100464706675,0.9999278662405789,-0.0101863294195249,-0.006360364077969763,0.00021628064056574786,0.18588489527208799,0.9918848401146981,0.017460817060946605,0.017193955253960266,-4.511769924066208e-05,-0.010719330507153516,0.0,0.0,1.0,20.685623042279573,2.009589592715752,20.73251885286103,2.004289549797806,20.685623042279573,2.009589592715752,20.73251885286103,2.004289549797806,1.5749056789549334,1.6650943210450668
5.379809379577637,0.8819642177295862,2.2652520203247435,1.0152842414652767,0.9999287385126664,-0.010100859149641183,-0.006361124064352502,0.00016322237852514263,0.18554108701882685,0.9936577983507506,0.01737842387173766,0.01686111759613118,-4.7840708559597595e-05,-0.0107230807855698,0.0,0.0,1.0,20.685385784527966,1.9972323558410907,20.73253583854697,1.9919873935289227,20.685385784527966,1.9972323558410907,20.73253583854697,1.9919873935289227,1.57544237688601,1.6645576231139902
5.389200925827026,0.8838178450307418,2.275197392778662,1.0154576079933955,0.9999295835342363,-0.010017090464623046,-0.006361897670354538,0.00011013493725990634,0.18518624730294442,0.9954137954585649,0.01729513861151826,0.01651309889059843,-5.040534206896317e-05,-0.01072672480783984,0.0,0.0,1.0,20.68514419571119,1.9854551698958653,20.732535097186798,1.980264560681312,20.68514419571119,1.9854551698958653,20.732535097186798,1.980264560681312,1.575950727368204,1.6640492726317961
5.399785041809082,0.8856678722039286,2.285160241719664,1.0156301366128981,0.9999304009964755,-0.009935097583255347,-0.006362684020584949,5.701836140475076e-05,0.18482096203194318,0.9971531577955322,0.017210856471280078,0.01615057746987731,-5.281305590285338e-05,-0.010730264465170098,0.0,0.0,1.0,20.68489854916225,1.9742628855135336,20.732517013911107,1.9691259156154266,20.68489854916225,1.9742628855135336,20.732517013911107,1.9691259156154266,1.5764305533864196,1.6635694466135806
5.409225940704346,0.8875141976950488,2.295140402492138,1.0158018168482899,0.9999311906389395,-0.009854951353906058,-0.006363482239090884,3.872707885887738e-06,0.18444581233313903,0.9988762260063141,0.017125475589573082,0.015774223206588483,-5.506532124209952e-05,-0.010733701551343474,0.0,0.0,1.0,20.684649116296146,1.9636597863159855,20.732481975187305,1.958575754999496,20.684649116296146,1.9636597863159855,20.732481975187305,1.958575754999496,1.5768817034794755,1.6631182965205247
5.4200599193573,0.8893567257366217,2.305137713915617,1.0159726372202462,0.999931952246468,-0.009776719297642546,-0.006364291449924666,-4.930195386988123e-05,0.18406137442774131,1.000583354366381,0.017038897065845746,0.015384697170994112,-5.716361533872699e-05,-0.010737037764638406,0.0,0.0,1.0,20.68439616678468,1.953649605300848,20.732430368081427,1.948617824212994,20.68439616678468,1.953649605300848,20.732430368081427,1.948617824212994,1.5773040510581466,1.6626959489418536
5.429954767227173,0.8911953662983211,2.3151520184178307,1.016142585275273,0.9999326856461489,-0.009700465652858174,-0.0063651107776599635,-0.00010250554174474587,0.18366821954365703,1.002274910131818,0.01695102497059417,0.014982651370547852,-5.91094134533107e-05,-0.010740274709539687,0.0,0.0,1.0,20.68413996874269,1.9442355401463898,20.73236257961171,1.9392553326660371,20.68413996874269,1.9442355401463898,20.73236257961171,1.9392553326660371,1.57769749377417,1.6623025062258303
5.439693927764893,0.893030035036813,2.3251831621612844,1.016311647615452,0.9999333907043442,-0.009626251421014562,-0.00636593934786121,-0.0001557379607546059,0.18326691386351682,1.0039512728958655,0.016861766352768915,0.014568728565267492,-6.090418167375395e-05,-0.010743413898261908,0.0,0.0,1.0,20.68388078892375,1.9354202674490892,20.7322789961897,1.930490968049919,20.68388078892375,1.9354202674490892,20.7322789961897,1.930490968049919,1.578061952939068,1.6619380470609322
5.449533224105835,0.8948606532452306,2.33523099516344,1.0164798099282526,0.9999340673237889,-0.009554134413135261,-0.006366776287510354,-0.00020899910288569752,0.18285801850452327,1.0056128339525674,0.016771031244866008,0.01414356215294648,-6.254937058455164e-05,-0.010746456752106285,0.0,0.0,1.0,20.683618892923313,1.9272059559127634,20.732180003144446,1.9223269095378153,20.683618892923313,1.9272059559127634,20.732180003144446,1.9223269095378153,1.5783973729915108,1.6616026270084894
5.459141254425049,0.8966871478025873,2.3452953714105704,1.016647057016382,0.9999347154407678,-0.009484169296716069,-0.006367620725394999,-0.00026228884694019203,0.18244208952682275,1.0072599956678396,0.016678732666100482,0.013707776118434881,-6.404640976124321e-05,-0.010749404602671207,0.0,0.0,1.0,20.683354545387687,1.919594278511485,20.732065984325875,1.9147648399580315,20.683354545387687,1.919594278511485,20.732065984325875,1.9147648399580315,1.5787037210118227,1.6612962789881776
5.4697020053863525,0.8985094511233969,2.3553761489653664,1.0168133728276614,0.9999353350223795,-0.009416407642745352,-0.0063684717924619525,-0.00031560705838811165,0.1820196779672035,1.008893170858191,0.016584786624044508,0.013261985041436176,-6.5396703062653e-05,-0.010752258692936239,0.0,0.0,1.0,20.683088010226857,1.9125864236514163,20.73193732178302,1.907805956965053,20.683088010226857,1.9125864236514163,20.73193732178302,1.907805956965053,1.5789809862821511,1.661019013717849
5.479366064071655,0.9003275011077397,2.365473190068365,1.0169787404849129,0.9999359260638947,-0.009350897972554995,-0.006369328622140189,-0.00036895358922318635,0.18159132989502216,1.0105127821772664,0.01648911211508239,0.012806794157514996,-6.66016246983028e-05,-0.010755020178239419,0.0,0.0,1.0,20.682819550829493,1.9061831053590659,20.731794395513347,1.9014509832360393,20.682819550829493,1.9061831053590659,20.731794395513347,1.9014509832360393,1.5792291798907432,1.660770820109257
5.48893141746521,0.9021412410919822,2.3755863612332857,1.017143142315846,0.9999364885862119,-0.009287685804248635,-0.0063701903506371395,-0.0004223282778205374,0.18115758648735913,1.012119261510327,0.016391631124017775,0.01234279946721326,-6.766251603759371e-05,-0.010757690127166894,0.0,0.0,1.0,20.682549430278492,1.900384572525664,20.73163758327916,1.8957001757225913,20.682549430278492,1.900384572525664,20.73163758327916,1.8957001757225913,1.5794483343786907,1.6605516656213095
5.499980926513672,0.9039506198003253,2.385715533336352,1.017306559882938,0.99993702263342,-0.009226813698478508,-0.006371056117212187,-0.00047573094879433124,0.18071898412049678,1.0137130493767212,0.016292268623142394,0.011870587888431325,-6.858068314598181e-05,-0.010760269522373718,0.0,0.0,1.0,20.682277911565418,1.8951906172390318,20.731467260487378,1.8905533339892968,20.682277911565418,1.8951906172390318,20.731467260487378,1.8905533339892968,1.5796385034274767,1.6603614965725235
5.5095038414001465,0.905755591297335,2.395860581699674,1.017468974013306,0.9999375282704666,-0.009168321303366212,-0.006371925064431176,-0.0005291614128537925,0.18027605447490877,1.0152945943403566,0.016190952571056173,0.011390737447438784,-6.935739501831848e-05,-0.010762759261354275,0.0,0.0,1.0,20.6820052578023,1.8906005822358807,20.731283800129113,1.8860098076721155,20.6820052578023,1.8906005822358807,20.731283800129113,1.8860098076721155,1.579799761585584,1.660200238414416
5.519057035446167,0.9075561149415723,2.4060213861687836,1.0176303648285634,0.9999380055809386,-0.009112245398385116,-0.0063727963384057305,-0.0005826194666562022,0.17982932465103657,1.0168643524281347,0.016087613911506385,0.010903817504094441,-6.999388249010361e-05,-0.010765160157180272,0.0,0.0,1.0,20.681731732429274,1.886613367508821,20.731087572775504,1.882068503091011,20.681731732429274,1.886613367508821,20.731087572775504,1.882068503091011,1.579932204032396,1.6600677959676042
5.529824495315552,0.9093521553404218,2.4161978311843852,1.01779071177467,0.9999384546649582,-0.009058619937043676,-0.006373669089021029,-0.0006361048926557342,0.17937931729321652,1.0184227865562723,0.015982186572493392,0.010410389007100227,-7.049133780641625e-05,-0.01076747293922405,0.0,0.0,1.0,20.681457599416625,1.8832274361033399,20.73087894662645,1.87872788905221,20.681457599416625,1.8832274361033399,20.73087894662645,1.87872788905221,1.5800359463775926,1.6599640536224076
5.53938102722168,0.9111436823061827,2.426389805848414,1.0179499936517735,0.9999388756371941,-0.009007476088229454,-0.006374542470155688,-0.0006896174589472057,0.17892655071920366,1.0199703659643982,0.015874607465870324,0.009911004775285115,-7.085091482245019e-05,-0.010769698253884354,0.0,0.0,1.0,20.68118312345988,1.8804408191410698,20.730658287609025,1.8759860018765306,20.68118312345988,1.8804408191410698,20.730658287609025,1.8759860018765306,1.5801111244941992,1.659888875505801
5.549220561981201,0.9129306708134709,2.4365972039844714,1.018108188644052,0.9999392686249916,-0.008958842276093028,-0.006375415639897306,-0.00074315691910402,0.17847153905281915,1.0215075656572785,0.01576481648764424,0.009406209801135513,-7.107372982377111e-05,-0.010771836665331403,0.0,0.0,1.0,20.6809085701665,1.8782511201064649,20.730425959522403,1.8738404496910155,20.6809085701665,1.8782511201064649,20.730425959522403,1.8738404496910155,1.5801578943834265,1.6598421056165737
5.559919118881226,0.9147131009579476,2.446819924192716,1.0182652743495626,0.9999396337666244,-0.008912744218369432,-0.006376287760757146,-0.0007967230120097924,0.17801479235732612,1.0230348658540016,0.01565275651916798,0.008896541572965586,-7.116086293869964e-05,-0.010773888656287688,0.0,0.0,1.0,20.680634206232995,1.8766555184347684,20.73018232422629,1.8722884160218651,20.680634206232995,1.8766555184347684,20.73018232422629,1.8722884160218651,1.5801764320694016,1.6598235679305986
5.56939172744751,0.9164909579163725,2.4570578698992844,1.018421227810109,0.9999399712096632,-0.008869204963052412,-0.006377157999887355,-0.0008503154616833333,0.1775568167672127,1.0245527514444297,0.015538373429391836,0.008382530412309639,-7.111336012905186e-05,-0.010775854628860479,0.0,0.0,1.0,20.680360299611166,1.8756507724398064,20.729927741869925,1.8713266627273213,20.680360299611166,1.8756507724398064,20.729927741869925,1.8713266627273213,1.5801669335218853,1.659833066478115
5.579876661300659,0.9182642319079536,2.467310949400309,1.0185760255411362,0.9999402811094693,-0.00882824492335352,-0.006378025529304066,-0.0009039339770968564,0.1770981146161351,1.0260617114526993,0.015421616078328055,0.007864699823267747,-7.093223574328837e-05,-0.010777734905441611,0.0,0.0,1.0,20.680087119662232,1.8752332216208683,20.729662571158883,1.870951532309869,20.680087119662232,1.8752332216208683,20.729662571158883,1.870951532309869,1.5801296146050092,1.659870385394991
5.589511156082153,0.9200329181569441,2.4775790759006084,1.0187296435616673,0.9999405636278069,-0.008789881910893815,-0.006378889526119598,-0.0009575782519874557,0.17663918455884398,1.0275622385075462,0.015302436321862201,0.007343566850701102,-7.061847560428392e-05,-0.010779529729689551,0.0,0.0,1.0,20.679814937297742,1.8753987883885472,20.729387169656853,1.8711589496477385,20.679814937297742,1.8753987883885472,20.729387169656853,1.8711589496477385,1.580064711050063,1.6599352889499372
5.599332332611084,0.9217970168564169,2.487862167547112,1.0188820574242956,0.9999408189315776,-0.008754131167091363,-0.0063797491727869355,-0.0010112479646620653,0.1761805216849864,1.0290548283192058,0.015180789018028227,0.006819642444314455,-7.017304062595305e-05,-0.01078123926760851,0.0,0.0,1.0,20.679544025106082,1.876142979250079,20.729101894119744,1.8719444231863438,20.679544025106082,1.876142979250079,20.729101894119744,1.8719444231863438,1.5799724784503195,1.6600275215496807
5.609021425247192,0.9235565331331237,2.498160147457087,1.0190332422452482,0.9999410471916763,-0.008721005392722055,-0.006380603657359511,-0.001064942777796284,0.17572261762274438,1.0305399791626442,0.01505663203484783,0.006293431825794932,-6.959687092894261e-05,-0.010782863608738548,0.0,0.0,1.0,20.679274657463566,1.2963256973221955,20.728807100859505,1.292167857457784,20.679274657463566,1.2963256973221955,20.728807100859505,1.292167857457784,1.6635366593727898,1.5764633406272104
5.619694948196411,0.9253086018253422,2.5084730247360163,1.01918313578668,0.9999412303119514,-0.008691672705358734,-0.0063827382716809475,-0.001118659893764376,0.17476270456944604,1.0320324898540765,0.014923519326342838,0.005359668962276678,-0.0005196270441246739,-0.010784843203594057,0.0,0.0,1.0,20.67298724235372,0.9149539773694415,20.735004728208935,0.9108372672648833,20.67298724235372,0.9149539773694415,20.735004728208935,0.9108372672648833,1.6627907210157677,1.5772092789842325
5.6290812492370605,0.9270505828842411,2.5188008131492765,1.0193316906219212,0.9999413619356735,-0.008667247394707523,-0.006385684598034103,-0.0011724099293396253,0.17366357238007896,1.0335234423406718,0.014788097523171164,0.004299317234225459,-0.0005162611880091808,-0.01078642213210481,0.0,0.0,1.0,20.669159729926225,0.6665844873968829,20.739408228664832,0.6625082937930351,20.669159729926225,0.6665844873968829,20.739408228664832,0.6625082937930351,1.6619432994967736,1.5780567005032267
5.639661073684692,0.9287813325666766,2.5291434939178012,1.019478906206639,0.9999414469747971,-0.008648236162737436,-0.006388039721690082,-0.0012262062368299787,0.17249983145117295,1.035011600455409,0.014654883895953291,0.003179806431336372,-0.00027232870744033755,-0.010787532556604782,0.0,0.0,1.0,20.670039671563366,0.5072138872139369,20.739000215161113,0.5031767611383906,20.670039671563366,0.5072138872139369,20.739000215161113,0.5031767611383906,1.6610483268157485,1.5789516731842517
5.649336814880371,0.9305002761599096,2.5395010406783336,1.0196247989153178,0.9999414844153464,-0.00863487922652716,-0.006389685439170672,-0.001280049203648777,0.17129641434921095,1.0364970249240324,0.014523446892356786,0.0020312012711162612,-0.00017771183309178723,-0.010788221331717402,0.0,0.0,1.0,20.671710274669714,0.40733957902071327,20.737184329912395,0.40333961810546864,20.671710274669714,0.40733957902071327,20.737184329912395,0.40333961810546864,1.6601298489278267,1.5798701510721735
5.659891366958618,0.9322070880912913,2.5498734293835956,1.0197693686901057,0.9999414690611298,-0.008627294544201917,-0.0063913118048855655,-0.0013339318304373278,0.17007024223730646,1.0379802788008596,0.014390704554664098,0.000868036017134524,-0.00025598601190392726,-0.010788602610599394,0.0,0.0,1.0,20.671334304623606,0.34721231189740975,20.736658885898827,0.34324756491109126,20.671334304623606,0.34721231189740975,20.736658885898827,0.34324756491109126,1.6591994903318448,1.5808005096681554
5.669745206832886,0.9339016093756249,2.560260642501807,1.0199125834296578,0.999941398500013,-0.008625539815710268,-0.00639323859125537,-0.0013878505105668053,0.16883576577410633,1.0394621573188636,0.01425300260025315,-0.00030212804816801475,-0.00032530079807898337,-0.010788796499266446,0.0,0.0,1.0,20.669661899752803,0.3136237877922142,20.73681296533413,0.30969253766355037,20.669661899752803,0.3136237877922142,20.73681296533413,0.30969253766355037,1.6582632986539931,1.581736701346007
5.6792824268341064,0.9355837850961765,2.5706626711959757,1.020054380045001,0.999941273853177,-0.008629642101004644,-0.006395257313563677,-0.0014418065008648777,0.16759979845577358,1.0409436181833847,0.014107545894175523,-0.0014755394200533923,-0.00031023418117791864,-0.010788888304521497,0.0,0.0,1.0,20.668322306115186,0.2977475427477784,20.73627320017374,0.2938484179921662,20.668322306115186,0.2977475427477784,20.73627320017374,0.2938484179921662,1.6573242744486008,1.5826757255513995
5.689787864685059,0.9372535974523887,2.5810795167136193,1.0201946746562518,0.9999410963379163,-0.008639614011081072,-0.006397147992965249,-0.0014958013971734221,0.16636283079919015,1.0424257285180527,0.013952867409695969,-0.0026505063493627674,-0.0002709118462628307,-0.010788927504614017,0.0,0.0,1.0,20.66760739344584,0.29368981606080924,20.73499982143456,0.2898217854896634,20.66760739344584,0.29368981606080924,20.73499982143456,0.2898217854896634,1.6563837708038835,1.5836162291961167
5.699314117431641,0.9389110333867146,2.59151119117706,1.0203333745553187,0.9999408655603121,-0.008655461506765591,-0.006398935892713102,-0.0015498348422172137,0.16512452511684822,1.043909605077963,0.013788674683983744,-0.0038261383125823513,-0.00026366933375482387,-0.010788946145142427,0.0,0.0,1.0,20.666938155775412,0.2975164519028322,20.733757678079762,0.29367878238574496,20.666938155775412,0.2975164519028322,20.733757678079762,0.29367878238574496,1.6554425000056452,1.584557499994355
5.7088823318481445,0.9405560868058966,2.6019577179263784,1.0204703878100398,0.9999405804915489,-0.008677186519099557,-0.00640073483431224,-0.0016039058314547155,0.1638861506924736,1.045396380231666,0.013615469781625545,-0.005001765422119742,-0.00027905278479868433,-0.010788969697484278,0.0,0.0,1.0,20.666045761803023,0.3066009298133406,20.73291128518631,0.3027931435327832,20.666045761803023,0.3066009298133406,20.73291128518631,0.3027931435327832,1.654500997964931,1.5854990020350692
5.719679832458496,0.9421887656189126,2.6124191316655168,1.0206056290149557,0.9999402405816025,-0.0087047878732876,-0.006402571560992384,-0.0016580142015910487,0.16264934676755333,1.0468871956681745,0.013434123977705482,-0.006176885290132519,-0.00028688000122578796,-0.01078901662818948,0.0,0.0,1.0,20.66514306844788,0.31918942387514626,20.73225731940677,0.31541125427973427,20.66514306844788,0.31918942387514626,20.73225731940677,0.31541125427973427,1.6535596666934627,1.5864403333065376
5.7294816970825195,0.9438090883462633,2.6228954785546157,1.020739021074974,0.9999398456576593,-0.008738262298248815,-0.006404400412932568,-0.0017121604752809087,0.16141479980629314,1.0483832011143113,0.01324549249354011,-0.007351203974259762,-0.00028126128043827724,-0.010789096923724815,0.0,0.0,1.0,20.664425782867795,0.9161187879202323,20.73155040165806,0.9123701315244833,20.664425782867795,0.9161187879202323,20.73155040165806,0.9123701315244833,1.568809630351415,1.6711903696485852
5.739076137542725,0.9454182121406837,2.6333867906636366,1.0208705084706855,0.999939401542895,-0.00877726902666887,-0.006405684416030373,-0.001766351502797898,0.16038121045519652,1.049881028239338,0.013052655080161442,-0.008406772126956438,-9.648740891221542e-05,-0.010790708568466008,0.0,0.0,1.0,20.666238638799225,1.3226645419896137,20.728237776351143,1.3189487342340147,20.666238638799225,1.3226645419896137,20.728237776351143,1.3189487342340147,1.5675713122452453,1.672428687754755
5.750018835067749,0.9470180895906908,2.6438930922278883,1.0210000464992792,0.9999389139750786,-0.008821227674257377,-0.006406225119651467,-0.0018205879198298523,0.1595598716923661,1.0513813634591367,0.012855530536334302,-0.009335592563049715,4.144062321348888e-05,-0.010792208866160113,0.0,0.0,1.0,20.66902786130698,1.6019160880868872,20.723778585050677,1.5982351064941454,20.66902786130698,1.6019160880868872,20.723778585050677,1.5982351064941454,1.5663865512489,1.6736134487511003
5.759772539138794,0.9486106230854897,2.6544144173245217,1.0211275844191838,0.9999383845425357,-0.00886956580745806,-0.00640646671651313,-0.0018748613441148347,0.1589165026326923,1.0528857735664323,0.012652823066292316,-0.010156042645720701,3.7592937276926924e-05,-0.0107933207940419,0.0,0.0,1.0,20.670509165311326,1.7959971497661078,20.720534409807925,1.792351450629047,20.670509165311326,1.7959971497661078,20.720534409807925,1.792351450629047,1.5652461581114385,1.6747538418885617
5.769434928894043,0.950197410026365,2.664950814583983,1.0212530615832514,0.9999378145009731,-0.008921794214977425,-0.006406796999379728,-0.0019291633446176584,0.15841613813090724,1.0543957865943723,0.01244356093137869,-0.010888035378876709,-8.652271585668252e-06,-0.010794014019519375,0.0,0.0,1.0,20.670596052538958,1.9330681573532775,20.71875558589983,1.929457115033527,20.670596052538958,1.9330681573532775,20.71875558589983,1.929457115033527,1.5641389132071177,1.6758610867928825
5.779027223587036,0.9517797293683811,2.675502346843421,1.0213764128778493,0.9999372069304413,-0.008977512429005276,-0.006407201887808302,-0.001983489526599915,0.15802815156365724,1.0559127646590787,0.01222769531618848,-0.011548765986942537,-9.201417955080632e-06,-0.010794327543486356,0.0,0.0,1.0,20.670471447993975,2.0319714784887144,20.717402448444446,2.02839383239158,20.670471447993975,2.0319714784887144,20.717402448444446,2.02839383239158,1.5630549106911855,1.6769450893088147
5.789847373962402,0.9533585759444914,2.686069089625784,1.0214975767851566,0.9999365652015848,-0.009036396391028607,-0.0064075214835671405,-0.002037837470801953,0.1577260962783894,1.0574378929885833,0.012005989967682274,-0.012151940779702372,2.2783125410478743e-05,-0.010794308283351076,0.0,0.0,1.0,20.67072733519776,2.105323172911577,20.715950803540863,2.101777343103249,20.67072733519776,2.105323172911577,20.715950803540863,2.101777343103249,1.5619862977691867,1.6780137022308135
5.799251556396484,0.9549347112481494,2.696651129397819,1.0216165009750053,0.9999358913770033,-0.009098182299375633,-0.006407721620073982,-0.002092204235560431,0.15748946756201984,1.0589721781773904,0.011779581381825856,-0.012707821155660536,4.255626092548683e-05,-0.010793997871767025,0.0,0.0,1.0,20.671111272582547,2.1615733096724856,20.714647037853627,2.158057595584617,20.671111272582547,2.1615733096724856,20.714647037853627,2.158057595584617,1.5609273995902004,1.6790726004097998
5.809854030609131,0.9565087261564768,2.707248561853667,1.0217331440181148,0.999935186477809,-0.009162650606864723,-0.006407873614745804,-0.002146586402176007,0.1573044943163898,1.0605164593048866,0.011549580131371457,-0.013223656887961809,4.185029416635487e-05,-0.010793433254831558,0.0,0.0,1.0,20.671315417729215,2.2063808484573304,20.713745564806047,2.202893550975027,20.671315417729215,2.2063808484573304,20.713745564806047,2.202893550975027,1.5598745266932115,1.6801254733067887
5.819349527359009,0.9580810977651993,2.717861490410252,1.02184747415497,0.9999344514485362,-0.009229612525454811,-0.006408021604135392,-0.0022009811595472464,0.1571624141202775,1.0620714386918173,0.011316851411187726,-0.013704390514599644,3.958004065013553e-05,-0.01079264526578863,0.0,0.0,1.0,20.67137846146191,2.2435332550988774,20.713134504384605,2.24007274439598,20.67137846146191,2.2435332550988774,20.713134504384605,2.24007274439598,1.5588255392091235,1.6811744607908767
5.828865051269531,0.9596522272458571,2.7284900250175372,1.021959466606716,0.9999336874627834,-0.009298900122311968,-0.006408148345303417,-0.0022553865254126464,0.1570571646765851,1.0636377162974318,0.011081943099964933,-0.014153350748529778,4.6401467485964434e-05,-0.010791656422004747,0.0,0.0,1.0,20.671463346076827,2.2755627762170647,20.712580399036952,2.2721275185199605,20.671463346076827,2.2755627762170647,20.712580399036952,2.2721275185199605,1.5577793867546874,1.6822206132453128
5.8396992683410645,0.9612224619484581,2.7391342812466437,1.0220691005970641,0.9999328956496191,-0.009370359484351295,-0.006408227619159455,-0.002309800788267064,0.1569842565880951,1.065215813245061,0.010845107605415114,-0.014572738436791325,5.7052071321972615e-05,-0.01079048175750357,0.0,0.0,1.0,20.671603240020524,2.3041595246394464,20.71199832278333,2.3007480834533194,20.671603240020524,2.3041595246394464,20.71199832278333,2.3007480834533194,1.5567357863646982,1.683264213635302
5.849162340164185,0.9627921109943193,2.7497943795636317,1.022176356887328,0.9999320769161785,-0.009443845835271449,-0.00640825902205533,-0.0023642221219297285,0.15694059060223095,1.066806185568999,0.010606388006431966,-0.014963930055944668,6.467842212378725e-05,-0.010789131692912518,0.0,0.0,1.0,20.671729368676043,2.330448221283132,20.711431151166316,2.327059247966737,20.671729368676043,2.330448221283132,20.711431151166316,2.327059247966737,1.5556950274024623,1.6843049725975379
5.859752416610718,0.964361458369285,2.760470444732726,1.022281216303176,0.999931232063864,-0.009519219915978965,-0.0064082551519533855,-0.002418648659799398,0.15692427339713136,1.0684092353671735,0.01036573575186301,-0.015327704501106366,6.945057453526043e-05,-0.010787614121782032,0.0,0.0,1.0,20.671805500528052,2.355173706717713,20.710912368712815,2.3518059285911797,20.671805500528052,2.355173706717713,20.710912368712815,2.3518059285911797,1.5546578247817535,1.6853421752182467
5.869326591491699,0.965930772579074,2.771162605330809,1.0223836593375732,0.99993036194728,-0.009596345414940187,-0.006408220703401739,-0.0024730786629717943,0.15693417070512397,1.0700253215220665,0.010123115388826227,-0.015664436395575486,7.470298632912627e-05,-0.010785935006738008,0.0,0.0,1.0,20.671860474104804,2.378825519868988,20.710424666418323,2.375477728000048,20.671860474104804,2.378825519868988,20.710424666418323,2.375477728000048,1.5536251886482564,1.6863748113517438
5.879167795181274,0.9675003122710522,2.781870993353721,1.0224836665494337,0.9999294674984085,-0.00967508728760365,-0.006408151444697577,-0.0025275105116011045,0.15696951129435316,1.0716547676831003,0.009878564565849684,-0.01597424153035966,8.150043218578258e-05,-0.01078409855877813,0.0,0.0,1.0,20.67193257129039,2.4017216462006585,20.70994598063721,2.398392683373367,20.67193257129039,2.4017216462006585,20.70994598063721,2.398392683373367,1.552598324168384,1.6874016758316162
5.8898866176605225,0.9690703292795418,2.792595743881302,1.022581219319149,0.9999285496771385,-0.00975531069013084,-0.0064080438769305095,-0.0025819425991208413,0.15702973501817685,1.0732978662883037,0.009632206607297609,-0.01625706762280173,8.861165490117652e-05,-0.010782107741821234,0.0,0.0,1.0,20.672031874658856,2.4240647808273454,20.709480364482104,2.4207535307525747,20.672031874658856,2.4240647808273454,20.709480364482104,2.4207535307525747,1.551578569385799,1.6884214306142011
5.899433135986328,0.970641070750631,2.803336994770861,1.0226763005893131,0.9999276094557694,-0.009836880272759781,-0.006407899068291938,-0.0026363732854573336,0.15711447191399922,1.0749548800720004,0.009384232723364853,-0.01651274994947929,9.509553409392951e-05,-0.010779964895793389,0.0,0.0,1.0,20.672151731788134,2.4459800977373765,20.709043289516906,2.442685476475243,20.672151731788134,2.4459800977373765,20.709043289516906,2.442685476475243,1.5505673576125276,1.6894326423874726
5.909034013748169,0.9722127808319977,2.81409488636375,1.0227688953863094,0.9999266478467667,-0.009919659707574142,-0.006407719376477028,-0.002690800922898998,0.15722349943281513,1.0766260429039798,0.009134872932961778,-0.016741053237406323,0.00010120524502608168,-0.010777672098960018,0.0,0.0,1.0,20.672289813314073,2.4675406304545056,20.708640143886754,2.464261580116366,20.672289813314073,2.4675406304545056,20.708640143886754,2.464261580116366,1.5495661884011032,1.690433811598897
5.919619798660278,0.9737857017276302,2.8248695612004484,1.0228589910685346,0.9999256659265165,-0.010003511410820584,-0.006407505497691791,-0.002745223882189973,0.1573566636120752,1.0783115605462499,0.008884368245633448,-0.016941706196813865,0.0001074657519031068,-0.01077523127525134,0.0,0.0,1.0,20.67245015784389,2.488784366090413,20.708265528530923,2.4855198502989397,20.67245015784389,2.488784366090413,20.708265528530923,2.4855198502989397,1.5485766025273686,1.6914233974726316
5.929374694824219,0.9753600741072441,2.835661163741689,1.0229465773421782,0.9999246648350901,-0.010088296423006885,-0.006407257020596061,-0.0027996405460052613,0.15751382150995047,1.0800116111287155,0.008632950728875342,-0.017114426656224493,0.00011392468576013917,-0.010772644259003867,0.0,0.0,1.0,20.67263476543616,2.5097257728490563,20.7079138282041,2.5064747735141517,20.67263476543616,2.5097257728490563,20.7079138282041,2.5064747735141517,1.547600163048538,1.6923998369514621
5.940253019332886,0.9769361371607567,2.8464698400927406,1.0230316461334785,0.9999236457681123,-0.010173874395414643,-0.0064069740305009145,-0.002854049292806569,0.15769482400311352,1.081726345317784,0.008380834169717757,-0.017258937731095672,0.00012033472238844194,-0.010769912909615605,0.0,0.0,1.0,20.672840849994422,2.5303635735534256,20.707584050166126,2.527125088780179,20.672840849994422,2.5303635735534256,20.707584050166126,2.527125088780179,1.5466384425374147,1.6933615574625855
5.94909405708313,0.9785141285379205,2.8572957377293293,1.0231141914165043,0.9999226099761558,-0.010260103643117977,-0.006406657401514809,-0.0029084484945011597,0.1578995131286702,1.0834558864424018,0.008128214550119616,-0.017374979027500095,0.00012657409255648026,-0.010767039222589357,0.0,0.0,1.0,20.67306484098485,2.5506859935894983,20.707277202311968,2.5474590365877186,20.67306484098485,2.5506859935894983,20.707277202311968,2.5474590365877186,1.5456930136192535,1.6943069863807467
5.96011209487915,0.9800942842095708,2.8681390052255726,1.023194209074084,0.9999215587694882,-0.010346841248055964,-0.006406308134493539,-0.002962836524523747,0.1581277125555138,1.085200330745644,0.007875276721836985,-0.01746231601159695,0.00013270454281124477,-0.0107640253857845,0.0,0.0,1.0,20.673305635674808,2.570674318516479,20.706993519255036,2.5674579173031207,20.673305635674808,2.570674318516479,20.706993519255036,2.5674579173031207,1.5447654404694955,1.6952345595305047
5.9696044921875,0.9816768382118588,2.878999791984647,1.0232716968304512,0.9999204935202162,-0.010433943206681893,-0.006405926991584886,-0.0030172117635445324,0.15837921384374623,1.0869597476897637,0.007622202791193598,-0.017520748035661955,0.0001387907453318138,-0.010760873796937827,0.0,0.0,1.0,20.673563986884766,2.5903053203125195,20.706732849028725,2.5870985179818247,20.673563986884766,2.5903053203125195,20.706732849028725,2.5870985179818247,1.543857270962148,1.6961427290378521
5.979024887084961,0.9832620222867114,2.889878247972009,1.0233466542566845,0.9999194156602114,-0.010521264614796503,-0.006405514687482526,-0.003071572599815741,0.15865376808966494,1.0887341801837063,0.007369178872444403,-0.017550114588225692,0.0001448105657940607,-0.010757587078235542,0.0,0.0,1.0,20.673840634254752,2.6095529219092515,20.706495943071545,2.6063547773139524,20.673840634254752,2.6095529219092515,20.706495943071545,2.6063547773139524,1.542970029894058,1.6970299701059421
5.989569187164307,0.9848500654723258,2.9007745234503144,1.023419082826937,0.9999183266781269,-0.010608659880020379,-0.0064050721300671475,-0.0031259174291982557,0.158951083950556,1.0905236447044313,0.007116398779981645,-0.017550299992293635,0.0001507104763195278,-0.010754168096723898,0.0,0.0,1.0,20.6741357078948,2.6283893471301285,20.70628442651116,2.6251989358822643,20.6741357078948,2.6283893471301285,20.70628442651116,2.6251989358822643,1.5421052131858217,1.6978947868141785
5.999069690704346,0.9864411936777844,2.9116887687153175,1.0234889859965142,0.9999172281174606,-0.010695982955172875,-0.006404600411619794,-0.0031802446579718893,0.159270827097086,1.0923281313653577,0.006864064735512661,-0.0175212372521964,0.00015646758050488988,-0.010750619979408665,0.0,0.0,1.0,20.67444915904827,2.646785924287261,20.706099883597904,2.6436023400058564,20.67444915904827,2.646785924287261,20.706099883597904,2.6436023400058564,1.5412642825554905,1.6987357174445097
6.009944915771484,0.9880356292435925,2.922621133832471,1.0235563692769467,0.9999161215747916,-0.010783087589654699,-0.0064041006899366185,-0.0032345527069861614,0.15961261841978125,1.0941476039812736,0.006612385942559206,-0.017462911471593068,0.00016208461387023316,-0.010746946117051626,0.0,0.0,1.0,20.67478100790411,2.6647136577453496,20.70594334751663,2.66153601347734,20.67478100790411,2.6647136577453496,20.70594334751663,2.66153601347734,1.540448660358036,1.6995513396419641
6.019468069076538,0.9896335904839894,2.933571768374263,1.0236212402924427,0.9999150086969736,-0.010869827597138488,-0.006403574150072648,-0.003288840015087487,0.1599760320905578,1.095982000148213,0.006361576116006639,-0.017375362851795285,0.00016755868200979803,-0.010743150161370568,0.0,0.0,1.0,20.67513113815671,2.6821436435552535,20.705815458010214,2.678971073305915,20.67513113815671,2.6821436435552535,20.705815458010214,2.678971073305915,1.5396597246046853,1.700340275395315
6.0290820598602295,0.9912352912173166,2.9445408211584967,1.0236836088121546,0.999913891177317,-0.01095605713727606,-0.006403022045976832,-0.0033431050417621106,0.16036059489869922,1.097831231349857,0.006111850949940504,-0.017258689204738917,0.00017287293647622802,-0.010739236021151382,0.0,0.0,1.0,20.67549911102573,2.699047379366215,20.705716748698183,2.695879039694189,20.67549911102573,2.699047379366215,20.705716748698183,2.695879039694189,1.538898804236987,1.701101195763013
6.039997577667236,0.9928409402951466,2.955528439987868,1.023743486760666,0.9999127707513547,-0.011041631008895322,-0.006402445730747554,-0.003397346269939295,0.16076578666387784,1.09969518310952,0.005863426176961575,-0.017113048038447848,0.00017800868841884857,-0.010735207857652343,0.0,0.0,1.0,20.67588425719233,2.7153970022585203,20.7056477180597,2.7122320739039116,20.67588425719233,2.7153970022585203,20.7056477180597,2.7122320739039116,1.5381671746312044,1.7018328253687958
6.049494981765747,0.9944507411360612,2.9665347713913883,1.023800888213441,0.9999116491924104,-0.011126404952712794,-0.006401846644414237,-0.0034515622092815834,0.16119104087320582,1.1015737152040468,0.005616516451707975,-0.016938658315792533,0.00018295361766409809,-0.010731070077326888,0.0,0.0,1.0,20.676285872953905,2.7311654773615937,20.70560878357526,2.7280031668801645,20.676285872953905,2.7311654773615937,20.70560878357526,2.7280031668801645,1.5374660532703903,1.70253394672961
6.059256315231323,0.9960648912652906,2.9775599603682688,1.023855829384608,0.9999105283067865,-0.011210235962086229,-0.006401226292084989,-0.003505751399590627,0.16163574527233238,1.1034666619424585,0.005371334943185702,-0.01673580191822386,0.00018769888522521952,-0.010726827321390499,0.0,0.0,1.0,20.676703309005283,2.746326752572748,20.705600289366185,2.743166293951199,20.676703309005283,2.746326752572748,20.705600289366185,2.743166293951199,1.5367965955738805,1.7032034044261197
6.069875717163086,0.9976835818615261,2.9886041501348752,1.0239083286125352,0.9999094099284174,-0.011292982600322517,-0.006400586238602286,-0.00355991241401687,0.16209924267912865,1.1053738325021076,0.0051280933437413195,-0.01650482478517037,0.00019223428991578084,-0.010722484453308987,0.0,0.0,1.0,20.677135947284153,2.7608558893178987,20.705622563487147,2.757696545548936,20.677135947284153,2.7608558893178987,20.705622563487147,2.757696545548936,1.5361598909227374,1.7038401090772628
6.079300165176392,0.9993069973140951,2.99966748187528,1.0239584063458047,0.9999082959130662,-0.01137450532282949,-0.006399928113032,-0.0036140438621222295,0.16258083221107622,1.107295011314543,0.0048870019899702535,-0.016246137701993377,0.00019654804887294205,-0.01071804654504428,0.0,0.0,1.0,20.677583163619843,2.774729175716847,20.705675940306424,2.77157024031706,20.677583163619843,2.774729175716847,20.705675940306424,2.77157024031706,1.5355569589191669,1.7044430410808333
6.089777946472168,1.000935314794024,3.010750094495906,1.02400608512966,0.999907188132188,-0.011454666802306824,-0.006399253608215016,-0.0036681443929418994,0.1630797708423883,1.1092299584971885,0.004648269874426364,-0.01596021673431625,0.00020062910294951119,-0.01071351886203551,0.0,0.0,1.0,20.678044318874072,2.7879242262650665,20.705760727427354,2.7847650247214766,20.678044318874072,2.7879242262650665,20.705760727427354,2.7847650247214766,1.5349887458985967,1.7050112541014035
6.099708080291748,1.0025687038415283,3.0218521243846976,1.024051389591374,0.9999060884665121,-0.01153333225521295,-0.006398564473498373,-0.0037222126980506914,0.16359527515329536,1.1111784103296232,0.004412104439679482,-0.01564760331278509,0.0002044680810434027,-0.010708906846691584,0.0,0.0,1.0,20.678518756780143,2.8004200706786158,20.70587716059066,2.797259961811146,20.678518756780143,2.8004200706786158,20.70587716059066,2.797259961811146,1.5344561217080914,1.7055438782919088
6.109224081039429,1.0042073259718105,3.032973705175286,1.024094346422411,0.9999049987993388,-0.011610369767766403,-0.006397862507075483,-0.003776247514544159,0.16412652324832402,1.1131400797740376,0.004178711146531721,-0.01530890396319311,0.00020805659239610626,-0.01070421610050263,0.0,0.0,1.0,20.67900578984615,2.812197233520367,20.70602538060927,2.8090356107486465,20.67900578984615,2.812197233520367,20.70602538060927,2.8090356107486465,1.5339598767721396,1.7060401232278606
6.1189210414886475,1.0058513343011204,3.044114967516575,1.0241349843554712,0.9999039210095765,-0.011685650619695002,-0.006397149551081732,-0.0038302476278806023,0.1646726568855492,1.115114657040053,0.0039482928751889985,-0.01494478967274059,0.0002113865777810018,-0.01069945236508343,0.0,0.0,1.0,20.679504683288535,2.8232378055143315,20.70620542934474,2.8200740980187256,20.679504683288535,2.8232378055143315,20.70620542934474,2.8200740980187256,1.5335007194705326,1.7064992805294676
6.1296303272247314,1.0075008731952206,3.0552760388482043,1.0241733341352088,0.9999028569645775,-0.011759049603898689,-0.0063964274874950015,-0.0038842118745892403,0.16523278382618395,1.1171018101948251,0.00372104924499268,-0.014555994888569021,0.00021445047369328946,-0.010694621502374409,0.0,0.0,1.0,20.680014651521997,2.833525507008418,20.706417249663872,2.830359180776649,20.680014651521997,2.833525507008418,20.706417249663872,2.830359180776649,1.533079273849062,1.7069207261509383
6.139087438583374,1.009156077942259,3.0664570431823543,1.0242094284821948,0.9999018085128388,-0.011830445340188322,-0.006395698232703438,-0.003938139144853785,0.16580598037089275,1.1191011858194744,0.003497175930517923,-0.014143316151258228,0.0002172416230974647,-0.010689729474099165,0.0,0.0,1.0,20.680534866654916,2.8430457437846917,20.706660684833512,2.8398763025366227,20.680534866654916,2.8430457437846917,20.706660684833512,2.8398763025366227,1.5326960776785488,1.7073039223214515
6.149738073348999,1.0108170744517435,3.0776581008923425,1.0242433020503157,0.9999007774766161,-0.011899720581290294,-0.006394963730971505,-0.00399202838495425,0.16639129404927466,1.1211124097120777,0.003276864024177744,-0.013707610368631235,0.0002197543777048671,-0.010684782320578604,0.0,0.0,1.0,20.681064469441072,2.851785655258059,20.706935480561995,2.8486126412422523,20.681064469441072,2.851785655258059,20.706935480561995,2.8486126412422523,1.532351580875401,1.7076484191245993
6.159378528594971,1.012483978981094,3.0888793285084835,1.0242749913781486,0.999899765644502,-0.011966762509338348,-0.006394225947941404,-0.004045878599539849,0.16698774644875733,1.1231350876363004,0.0030602994641962225,-0.013249792736062622,0.00022198397094632264,-0.010679786139065344,0.0,0.0,1.0,20.681602576933923,2.85973415500541,20.707241290239754,2.8565571496620947,20.681602576933923,2.85973415500541,20.707241290239754,2.8565571496620947,1.5320461442959548,1.7079538557040455
6.169046640396118,1.014156897891136,3.100120838521662,1.024304534834915,0.99989877476402,-0.012031463021108487,-0.006393486864489485,-0.004099688853716208,0.16759433617511188,1.1251688061138938,0.0028476625230179275,-0.012770834311819565,0.00022392645361858713,-0.010674747061786158,0.0,0.0,1.0,20.68214828730073,2.866881963516656,20.707577679930154,2.8637005880028807,20.68214828730073,2.866881963516656,20.707577679930154,2.8637005880028807,1.5317800389146337,1.7082199610853666
6.180000305175781,1.015835927431763,3.1113827391950313,1.0243319725615223,0.9998978065342942,-0.012093719000302861,-0.006392748470545081,-0.004153458274939836,0.1682100419285193,1.1272131332588422,0.0026391273389300227,-0.01227175925984938,0.00022557875466268682,-0.01066967123385947,0.0,0.0,1.0,20.682700683577426,2.873221633050525,20.707944130551894,2.8700355486243687,20.682700683577426,2.873221633050525,20.707944130551894,2.8700355486243687,1.5315534453923456,1.7084465546076546
6.190394163131714,1.017521153558807,3.122665134384262,1.0243573464070297,0.999896862598855,-0.012153432575260753,-0.006392012758626192,-0.004207186054712462,0.16883382567249153,1.1292676196507538,0.002434861471831508,-0.011753641776230558,0.00022693874881079485,-0.010664564791236487,0.0,0.0,1.0,20.68325883657916,2.8787475644981533,20.708340037860104,2.8755564727599507,20.68325883657916,2.8787475644981533,20.708340037860104,2.8755564727599507,1.5313664540378116,1.7086335459621886
6.199021339416504,1.0192126517829336,3.1339681233667043,1.024380699860705,0.9998959445386358,-0.012210511360564818,-0.006391281717238735,-0.004260871450064452,0.16946463587373345,1.1313317992449945,0.0022350254692139228,-0.01121760271857726,0.00022800526035595927,-0.010659433838817291,0.0,0.0,1.0,20.683821806646325,2.883456016193963,20.708764712132528,2.880259659183544,20.683821806646325,2.883456016193963,20.708764712132528,2.880259659183544,1.5312190651612088,1.7087809348387915
6.209657430648804,1.0209104870511798,3.145291800679828,1.0244020779797638,0.9998950538652147,-0.01226486868111438,-0.006390557324352138,-0.004314513784817183,0.1701014107936826,1.1334051903170466,0.002039772436472998,-0.010664805960476767,0.00022877803493673632,-0.01065428442889947,0.0,0.0,1.0,20.684388644723622,2.887345104659973,20.709217378657122,2.884143264809974,20.684388644723622,2.887345104659973,20.709217378657122,2.884143264809974,1.5311111898162844,1.7088888101837159
6.219184637069702,1.0226147136615507,3.1566362559692713,1.024421527312836,0.9998941920143536,-0.012316423777354221,-0.006389841540999997,-0.004368112450617656,0.17074308181241882,1.1354872964385914,0.0018492476132192916,-0.010096454495804402,0.00022925772409512475,-0.010649122540113496,0.0,0.0,1.0,20.684958393752808,2.8904147973240195,20.709697179157388,2.887207297270367,20.684958393752808,2.8904147973240195,20.709697179157388,2.887207297270367,1.5310426509237618,1.7089573490762384
6.23015022277832,1.0243253752108963,3.1680015738467953,1.0244390958192664,0.9998933603398913,-0.01236510199047796,-0.006389136304966232,-0.004421666907741354,0.1713885767640036,1.1375776074828101,0.001663587962193526,-0.009513786320462049,0.0002294458828760713,-0.010643954056987995,0.0,0.0,1.0,20.68553009090246,2.892666897312325,20.71020317410855,2.8894535995640083,20.68553009090246,2.892666897312325,20.71020317410855,2.8894535995640083,1.5310131847654347,1.7089868152345655
6.239878177642822,1.0260425045760746,3.1793878337584336,1.024454832784414,0.9998925601080307,-0.01241083492656835,-0.006388443524564087,-0.0044751766856603314,0.1720368232616989,1.1396756006563193,0.0014829217791673512,-0.008918070121285388,0.00022934495940222347,-0.010638784750277913,0.0,0.0,1.0,20.686102770496255,2.8941050204786443,20.710734346011044,2.8908858269498627,20.686102770496255,2.8941050204786443,20.710734346011044,2.8908858269498627,1.5310224428352117,1.7089775571647885
6.249554634094238,1.027766123928192,3.190795109863082,1.0244687887312016,0.9998917924920733,-0.012453560598790051,-0.006387765072572101,-0.004528641383374507,0.17268675199228556,1.141780741555022,0.001307368331447353,-0.00831060080364017,0.000228958269326805,-0.01063362025818027,0.0,0.0,1.0,20.686675467271098,2.894734564893493,20.711289603586515,2.891509416302192,20.686675467271098,2.894734564893493,20.711289603586515,2.891509416302192,1.5310699940304793,1.708930005969521
6.2597267627716064,1.02949624477952,3.202223470921757,1.0244810153282229,0.9998910585676327,-0.012493223546911193,-0.006387102780386311,-0.004582060669505743,0.1733372999597329,1.1438924852409913,0.0011370375304422587,-0.0076926948905254,0.00022828996311442492,-0.010628466068553246,0.0,0.0,1.0,20.68724721971156,2.894562673075794,20.711867786644493,2.8913315482134805,20.68724721971156,2.894562673075794,20.711867786644493,2.8913315482134805,1.5311553271645653,1.708844672835435
6.270170450210571,1.0312328680624805,3.213672980197721,1.0244915652947648,0.9998903593083696,-0.01252977493359633,-0.0063864584324168396,-0.004635434282156311,0.1739874136591772,1.146010277337354,0.0009720296413052363,-0.007065685827005394,0.00022734499266063052,-0.010623327502241996,0.0,0.0,1.0,20.687817073331466,2.893598187305225,20.712467671310925,2.8903611021837694,20.687817073331466,2.893598187305225,20.712467671310925,2.8903611021837694,1.5312778537786778,1.7087221462213225
6.279899597167969,1.0329759842399204,3.22514369536763,1.024500492303117,0.9998896955822746,-0.012563172617083788,-0.006385833760745951,-0.004688762028535024,0.17463605216286465,1.1481335551380238,0.0008124350306705041,-0.006430919224344771,0.00022612907609681013,-0.01061820969760194,0.0,0.0,1.0,20.688384083803967,2.8918515984053332,20.713087975432153,2.888608605287203,20.688384083803967,2.8918515984053332,20.713087975432153,2.888608605287203,1.5314369112296093,1.7085630887703909
6.2894837856292725,1.0347255734457,3.236635668443843,1.024507850878548,0.999889068148525,-0.012593381200032486,-0.006385230440072837,-0.00474204378435572,0.1752821901007639,1.1502617487290392,0.000658333952299126,-0.005789748078403031,0.0002246486577553029,-0.010613117596295968,0.0,0.0,1.0,20.688947319865655,2.889334988434549,20.71372736410546,2.886086174753597,20.688947319865655,2.889334988434549,20.71372736410546,2.886086174753597,1.5316317660276955,1.7083682339723048
6.299964427947998,1.0364816056544677,3.2481489457079937,1.024513696297324,0.9998884776549374,-0.012620372054495418,-0.006384650082975288,-0.004795279493014151,0.17592482051990802,1.1523942821182094,0.0005097963700172402,-0.005143527996543615,0.0002229108632480752,-0.010608055930429463,0.0,0.0,1.0,20.68950586598339,2.8860619677634816,20.714384455343115,2.8828074549439937,20.68950586598339,2.8860619677634816,20.714384455343115,2.8828074549439937,1.531861617398093,1.7081383826019072
6.309337139129639,1.0382440408793412,3.259683567655883,1.0245180844831392,0.9998879246360274,-0.012644123323146303,-0.006384094235512869,-0.0048484691645507595,0.17656295760797655,1.1545305743697551,0.0003668818174250217,-0.004493612466674163,0.00022092345161845567,-0.01060302921107234,0.0,0.0,1.0,20.690058824831365,2.882047607052173,20.7150578258753,2.878787549234389,20.690058824831365,2.882047607052173,20.7150578258753,2.878787549234389,1.5321256010373265,1.7078743989626737
6.318922519683838,1.0400128293960633,3.2712395689537352,1.0245210719023263,0.9998874095116843,-0.012664619897051343,-0.006383564373188429,-0.004901612874408115,0.17719563926810425,1.1566700407406203,0.00022963929417469119,-0.003841348200983594,0.00021869476579277456,-0.01059804171820393,0.0,0.0,1.0,20.69060531963688,2.8773083646698057,20.715746017088186,2.8740429473505325,20.69060531963688,2.8773083646698057,20.715746017088186,2.8740429473505325,1.5324227930362908,1.7075772069637094
6.3295578956604,1.0417879119921,3.2828169784058105,1.0245227154582133,0.999886932586466,-0.012681853370437151,-0.006383061897280956,-0.004954710761993049,0.17782192953345366,1.15881209381516,9.810719890322028e-05,-0.00318807058553149,0.0002162336813531452,-0.01059309749210187,0.0,0.0,1.0,20.691144496426833,2.8718620101213777,20.71644754108709,2.8685914487186555,20.691144496426833,2.8718620101213777,20.71644754108709,2.8685914487186555,1.532752213940494,1.7072477860595061
6.339024782180786,1.0435692202390223,3.2944158189333446,1.0245230723849912,0.9998864940495079,-0.01269582197305726,-0.00638258813156155,-0.005007763029054484,0.17844092081174817,1.1609561446349401,-2.7686700995346696e-05,-0.0025350992651476845,0.00021354955362622326,-0.010588200326182901,0.0,0.0,1.0,20.691675526178,2.8657275440613112,20.717160886859848,2.862452082412316,20.691675526178,2.8657275440613112,20.717160886859848,2.862452082412316,1.5331128329182206,1.7068871670817796
6.34993314743042,1.045356676786437,3.3060361075647506,1.0245222001414676,0.9998860939750392,-0.01270653048090167,-0.006382144319401733,-0.005060769937888918,0.17905173595168294,1.1631016038204178,-0.00014772526268406788,-0.0018837338910200696,0.0002106521636261303,-0.01058335376129013,0.0,0.0,1.0,20.69219760685795,2.858925115482218,20.717884526493833,2.8556450242837332,20.69219760685795,2.858925115482218,20.717884526493833,2.8556450242837332,1.5335035720075858,1.7064964279924144
6.359462022781372,1.0471501956756537,3.317677855436985,1.0245201563050665,0.999885732323488,-0.012713990106125252,-0.006381731621279263,-0.005113731809386277,0.17965353012486177,1.1652478826813455,-0.00026200192450498276,-0.0012352500561990398,0.00020755166357235648,-0.010578561081399273,0.0,0.0,1.0,20.69270996533742,2.8514759366694555,20.7186169213849,2.8481915118702923,20.69270996533742,2.8514759366694555,20.7186169213849,2.8481915118702923,1.533923310413904,1.7060766895860962
6.368972063064575,1.048949682671219,3.329341067807947,1.0245169984664437,0.9998854089431631,-0.012718218367190856,-0.006381351112682762,-0.005166649020929474,0.1802454925186223,1.1673943943127985,-0.00037052062650412445,-0.0005908954418444051,0.0002042585225363049,-0.010573825310689986,0.0,0.0,1.0,20.693211859153056,2.843402196508447,20.719356528373662,2.840113757663087,20.693211859153056,2.843402196508447,20.719356528373662,2.840113757663087,1.5343708888295575,1.7056291111704427
6.379593849182129,1.05075503560842,3.341025744079757,1.0245127841250707,0.9998851235724815,-0.012719238940326725,-0.006381003782413344,-0.005219522004161745,0.18082684783679945,1.1695405546737836,-0.0004732956958480632,4.811380699289711e-05,0.00020078347252921747,-0.010569149212072703,0.0,0.0,1.0,20.69370257810099,2.8347269727137188,20.720101805751714,2.8314348613066,20.69370257810099,2.8347269727137188,20.720101805751714,2.8314348613066,1.5348451137507708,1.7051548862492294
6.389227867126465,1.052566144754823,3.352731877832724,1.0245075705861326,0.9998848758427172,-0.012717081493528584,-0.006380690531278713,-0.005272351242636365,0.18139685760711952,1.1716857836460235,-0.0005703516984664245,0.0006805964429134414,0.00019713745539887224,-0.010564535286971537,0.0,0.0,1.0,20.694181445646844,2.825474143625375,20.720851219088036,2.822178721374892,20.694181445646844,2.825474143625375,20.720851219088036,2.822178721374892,1.5353447617529563,1.704655238247044
6.399813175201416,1.054382893183923,3.364459456869793,1.0245014148590676,0.9998846652812367,-0.012711781504510333,-0.006380412171171416,-0.005325137269364121,0.18195482129563517,1.173829506070931,-0.0006617232585346745,0.0013054091768471229,0.00019333157106440216,-0.010559985776362043,0.0,0.0,1.0,20.694647820142006,2.8156683003094365,20.721603246827087,2.812369947460491,20.694647820142006,2.8156683003094365,20.721603246827087,2.812369947460491,1.535868583680578,1.704131416319422
6.409403562545776,1.0562051571589863,3.3762084632712175,1.024494373558063,0.9998844913151885,-0.012703380063703928,-0.0063801694245223025,-0.005377880664271647,0.1825000772303077,1.1759711527568035,-0.0007474548475975383,0.0019214495903448821,0.0001893770273549545,-0.010555502662991842,0.0,0.0,1.0,20.695101095855428,2.8053346586793095,20.72235638563497,2.8020337722929334,20.695101095855428,2.8053346586793095,20.72235638563497,2.8020337722929334,1.536415308862955,1.7035846911370451
6.419099569320679,1.0580328065251847,3.387978873459178,1.0244865028047996,0.9998843532756094,-0.01269192366368478,-0.006379962924118581,-0.005430582051585183,0.18303200333611133,1.1781101614601266,-0.0008276005453102913,0.0025276586925574414,0.00018528509115179625,-0.010551087674710207,0.0,0.0,1.0,20.695540703825294,2.7944989726916107,20.723109155484362,2.791195964939811,20.695540703825294,2.7944989726916107,20.723109155484362,2.791195964939811,1.5369836491772055,1.7030163508227947
6.429684400558472,1.0598657051081681,3.3997706582720584,1.0244778581337186,0.999884250401909,-0.012677463976417891,-0.006379793213273214,-0.005483242097153983,0.18355001768630141,1.1802459778360261,-0.0009022237736649441,0.0031230231967096633,0.0001810670417987493,-0.01054674228879696,0.0,0.0,1.0,20.695966112544138,2.7831874489962525,20.723860104455937,2.7798827454697297,20.695966112544138,2.7831874489962525,20.723860104455937,2.7798827454697297,1.5375723030047577,1.7024276969952425
6.440152406692505,1.0617037111172614,3.4115837830480658,1.0244684944000702,0.9998841818466839,-0.012660057619896772,-0.006379660746327871,-0.00553586150572844,0.18405357887544305,1.1823780563560362,-0.0009713970066431037,0.0037065775017108824,0.00017673412713224544,-0.0105424677372665,0.0,0.0,1.0,20.696376828480258,2.771426663478919,20.724607813225443,2.768120701514947,20.696376828480258,2.771426663478919,20.724607813225443,2.768120701514947,1.5381799590548089,1.7018200409451913
6.449701547622681,1.06354667755154,3.423418207717856,1.024458465690971,0.9998841466808278,-0.012639765915603575,-0.0063795658894713935,-0.005588441018206684,0.1845421862208799,1.1845058611910413,-0.0010352014573784493,0.004277405382849947,0.00017229752210977,-0.010538265013033895,0.0,0.0,1.0,20.696772396436565,2.759243480061733,20.725350899215695,2.7559367070989564,20.696772396436565,2.759243480061733,20.725350899215695,2.7559367070989564,1.5388053000441362,1.701194699955864
6.459348440170288,1.0653944526071062,3.435273886905803,1.0244478252396951,0.9998841438988824,-0.012616654638239041,-0.00637950892185499,-0.005640981408863081,0.18501537980022234,1.1866288670575666,-0.0010937267449966025,0.004834641393688014,0.0001677682900244017,-0.010534134876856383,0.0,0.0,1.0,20.697152399746948,2.746664972091194,20.726088020399324,2.7433578440575985,20.697152399746948,2.746664972091194,20.726088020399324,2.7433578440575985,1.5394470062210002,1.700552993779
6.4703991413116455,1.0672468800839687,3.4471507700395474,1.0244366253433828,0.9998841724245946,-0.012590793759153968,-0.006379490036984526,-0.005693483482571498,0.1854727403332191,1.1887465600257825,-0.0011470705433670218,0.005377471983673837,0.0001631573464734412,-0.01053007786496193,0.0,0.0,1.0,20.69751646031397,2.7337183466035286,20.726817878741933,2.7304113263432797,20.69751646031397,2.7337183466035286,20.726817878741933,2.7304113263432797,1.540103758722972,1.6998962412770282
6.48009991645813,1.0691037997910147,3.459048801467418,1.0244249172843365,0.9998842311166327,-0.012562257184886022,-0.006379509344369251,-0.005745948072035589,0.18591388891702504,1.1908584382877792,-0.0011953382140280483,0.005905136338105227,0.0001584754262555053,-0.010526094297276549,0.0,0.0,1.0,20.6978642384952,2.7204308717180954,20.72753922327866,2.7171244274623745,20.6978642384952,2.7204308717180954,20.72753922327866,2.7171244274623745,1.5407742427604532,1.699225757239547
6.489651918411255,1.0709650479476593,3.4709679205833384,1.0244127512550583,0.9998843187744152,-0.01253112249216788,-0.006379566871405406,-0.0057983760350376655,0.18633848662439556,1.1929640128848649,-0.0012386424255479657,0.006416926949021006,0.00015373305325520748,-0.010522184286163002,0.0,0.0,1.0,20.698195432846788,2.706829807369771,20.72825085282158,2.7035244112561814,20.698195432846788,2.706829807369771,20.72825085282158,2.7035244112561814,1.5414571506195942,1.698542849380406
6.500358819961548,1.0728304575808474,3.482908061958794,1.0244001762871444,0.9998844341440165,-0.012497470660725627,-0.006379662565473033,-0.005850768251716979,0.18674623397472867,1.195062808392839,-0.0012771027615568072,0.006912189927279786,0.00014894051328590634,-0.010518347745585122,0.0,0.0,1.0,20.698509779733136,2.6929423395523227,20.728951618300158,2.6896384661968664,20.698509779733136,2.6929423395523227,20.728951618300158,2.6896384661968664,1.5421511844801041,1.697848815519896
6.5107581615448,1.07469985891619,3.494869155481438,1.0243872401841456,0.9998845759241047,-0.012461385805131217,-0.006379796296224264,-0.005903125621887487,0.18713687028815326,1.197154363564391,-0.0013108453196386217,0.007390325067618198,0.00014410782986395274,-0.010514584400614563,0.0,0.0,1.0,20.69880705281186,2.6787955182066554,20.729640424740246,2.675493643331709,20.69880705281186,2.6787955182066554,20.729640424740246,2.675493643331709,1.542855059045199,1.6971449409548012
